review,sentiment
"$25,000 Pyramid Clues: Deep Blue Sea. Tremors. Slither. Eight Legged Freaks.<br /><br />Pyramid Category: Movies that were funnier and more thrilling than Snakes on a Plane.<br /><br />Hell, with that definition I'd have to include the relatively harrowing journey of Ted and Elaine in Airplane! as superior to Snakes in both laughs and thrills.<br /><br />The sad truth is that this isn't even close to the mother of all unintentionally intentional funny snake movies: Anaconda! Besides the never to be seen again casting of JLo-Cube-O.Wilson-Stoltz-Wuhrer in the same flick, you had Jon Voight pulling off the all-time cinematic heist. His final scene alone represents everything SOAP tried and failed to do as a ""so-ludicrous-it's-fun"" movie.<br /><br />In the end, Snakes on a Plane is definitive proof that studio execs and fanboys make the worst collaborators possible. Every big scene had been discussed and dissected so much the last year, all that was left to amuse by opening night was the amount of fanboy flop-sweat that had to be mopped up at my theater. I heard more forced laughs here than at a studio taping for ""According to Jim"".",negative
"0.5/10. This movie has absolutely nothing good about it. The acting is among the worst I have ever seen, what is really amazing is that EVERYONE is awful, not just a few here and there, everyone. The direction is a joke, the low budget is hopelessly evident, the score is awful, I wouldn't say the movie was edited, brutally chopped would be a more appropriate phrase. It combines serial killings, voodoo and tarot cards. Dumb. Dumb. Dumb. It is not scary at all, the special effects are hopelessly lame. laughably bad throughout. The writing was appallingly bad. The cinematography is real cheap looking, and very grainy sometimes, and the camera-work is dreadful. Again, what really does the movie in is how badly all the actors are. Cheesy.",negative
"0*'s Christian Slater, Tara Reid, Stephen Dorff, Frank C. Turner, Mathew Walker, Will Sanderson. Directed by Uwe Boll.<br /><br />Based on the video game director Uwe Boll attempts to recreate the game into an action-packed nail biter sadly he doesn't succeed. Instead he makes one of the worst movies ever MADE! Even though he gets minor celebrity such as Christian Slater, Tara Reid and Stephen Dorff his movie lacks the necessary fundamentals that a movie needs to be good such as a story line, and some basic relativity of what's going on in the dark and the light. The movie bounces all around and Uwe Boll has no creative control. And not to mention the bad CGI used on making the monsters. Even though they did look cool and the feedings were well, a little lame. Honestly this is one of the worst movies ever made. My final rating 0/10.",negative
"102 Dalmatians (2000, Dir. Kevin Lima) <br /><br />Believed to be cured, Cruella de Vil (Close) is released from prison and sets out to make a new start in life. Things are going well for Cruella who is busy helping homeless dogs off the street. When the clock strikes on Big Ben, things turn bad. The hypnotic cure is reversed and Cruella is back, and this time she is determined to make that spotted coat she always wanted.<br /><br />Glenn Close reprises her role as Cruella de Vil and once again is the highlight of the film. Every scene with her in is worth watching in this dull sequel, which feels more of a repeat of the previous film, rather than a new story.<br /><br />She's Changed.  Ken Sheperd (Ioan Gruffudd)",negative
"102 DALMATIANS [Walt Disney]: I wasn't a fan of the previous installment and this effort has all the weaknesses of the first, a silly padded storyline, terrible over acting by Glenn Close, who hams up every scene as though she's playing for her own amusement, and incredibly borring and uninteresting lead actors. Once more the dogs are the only ""actors"" that seem ""real"" and thats a stretch. Another wasted effort here. GRADE: D",negative
"1/10 and that's only because I don't go lower with my ratings.<br /><br />skip this ""movie"" and wait for the last movie of the ""Trilogy"", don't buy or rent it. trust me you won't be missing a thing. the Architect brings no new info: _(spoiler)_ there have been more NEO's before him, he's like nr.6 or something. you could already figure something like that out from the first movie: Agent Smith telling us the first Matrix created didn't work because it was too perfect. Trinity died and Neo's ""love"" brought her back, where have I seen this before ? Oh right in the first movie the roles where reversed ! same as the action-scenes nothing new just with more opponents. the Action-scene (the 20+ ships) in the BIG battle which we didn't see (maybe in Revolutions ?), betrayed by someone (hmmmm, maybe the guy holding the knife who wanted to stab Neo?!) who pushed the EGM-button to soon.<br /><br />all in all a shameless ploy to make money (especially off the guys who went to see it more then once), which evidently worked like a charm.",negative
"11:11 a.k.a. Hell's Gate (2004) is another bad horror movie that tries too hard to be something it's not. A young girl has an imaginary play mate. One day whilst out in the fields playing with her friends, a couple of fugitives visit her parents and whack them off for no apparent reason. The young girl runs off and hides from the bad men. Years later, the girl grows up into a woman with problems. Losers at her school (looking like repressed homosexuals) flaunt their manhood in front of her when she rejected one of them. The girls hate her and life in general is miserable for her. A secret from her past returns to visit her. Who or what is it? Why does everyone hate her? What's her Guardian's problem with her? To find out you'll have to watch Hell's Gate.<br /><br />The new title makes absolutely no sense whatsoever. I don't know why people are given money to make such bad movies. This film is not even good enough to make fun of. It's a head ache inducing mess that'l confuse anyone who tries to make some sense out of it. Not worth your time.<br /><br />Not recommended.",negative
"11 years after this film was released only 5 people have reviewed it here on IMDb. There is a reason for this utter lack of interest in Across the Moon. It is coherent, but lacks all cinematic virtue. See this film for examples of terrible production in all respects. The opening credits for instance are white letters rising mechanically from a red background. The ending features Michael McKean staring out a prison window saying ""There's lots of mysteries out there."" followed by a clip montage/music video of all the uplifting moments in the tragically bad movie. Julinana Hatfield. Everything in between is awful. I struggled to find any value in this movie and have come up empty. Though it is hard to believe, even a cameo role from Burgess Meridith (always a crowd pleaser) only disappointed me further. This movie is like a mockery of what is special about movies. On paper the movie is below average. Women living together in a trailer. But what actually was produced was nearly unwatchable. The movie attempts to branch off in many directions but never follows through on any. The unappealing conflict of having their boyfriends in jail is never resolved. No conflict is ever resolved. There really is no conflict. The women attempt to become hookers, but that never happens. Instead they get jobs as a bartender and a shelf stocker. Sound exciting? IT wasn't. IT was stupid. And the bulk of the movie is the two women talking and generating contrived conflict. The women are capable actresses, but the script was beyond poor. Useless. This was a terrible movie, but it is even worst that they borough Burgess Meridith out of his retirement home to make it. Bad from start to finish. Like the lion without teeth, this film has no bite.",negative
"**1/2 for this Diane Keaton farce.<br /><br />Someone should tell Ms. Keaton, enough with your Annie Hall philosophy and hats.<br /><br />This flick is just too much as Keaton's daughter, Sara, dies in a traffic accident, while her boyfriend survives.<br /><br />Keaton, who could not be reached by phone at first, as she was in the sack with her pal and had pulled out the phone plug, grieves in a new way for grievers.<br /><br />She retreats to the summer locale where all of Sara's friends are staying. She cleans the house, sleeps for two days and then begins to reveal things which were better not to be revealed. It appears that sweet Sara slept with her girlfriend and the guy who ultimately married the latter. In addition, she had an abortion thanks to this guy. We're all now put on this guilt trip.<br /><br />Her only hope is to find the elusive diary that Sara kept. She also hopes that boyfriend,Adam, who is a playwright, will not include all this in another play.<br /><br />When the diary is found, it has been written in Japanese. Sara had a Ph.D in this language. It's not that great news for mom when an excerpt of the diary is translated by a Japanese cook in a Japanese restaurant.<br /><br />Naturally, everything seems to tie up nicely in the end. <br /><br />The title of this shmaltz comes from The Wizard of Oz. Every time mom and Sara would speak, they would both utter Surrender Dorothy.<br /><br />As if this isn't enough, during the course of this bizarre extravaganza of mourning, Keaton tells Adam not to be another Woody Allen in his film, Interiors, where he tried to successfully emulate Ingmar Bergman. Ms. Keaton also tries drugs with the group. Come on, folks, can we realistically believe that anyone in his right mind could mourn like this? <br /><br />Fair to mediocre best sums up this film.",negative
"'1408' is the latest hodge podge of cheap scare tactics. The kind that might make date-movie styled horror fans occasionally jump in their seat and scream in your ear, but disappoint audiences searching for a little depth and direction.<br /><br />John Cusak plays a writer who's made a career of writing books describing his experiences of staying in rumored haunted hotels. Despite assurances by patrons and owners that ghosts roam the halls, there is little to make him a real believer in the paranormal. When he learns of the history of Room 1408 at the Overlook Hotel--no wait, I mean, Dolphin Hotel in New York City--he decides it would make the perfect closing chapter to his latest book. But, Samuel L. Jackson, playing the hotel owner, strongly attempts to dissuade his guest with narration of the atrocities that have occurred in theat room since the hotel's opening many years ago. The story is simple and we, as possible skeptics, must sit through Jackson's lengthy foreshadowing ramble. <br /><br />In other words: be afraid! Be very afraid!<br /><br />Of course, it would be easy to convince audiences that they've just paid to see an edge-of-the-seat thriller if it didn't take so long to build up to this point. And also, if what followed was a lot more than cheap ""boos"" that become so frequent and arbitrary that eventually, you might soon expect them. The temperature in the room changes automatically. The walls drip with blood. The fearless writer can't open the door, etc. And after nearly an hour and a half of delivering these to audiences promised big thrills, you might sit and hope that at least you can be wowed by the ending. With suspicions of dream sequences and other derivative time-wasters, even that fails to quell our doubts that before the movie is over, we might finally have something to make the movie a little less than completely forgettable.<br /><br />Despite grand performances (as always) by Cusak, who essentially is the entire film, most everyone else of note is wasted (i.e. Samuel L. Jackson) in insignificant minor roles. The true mystery here is how this movie received such a high viewer rating. Ballot-stuffing ghosts?",negative
"15 years ago, Power Rangers was one of the shows that swept the nations, especially that of the youth. When I was a 3-year-old kid living in the Philippines, I would watch this show every Friday on ABS-CBN (Channel 2 over there). When the movie came out in 1995, it was all shock and awe to me when I watched it with my dad and 2 uncles. My grandparents even sent me a ""Balikbayan"" box full of Power Rangers stuff (including the easy-to-build Megazord figure and the stuffed toys of the Rangers). I even played the video games, and loved only one of them (""MMPR: Fighting Edition""), which was REALLY sad. Anyway, it was the show that set a stepping stone on my interest on robot series (especially anime mech series like ""Gundam"") Now that I'm 18, I'd like to think this show is pretty cheesy to me now. To prove this, I took a trip down memory lane by buying a 2-set DVD collection with ""MMPR: The Movie"" and ""Turbo: A Power Rangers Movie"" and watched both of them. I was like, ""Ugh. How awful. Just another junk in the attic for me."" For all of you people of my generation, this is NOT a show that you'd want to watch over and over again. I'm not saying to leave it behind for the rest of your life, but occasionally is not a bad thing now, is it? Instead of ""Power Rangers"", I'd recommend something like ""Mobile Fighter G Gundam"" (HIGHLY RECOMMENDED), ""Ninja Senshi Tobikage"" (aka Ninja Robots), or even the ORIGINAL Sentai shows that were the basis of ""Power Rangers.""",negative
"1914 was an amazing year for Charlie Chaplin. It was his first year in films and he appeared in more than 30 films! While most of these films weren't particularly good, they did give him a chance to slowly evolve his screen persona. However, by this film, the familiar ""Little Tramp"" character was still in development. Sure Charlie looked the part, but his character still lacked the sweetness and decency that he later developed. Instead, Chaplin often hit, kicked or did other nasty things to people for seemingly no reason at all.<br /><br />As for this very slight film, it is interesting to watch for the cast. While they are not familiar today, Chaplin stars along with Mabel Normand, Chester Conklin and Mack Swain--all exceptionally popular stars with Keystone Films. The problem with this film is that while it has a few nice scenes, the plot seems very vague and improperly developed. Chester and Mabel got to the race track (a very common theme in Keystone productions--it must have been located near a race track). Charlie and Mack show up and sneak in. Mack is chased by the police for doing this while Charlie slaps Chester around and steals his girl. In the end, for no apparent reason, the cops take Chester and Mack away--leaving Charlie with Mabel (who, oddly, didn't seem put off by Charlie's boorish behaviors).<br /><br />Unless you are a huge silent comedy buff or film historian, this is a very forgettable film that is only important in the evolution of Chaplin. What he and the other actors actually do on stage, while not unusual for a Keystone film, isn't particularly funny when seen today.",negative
"1937's ""Stella Dallas"" with Barbara Stanwyck hasn't exactly aged well--how anyone thought a semi-updated version of the story would work now is a real puzzler. Perhaps they thought jaunty, cheerfully brash Bette Midler could make something out of it, but this hoary script defeats her. Plot about a female bartender having a baby out of wedlock, and years later giving the young girl over to the child's wealthy father so she'll have a shot at a better life, can't escape tatty, old-fashioned trappings and sentiment. Midler works best with a movie director who can control her excesses, but that fails to happen here; Stephen Collins is stolid as the man who changes her life, but Trini Alvarado is well-cast as Midler's daughter. This is what used to be referred to as a ""woman's picture"", a wallow, but it doesn't pass muster because it stays too faithful to its 1930's origins. *1/2 from ****",negative
"1940. - A visit to the Lodz ghetto in Nazi-occupied Poland, recorded by a German cameramen with the naive co-operation of the Jewish community, is combined with archival footage, clips from international newsreels, and excerpts from related cultural films to portray the World's Jews as swindlers and parasites. This 'documentary' interprets Jewish life from the viewpoint of traditional anti-Semitism and Nazi ideology. A candid, cinematically-unique expression of racial hatred. I personally find this film frightening and highly offensive. One can only hope that such pictures as this will never reach the screen again.",negative
"1940's cartoon, banned nowadays probably because of the 'Black Beauty' gag, in which Daffy rides a black person as if it were a horse.<br /><br />The whole story takes place in a bookstore, where the characters of the books come to life every evening. So we have, among others, the Ugly Duck (Daffy) and the wolf of Wallstreet. They wind up in a chase after the wolf tricked Daffy with a phony duck (hence the title).<br /><br />And chase is all there is in this little cartoon, that doesn't have any real appeal nowadays. Only fun if you're a true fan of the Looney Tunes I guess...<br /><br />4/10.",negative
"1960's kid show with ex-vaudevillians playing handy men for hire. As you can expect they are a disaster at everything they do. Over the course of the 11 minute episodes (leaving 4 minutes for commercials in the 15 minute time slot), they do things like set up a fence between warring neighbors, help a magician on stage and deal with a found trunk and wallet.<br /><br />Growing up I had never run across this show (which appears to have been shot in New York). I thought I had run heard of or seen a most of the children's shows from the period either through having watched them as a kid or viewed them at nostalgia conventions. Until Alpha Video released it on DVD I had been completely unaware if its existence.<br /><br />The show plays like the Three Stooges mixed with Abbott and Costello as done by people aping the routines. (Indeed one of the pair claims to have created the legendary ""Slowly I turned..."" routine that Abbott and Costello perfected). Its not bad, but its really not good either since everything seems watered down. The timing is often off (Though that maybe due to bad direction) and the jokes were recycled years before the show first ran. Odds are you've seen it all before . On the plus side its the type of thing that would be perfect to introduce very young kids to the magic of vaudeville style comedy, however its going to be trying for parents to sit through even with the short episodes.<br /><br />For nostalgia junkies only. Everyone else should look to seeing an Abbott and Costello or Three Stooges original.",negative
"1975's MASTER OF THE FLYING GUILLOTINE is an amazing and wonderful film to watch. This isn't because the fighting is particularly inspired or because the film makes any sense at all. It's because the film is so silly and so over-the-top that it is a camp classic--bad, but enjoyably bad. The film stars a blind guy who has a Frisbee-like device on a chain that chops off people's heads as he expertly throws this at his foes! Who cares that the physics are impossible or that the film features such silly things as fighters with 12 foot long papier-mache arms or that the guy was blind! It's just a ball to watch from start to finish--and one of my favorite ""bad"" films and great to see with friends.<br /><br />Because of this film, I was eager to see THE FATAL FLYING GUILLOTINES (1977), though sadly it turned out NOT to be a sequel but a bit of a knock-off--taking many of the ideas from the original but neglecting to make the film as coherent or watchable. Sure, it's silly fun, but it never comes close to MASTER OF THE FLYING GUILLOTINE in entertainment value. Like the original film, there are these weird flying devices that sever heads, but they are quite different--with circular saw blades and almost a mind of their own. There also is no blind guy but instead are a bunch of baddies who really have no depth nor does the audience understand exactly what's occurring in this English-dubbed version, as the plot is completely incomprehensible. However, at the same time, some of the martial arts action is very good. While not up to the high standards of most Bruce Lee or Sonny Chiba films, the action is worthwhile despite the ludicrous and often confusing plot.<br /><br />Overall, this is a film that martial arts fans may like (despite its many, many, many, many shortcomings), but also one that others will probably turn off or laugh hysterically at instead of enjoying the action because the film is just so ludicrous. BUT, most importantly, it never comes close to being as funny or watchable as MASTER OF THE FLYING GUILLOTINE. Too bad.",negative
"1980 was certainly a year for bad backwoods slasher movies. ""Friday The 13th"" and ""The Burning"" may have been the best ones but there were like always a couple of stinkers not far behind like ""Don't Go Into The Woods Alone"" and this one. But in all fairness ""The Prey"" is nowhere near as bad as ""Don't Go Into The Woods"" but it's still not great either. One thing is that it's just boring and acting isn't very good but much better than ""DGITW"" and this movie actually has some attractive looking females to look at, all three of the female leads were stunning. One thing what is up with all that pointless wildlife footage it just seemed pointless and it looked as the director used that to just used that to fill up some time space.<br /><br />So, what was there to like about this movie? Well, there were a few laugh out loud cheese moments- I couldn't contain a fit of giggles when the final girl did a bizarre type of backwards moon-walk to get away from the kille and there were a few good kill scenes- my favourites being the girl suffocated to death with the sleeping bag; and the phoney looking.<br /><br />All in all The Prey is dumb, boring and the killer I didn't find scary at all, this movie could have been a whole lot better.",negative
"1983's ""Frightmare"" is an odd little film. The director seems to be trying to combine the atmosphere of classic '30s/'40s style horror movies with the shock factor of the then-exploding '80s slasher genre. It isn't totally successful (mostly due to very obvious budgetary restraints, and the less-than-professional caliber of its cast of young actors) but it still has its moments, mostly due to the classy performance (classier than the movie deserves) by the late German actor Ferdinand Mayne, who plays an aging old time horror movie star (ala Vincent Price) named ""Conrad Ratzoff."" At the beginning of the movie we meet the has-been horror star as he's shooting a commercial for dentures and we quickly learn that ol' Conrad is a bit of a hoity-toity, prima donna jerk-off. Just when you think he couldn't be any more un-likable, the commercial director berates Conrad for blowing a take for the umpteenth time and the old goat pushes him off a balcony to his death. Nice, huh? Conrad then visits some fans at a college campus horror movie club, unfortunately he suffers a heart attack in the middle of his speech to them and eventually ends up back at his mansion waiting to die. Still feisty even at Death's door, he manages to do away with a despised business associate by smothering him with a pillow before he finally kicks the bucket himself. Conrad is then laid to rest in true Hollywood style in a high tech neon tomb with video screens above the casket, which will play personal video messages from Conrad himself for visitors who enter to pay their respects.<br /><br />It is at this point that the kids from the college Horror Movie Society decide to pay Conrad's grave an after hours visit, breaking into the tomb and taking his body back home with them for an all night party. (Not exactly my idea of fun, but hey, these are characters in an '80s horror film. Logic has no place here.) The college kids spend the evening having dinner with Conrad's body seated in a place of honor, posing for photos with it and even dancing around the room with it, before parking Conrad and his coffin in the attic, planning to return him to his crypt in the morning. In the meantime, Mrs. Ratzoff, distraught over the theft of her husband's body, has called in a psychic friend to try and ""reach"" Conrad through a seance. You can pretty much figure out the rest from here. Since Conrad wasn't a very nice guy in life, it's not much of a stretch to assume that he won't be any friendlier in death. Psychic Lady makes contact with Conrad and he re-awakens in predictably ticked off fashion, then spends the rest of the movie strolling around the corridors of the students' ridiculously huge house, picking off the young grave robbers one by one. This is where the movie falls apart. Endless scenes of teens wandering around empty hallways saying ""Hello? Is anyone there?"" are intercut with occasional bursts of violence (we do get a pretty gnarly decapitation scene, which is the highlight of the movie) before the last two survivors finally figure out (WAY later than any semi-intelligent people would have figured out the same thing...but again, we're in an '80s horror film!) that the only way to stop the mayhem is to get Conrad's body back to its crypt where it belongs. The sluggish pacing is padded out with a lot of weird lighting and dry ice fog effects backed by a soundtrack made up almost entirely of sound effects rather than music(thunder, moans and groans, howls, etc.) that becomes severely annoying after a while.<br /><br />I can't really recommend ""Frightmare"" to anyone who didn't grow up watching cheap movies like this on late night cable back in the '80s. ""Modern Horror"" fans will doubtlessly find ""Frightmare"" incredibly slow moving and goofy. If you came of age in that magical decade, however, you may get a blast of nostalgia from ""Frightmare."" Fans of Jeffrey (""Re-Animator"") Combs may also want to check it out, as the future Dr. West appears in an early role here as one of the unlucky film students.<br /><br />I will advise the reader to avoid the version of this film on the EastWestDVD label (paired with Roy Ward's ""Vault of Horror"" and sold at dollar stores) because the print quality is terrible. I'm told the film has gotten a deluxe release via the fine folks at Troma, which seems appropriate. If you're a Troma kind of person then ""Frightmare"" will be right up your alley.",negative
"1983 was a bumper year for Stephen King books making it to the big screen. Christine, The Dead Zone and Cujo were all released within a few months of each other. While The Dead Zone was easily the pick of the bunch, Christine and Cujo were both pretty bad, and it's a close-run thing as to which is the lesser of the two. If pushed for an answer I'd say Cujo - marginally - is the weakest.<br /><br />Donna Trenton (Dee Wallace, fresh from success as Elliot's mom in ""E.T - The Extra Terrestrial"") is a mother whose marriage to husband Vic (Daniel Hugh-Kelly) is hanging by a thread. She's been having an affair with a local worker, and is now dwelling on whether or not to leave her husband. Dragged into the marital heartache is young Tad Trenton (Danny Pintauro), son of Donna and Vic, and a pretty messed-up kid with a chronic phobia of the dark which often leads to severe panic attacks. Donna and Tad take the family car to a nearby mechanics' yard for repairs, but as they arrive their car splutters to a halt. Things get a heck of a lot worse when they discover that the mechanic, Joe Camber (Ed Lauter), isn't there (he has been savagely killed by his pet dog Cujo, a gigantic St. Bernard which was recently bitten and infected by a rabid bat.) Soon, the dog has them trapped in their car and is trying everything to get inside the vehicle to tear apart these two hapless victims. The weather is swelteringly hot; not a living soul knows they're there; the car won't start; and the dog seriously wants their blood......<br /><br />Cujo has potential to be a genuinely taut siege thriller, but it never really clicks into gear. I've read the book and it is quite disappointing - certainly for King - so it's hardly surprising that the film version amounts to so little. On the printed page, King was at least able to generate a degree of tension, but the film is critically hampered by the fact that a St. Bernard simply isn't very scary. The ""visualness"" of the film medium serves as a constant reminder that Cujo IS a St. Bernard. In the book, it was possible to forget this. In the book, Cujo sometimes almost seemed to assume the guise of a monster. Even with the relatively short running-time of an hour-and-a-half, Cujo becomes a tedious and patience-straining experience, occasionally unintentionally funny and certainly never as suspenseful as it would like to be. They've even omitted the book's cruelly downbeat ending and replaced it with an ""all's well that ends well"" conclusion so that audiences can go home in a cheerful mood!!! Chalk this one down as yet another inferior King adaptation.",negative
"1989 was already a year in where Eddie Murphy wasn't that longer hot and started making movies that soon would be forgotten. Funnily enough, it was also the year in where Murphy directed his first film, but it also would be the first and last experiment. ""Harlem nights"" wasn't exactly what you can call a success even if it was great to see the two best black comedians together namely Murphy and Richard Pryor. Don't blame it on the actors as they all played their roles like you expected them do, even if you have to face (again) the typical Murphy-laugh. The worst thing from ""Harlem nights"" are both the scenario and its terrible decors. Everything is set in the roaring twenties and everybody has their profit from the forbidden clubs. Sugar Ray (Pryor) and his adopted son Quickie (Murphy) are gathering easily 10000 dollar per day but of course soon the mob and the corrupt police come around the corner to claim their part of the cookie. Sugar and Quickie aren't guys who give their money for free and have their own plans. You can watch ""Harlem Nights"" that's for sure, but if you puke from the moment you hear the name Murphy you better avoid as after all this movie is nothing but a lame excuse to see some good jokes.",negative
"1993 was a time of change in the WWE but for this Wrestlemania they decided to wind back the clock as Hulk Hogan returned, along with his good friend Brutus Beefcake, who had been out of wrestling since a paragliding accident in 1990.<br /><br />This was not a great event. Only two matches had any real build and the whole thing came off as being rushed. The in ring action wasn't great and the twist at the end, which I'll discuss later, really wasn't the earth shattering moment the WWE hoped it would be.<br /><br />This forgettable night started off with Shawn Micheals defending his Intercontinental Championship against the undefeated Tatanka. Tatanka had beaten Michaels a couple of times leading into the fight. Michaels had a new manager, Luna Vachon while Tatanka was accompanied by Michaels' former manager and future WWE Hall of Famer Sherri Martel. Tatanka won by DQ. Michaels kept his title and went straight back into his feud with Marty Janetty, which had been put on hold just for Wrestlemania. Why, I have no idea.<br /><br />Next up saw the Steiner Brothers (Scott and Rick) defeat the Headshrinkers (Samu and Fatu) with Scott scoring the pin after hitting Samu with the Frankensteiner. Good match.<br /><br />Doink the clown needed help from another clown to win his match against Crush. A second Doink distracting Crush when he was in complete control and allowing Doink to get the pin and the victory. Doink was an entertaining gimmick character, who got old rather quickly.<br /><br />Razor Ramon easily defeated the returning Bob Backlund in the next match.<br /><br />This brings us to the first in our double main event. As the Mega Maniacs Team of Hulk Hogan and Brutus Beefcake, with the newly turned good guy Jimmy Hart in their corner, took on Hart's former buddies Money Inc (Ted DiBiase and Irwin R Shyster). This was a fairly sketchy finish. Beefcake, as mentioned, had been in a paragliding accident requiring full facial surgery and had wrestled the match with a face mask on. Shyster ripped the mask off him and beat Beefcake to a pulp. The ref went down, Hogan grabbed the face mask and knocked out DiBIase and Shyster and then Hart, who was wearing a referee shirt, counted the three. Another ref came down and reversed the decision, declaring Money Inc winners by DQ.<br /><br />Next up Lex Luger or the Narcissist as he was also known at the time defeated Mr Perfect. This match came about because Luger was being managed by Perfect's old manager Bobby Heenan. Perfect had is feet on the ropes when he was pinned, but the ref missed it.<br /><br />The Undertaker picked up a lacklustre DQ victory in a pretty poor match against the Giant Gonzales. THe Undertaker had earned the ire of Gonzales' manager Harvey Wippleman in 1992 and Taker had defeated his big monster Kamala at Survivor Series. Wippleman vowed revenge and took it at the Royal Rumble as Gonzales attacked Taker, costing him the match. Gonzales dominated Undertaker in this match, but was DQ'd for choking Taker out with chloroform. Weird finish to a bad match.<br /><br />This bought us to our main event as WWE Champion Bret Hart, seriously challenged as champion for the first time, put his title on the line against Mr Fuji's unstoppable monster Yokozuna. Yokozuna controlled the early going, but Hart resisted and then took control. He had Yokozuna in the sharpshooter, surely he would give in and Hart would be established as an heroic hero after taking out the big monster. But Fuji had other ideas, throwing salt in Hart's face, rendering the Canadian helpless as Yokozuna got the pin.<br /><br />What a downer ending. But wait here comes Hulk Hogan. He's checking Hart to make sure he's OK. Suddenly Fuji challenges Hogan to a WWE Title right then and there. Hogan accepts. Fuji throws salt towards Hogan, but hits Yokozuna instead. Hogan hits the leg drop and wins the match and the title. What did I just watch? And so, what most fans thought was going to be the night we either saw Hart establish himself as a giant killer, or Yokozuna establish himself as an unstoppable monster, we instead saw Hulk Hogan pick up a meaningless title win. A title that he would not defend for three months. As a matter of fact this was the only match Hogan wrestled for the WWE before the King of the Ring PPV in June 1993.",negative
"1993 was the year. This was long before Phillip Seymour Thomas had won an Oscar. Who knew I would be an extra in a movie with him? I was actually a paid extra in ""My Boyfriend's Back,"" which was shot in a suburb of Austin called Georgetown, TX. The original title was ""Johnny Zombie"" (thank God the producers had a change of heart!) I was in the theater scene. I rushed out to watch the movie the day it was released in theaters. It is more of a comedy than a horror movie. But... for a good laugh, you might want to check it out. Nothing that is even close to ""Dawn of the Dead"" or even ""Shaun of the Dead"" quality, but the cheese factor is good enough. ciao",negative
"1999 will go down in history as the year the movie critic lead the general public astray. First they sent us to EYES WIDE SHUT. Then they hyped up THE BLAIR WITCH PROJECT and now MAGNOLIA which is by far the worst movie of the year. What is it about? Who the heck knows. Its full of self-indulgence and loaded with bad acting. I always like to stay and watch the credits, but when this thing was over I couldn't get out of the movie theatre fast enough. Most of the audience that attended the showing that I was at, felt pretty much the same way. Dates were arguing with each other as well as strangers. It's an ugly and hateful film that will make you feel ugly and hateful.",negative
"1. Aliens resemble plush toys and hand puppets, while having arms that don't function.<br /><br />2. Aliens mastered intergalactic space travel, but they don't know how to push an unlocked vault door open, yet can push open a door being held shut by five people.<br /><br />3. Old Security Guards know how to get a hold of C4, and are just waiting for the right time to use it, say, when they are suddenly fired for no explainable reason.<br /><br />4. Apparently, US Army boot camp, in the 80's, involved several sessions of ""garden tool combat"", including the pirouette spin of death.<br /><br />5. To impress your prudish girl friend, you have to ""save the world...err...neighborhood"" from aliens.<br /><br />6. All women are sluts, either openly or secretly.<br /><br />7. Scummy night clubs look like bad diners.<br /><br />8. ""Scummy"" waitresses double as dancers for The Fontanelles (how did they get talked into this?) who can only do bad 60's dance moves.<br /><br />9. Army privates secretly dream of being Rambo.<br /><br />10. Grenades apparently have a setting for ""flash-bang"". <br /><br />11. Being burned alive apparently only leaves one with minor burns on their arms.<br /><br />12. US Army Staff Sargeants apparently happen to always be in the area and do nothing about aliens in the area.<br /><br />13. Aliens apparently always ""go home"", which means back to the vault they were un-locked in.<br /><br />14. Aliens are attracted to bright lights, which apparently means in the Los Angeles area one would assume, the protagonist's house is the most brightly lit thing in the area.<br /><br />15. Showing 16 parking scenes in a movie makes the audience clamor for more.<br /><br />16. Vans from the 80's apparently have horrible suspension systems.<br /><br />17. Comedy is supposed to happen in this film.<br /><br />18. Horror is supposed to happen in this film.<br /><br />19. Spoofs and homages are supposed to happen in this film.<br /><br />20. This film cures insomnia.<br /><br />21. Apparently, garden tools make electronic keyboard noises whenever they are used, not just in fights (tell me I'm not the only one who noticed this).<br /><br />The simply truth is this film just came out wrong. Period. There isn't much meat on the bone, nor does it do anything really well. Even average. It's just bad. However, I've seen far worse, and the rake fight scene is pure comedy gold, intentional or otherwise.<br /><br />2/10 - Jaws 4 was worse then this. At least the film never took itself seriously.",negative
"1) Bad acting.<br /><br />2) For a bunch of castaways on an alien planet, it sure looked like home, especially with the houses and roads you can glimpse in the background.<br /><br />3) Terrible plot with stupid caracters making idiotic decisions and blithely losing precious survival equipment and clothing left, right and center.<br /><br />4) Cool 70's scifi jumpsuits (possibly the only good thing about this movie)<br /><br />5) Interesting ship at the beginning (this crew must have been watching Space 1999 a lot). Too bad it blows up so early. The escape ship also got sunk too fast. *sigh*<br /><br />6) Anthropologists might find some aspects of the movie interesting in terms of primate group behavior.",negative
"1 Bolo Yeung is in the movie ten minutes altogether including when he's serving iced drinks to his boss. 2 a lot of street thugs looking like junkyard keepers get instantly overpowered by the Asian superhero who talks like an illegal alien just out of the back of a manure truck. 3 (thug) let this to me -shirt off, gay model like muscles- heee-haaw! hee-heeew! hap hap! - he's dead on the floor with his neck, elbow, chin or balls broken - 4 cheap semi-sex scenes where the white broad come out of nowhere digs the Asian superhero. 5 Norton (former C action movies star ) does nothing but pose as an eccentric trendy weapon smuggler who traffics white slutty girls hand picked at a night club where they willingly follow some idiot posing as a millionaire snapping at them ( you reap what you sow ) 6 yes, the local police captain is involved and yes, the first butchered cop is the former patrol teammate of the super-hero ( yaawn! ). 7 Action scenes are fake, like A) hee-haw! Chinese tries some spinning kick B) skinny leg of Chinese to the throat of negro thug C) finishing death move to his head too much like Walker Texas ranger fake action 8 end titles finally<br /><br />utter rubbish. Those people are good enough only to be stand ins or body doubles in other C movies and be credited AT MOST collectively as ""stunt crew provided by the county prison "".",negative
"1 hour and 40 minutes of talking--boring talking, and more talking and then some. It is hard for me to grasp how an actress like Anne Parillaud, who shone superbly in Femme Fatale, would sign up for such a piece of crap! Unbelievable. If you need a nightcap, this movie might help, although I would prefer some nice classical music. unfortunately, i just found out that i have to write 10 lines for my comment to appear--that's almost as unbelievable! so, short and succinct one or two sentence commentaries expressing one's core take on a movie is not enough. geez, people. i made my point and don't to waste your time with more, unnecessary words--as this movie does. Wolfgang",negative
"1 How is it that everyone can understand each other perfectly without devices like universal translators or translator microbes? Did the creators of this show realize that people who were taken from different parts of the earth, in different time frames (Attilla the Hun wasn't a contemporary of preliterate Hellenic cultures, nor were the Vikings contemporary to the Pyramid builders) speak different languages and can never develop a language so similar to modern day English(except for the inflections they ""do not"" use), which has been influenced by Latin, ancient Greek, Danish and French? <br /><br />2 Cultural differences can't be overcome so easily, trust has to be won, yet everywhere the team arrives they are welcomed without any suspicion and start ordering people around like they are their appointed leaders. Of course real fans would comment that they are perceived as gods. The people they meet should be shocked by their technology and accuse them of witchcraft and the like.<br /><br />3 Historical background: none. Visually it might vaguely remind you of Greek or Viking culture, but anyone can dress in a bunch of tablecloths or run to a local costume rental for a plastic helmet with horns and claim to look the part. A small-town theater group probably has better props.<br /><br />4 Boring! Another lame Canuck production, which inexplicably ran for ten long years. As a kids show it could make the grade, but anyone who has a little knowledge about human behavior and language couldn't bear to even watch the first twelve episodes of season 1, like I just did. I very much wanted to believe I had found a decent sci-fi show, otherwise I would shut it of and cleansed my computer of this refuge after the first five minutes!",negative
"1) I am not weapon expert, but even i can see difference between U.S. army riffles in WWI and WWII. In movie we can see privates, armed with ""M1 Garand"" (invented in year 1932!), not authentic ""1903 Springfield"" (aka ""Silent Death""), who privates use until WWII. Difference - M1 can load 1,5 times more ammunition and 3 times more fire rate! M1 was semi - automatic, Springfield requires reloading after every shot. Little difference?! 2) German army uniforms has borrowed from 1940 Year too. Especially - helmets. German helmets until end of WWI have significant pike on top, we cannot see even one in movie. And if we make little additional search in archives - how much truthful is this ""True Story""? I am surprised, how much ""truthful"" can be film directors in a pursuit of cheap propagation.",negative
"1) If you want to make a movie that deals with social realism it's quite important that the audience identify with the characters that are being portrayed. 2) The audience can't identify with characters that are highly stereotyped or with situations that are to obvious. 3) If you got a bad actor then you can't build any character. Anyway, even if you got nice actors their job will result ridiculous if you force them to speak with a fictitious Andalusian accent.<br /><br />Jesús Ponce ignores those 3 points and also makes some cheap jokes that are completely out of place. His script is so predictable: a woman comes out of prison, she meets his old junkie boyfriend, life's tough, etc. Whatever, the fact that the story is everything but original wouldn't be that bad if only Ponce weren't a complete incompetent writing and filming.<br /><br />I wonder how long will they keep giving money from our taxes to make movies such as this one.<br /><br />*My rate: 3/10",negative
"1 is being pretty generous here. I really enjoyed BOOGEYMAN, even though it is not really the BOOGEYMAN promoted on the DVD cover and we all know it! It creeped me out. But this film, it is something else. For being directed by a guy who has been around a long time and directed a lot of movies, it looks like it was shot on a VHS camcorder by a 10 year old! The story and acting are atrocious! David Hess, you have let me down too. After playing one of the most menacing villains in film history, you have resorted to this? The story and acting may have been able to be forgiven however, if anyone had taken the time to make the video look somewhat professional. There are a LOT of shot on video films out there that don't look like it, or at least aren't so obvious that it detracts your attention from the film. I can't say it is the worst movie ever, because I couldn't make it through the entire film, but it is certainly close.",negative
"1) Men over the age of 25 that refer to themselves, without irony, as having ""game"", or being either a ""player"" or a ""baller"". Gentlemen, from here on in it's a swift descent into starring in your own real-life version of ""A Night at the Roxbury"". <br /><br />2) Saying ""The V.I.P."" The term ""V.I.P."" in and of itself isn't bad, but when preceded by ""The"" it instantly becomes part of the Douchebag Dictionary. This goes double for white people. <br /><br />3) People that make TV shows based on stuff that they don't know isn't cool and then go on IMDb posing as ""fans"", (...right...) moreover, one of whom is from the ""United States"" (hey, me too!) to bitterly insult members of their potential audience for inevitably thinking their show sucks. Minus 1 additional demerit point if they employ any variation on the oh-snap-nice-one-bro justification that ""If you don't like the show you obviously can't get laid."" <br /><br />4) Canadian Hip-Hop/R&B sensation Massari...a random addition to the list at first glance, but at the end of the day Massari gets the gas face for the simple reason that his particular brand of low-rent American-aping uncool and general Aqua Velva douchebaggery dovetails with the overall sensibility of ""Keys to the V.I.P."" <br /><br />5) Last but not least, ""Keys to the V.I.P.""...for all the above reasons and more.",negative
"1 out of 10.<br /><br />This is the kind of movie that you cant believe you just wasted 2 hours of your life as you see the credits role. I honestly think I could make a better Vampire movie.... and I know nothing. The only thing that does not just suck (harder than a Vampire) is Jason Scott Lee.... his character is at least a little bit cool, has some mystery, and kicks a little butt.",negative
"1- Stephen Baldwin doesn't care about his involvement in Stephen Baldwin vehicles.<br /><br />2- The acting in any Stephen Baldwin vehicle ranges from horrible to mildly passable.<br /><br />3- Writers don't write Stephen Baldwin vehicles, children do.<br /><br />4- Most of the Stephen Baldwin vehicles revolve around one genre- the Actionless Action genre. It basically consists of crappy action sequences made with little to no effort whatsoever. <br /><br />5- The director doesn't care about Stephen Baldwin vehicles; he passes his job to an orangutan from time to time.<br /><br />And now you know.",negative
"1st movie comment ever! I'll start with saying ""Come on! Wasn't THAT bad... was it?""... No it was't that bad actually. I laughed and giggled enough times through the movie so I cannot say with hand on my heart that it was rubbish.<br /><br />It's completely different, this and Epic Movie (Epic Movie sucked bad.. doh!). ""How so?"" people would ask. I'll tell you how. This movie is not as nearly as pointless, not to mention that the stupid (and I say stupid because it is, but being stupid makes it funny) stuff that happens around and with the characters is actually enjoyable in this movie. Not the best around but hey... what would you expect - look at the poster! Some people said it was stupid, I find that when writing a comment one should be more objective (my own opinion) but yeah, of course it was stupid, it's a movie about ""stupid""! Look, I'm not telling you to go and watch the movie now or else you missed the event of the century. What I am telling is that, if you happen to see the movie somewhere, please don't carve your eyes on the opening credits. See what it's all about - who knows, you might like it a bit.<br /><br />I give it 4/10 for not being so bad and making me laugh and some unexpectedly good sex-related jokes.",negative
"1st the good news. The 3-D is spectacularly well done, and they don't go for the gotcha gimmicks. The film is based on the true story of the high point in human history, and even features one of the actual participants in that story: Buzz Aldrin.<br /><br />And now the meat of the matter: It's about FLIES, for krissakes! Flies with big, googy human eyes, true, but flies nonetheless. Remember when I likened the ""Underworld"" movies to rats vs. cockroaches? That wasn't intended as praise, and I never dreamed anyone would take it literally. This one's got even less empathy going for it. Baby maggots? Ugh. In one of those odd confluences of Hollywood groupthink, this flik was evidently on the drawing boards at the same time as ""Space Chimps"", also about critters in space.<br /><br />Go rent ""Apollo 13"" and see a 9-rated movie about the REAL space program (RIP).",negative
"1st watched 10/29/2006 - 4 out of 10(Dir-John Stephenson): Mildly entertaining story of a group of five kids who are forced to live with their eccentric uncle while their father and mother fight & work in World War I as England entered the war. They are told not to go in the greenhouse of the uncle's mansion, which of course they do over and over, and they discover a sand fairy who them daily wishes that only last until the sun goes down. This is the ""IT"" referred to in the title, created by the Jim Henson group and voiced by Eddie Izzard. The problem is their wishes usually bring about other problems that they are supposed to learn from. This part of the movie is not done very well because it's obvious the children, primarily the Freddie Highmore character, do not learn from them but instead keep going back to ""it"" to solve their next big problem. ""IT"" is not nearly as funny as it could have been with the comedian Eddie Izzard really not given much opportunity to improvise and Kenneth Branagh is wasted as the eccentric uncle, although he is the best character. The children are fine as far as their acting abilities but the story probably would have been much better going into the fantasy realm but they did have a human story to tell as well, which probably caused the confusion with the filmmakers. So, all in all, this was an OK film but could have been much better.",negative
"1st watched 11/07/2004 - 1 out of 10(Dir-Jon Keeyes): Over-the-top rehash of 70's supposed horror flicks like Friday the 13th(versions 1 thru whatever). I can't think of much redeeming here except(or can I think of anything?)The story revolves around a bunch of stupid people listening to a radio program one year after some kids were slayed in the woods as an 'homage' to this, supposedly. But, lo and behold, one of the stupid people, have connections to the actual event because her sister was one of the ones murdered(again, how stupid is this that she would even be a part of this). Guess what? The murderer is at it again and we're tipped off from the very beginning who it is(so there goes any mystery whatsoever). And besides all this, where are the 'cops' and why doesn't someone call them. I can't believe this movie was financed by someone and made. You would think that by now the American people would be judged a little higher, at least in their movie-going experience, but not so by this filmmaker.",negative
"1st watched 1/1/2003 - 3 out of 10(Dir-Henri Verneuil): Sober drama about a well-to-do Doctor who gets into trouble carrying on a relationship with a younger woman, whom his family brings in to live with them, as well as being married to another in the same household. His searching for happiness is not clear, but they do bring out the reason for his unhappiness rather well by displaying the overbearing trait of the females in his wife's line. Well played, but predictable drama.",negative
"1st watched 11/7/2002 - 2 out of 10(Dir-John Bianco): Pretty lame gangster movie about a Godfather-like family in Brooklyn who like to say four-letter words a lot and kill people. The only thing of interest here was their attempt to show the feds being a lot like the gang. This is the only attempt at good film-making. The rest of the movie was predictable, and cheaply-made. The quality of the photography on some of the scenes inside bars and floozy joints almost made you think there was a problem with your DVD player because of the bad contrasts and some of the actors were hard to hear at times because of the bad sound. The acting was pretty-much characatures of all your favorite gangsters from better movies with corny names like Vinnie `Knuckles' and Jimmie `Tattoos', and the plot pretty much followed those patterns as well. So, go see a better gangster movie before you put your money out for this one.",negative
"1st watched 12/24/2009  4 out of 10 (Dir-Robert Ellis Miller): Emotional Christmas fluff that doesn't really get specific enough to explain how the real story happened in this factual-based incident of a man who is wrongly put in jail trying to get a job for his family to make Christmas happen for them. The three kids in the family then run away from home on a trek to Washington D.C. to enlist the then President of the United States, Herbert Hoover. This trek provides some side stories like their positive encounters with a hobo and a puppeteer, which makes the story kind of like a Disney ""animals on the run"" movie and doesn't quite fit here. At the ending, there isn't any details given as to how the President helped the family and this is another downpoint to the movie, in my opinion. The movie does eventually bring tears, but it takes too long to get to this. The movie isn't supposed to have been an original TV movie(according to IMDb) but it has the obvious fade-outs that make it look this way  so I'm not sure their information is accurate. All in all, this is a simple movie(that could have been more complex) with a happy Christmas-like story but blandly played and without a lot of substance.",negative
"1st watched 12/26/2008 -(Dir-Eugene Levy): Corny comedy murder mystery with very few laughs. The movie appears to be based on an earlier Italian movie according to the credits but was re-written by two fairly popular American romantic comedy writers. But this one by Charles Shyer & Nancy Meyers does not cut it compared to their other efforts. The story is about a couple of down-and-out traveling Americans, played by Richard Lewis and Sean Young, who stumble upon a lost dog and hope to make a fortune in reward money after seeing an ad in the paper for the dachsund's return. Upon trying to return it, they see a hand sticking out of a garage door at the lady's residence that they believe is attached to the rest of the dead body of the woman who is supposed to give them the money. They freak out and instead of contacting the police and telling them the truth they make out like runaways from the scene expecting to be framed for the murder. The other characters in the film are met on a train prior to this and hang around a Monte Carlo gambling resort doing various things to be pulled into the story. The other cast members include character actors John Candy, James Belushi, Cybill Shepherd, George Hamilton and others. After the police find out about the death, they start questioning the main characters and, of course, they have to work thru their goofy lies to figure out what really happened. None of the character actors mentioned earlier can bring this movie out of it's mediocre state despite some funny moments mostly provided by the Belushi/Shepherd couple. This isn't a horrible movie, it just isn't that good. There are plenty of average movies out there and this is just another one for the pile. Try it, maybe you'll like it, probably you won't.",negative
"1st watched 12/6/2009 - 4 out of 10 (Dir-Walter Lang): Disappointing musical from a character development standpoint, in my opinion, from this much-heralded Rodgers and Hammerstein piece. There a couple of good songs and a decent comical portrayal, at times, of the King of Siam by Yul Brynner -- but the movie doesn't really do a good job of presenting the situation and the settings. I can only blame the screenplay and possibly some of the acting as to why we don't fully understand the character's and their situations. I know it might be a little too much to ask of a musical meant for the enjoyment of the songs and the dancing, but even this part didn't stand out a lot for me. The basic storyline is about an English woman coming to Siam to teach the children about upscale European things. We find out later that the King is actually the biggest pupil. There is a side forbidden romance between the King's newest wife, played by Rita Moreno(a latino as an Arab--come on!!) and a former lover that causes some complications but nothing really mesmerizing added though. Deborah Kerr, as the main female character Annie -- is OK but not that convincing either. The King learns some things because of her presence and then the movie fades away as he does. This is really a miniscule story with some songs and dancing but not that great of an experience for a viewer really.",negative
"1st watched 12/7/2002 - 3 out of 10(Dir-Steve Purcell): Typical Mary Kate & Ashley fare with a few more kisses. It looks to me like the girls are getting pretty tired of this stuff and it will be interesting what happens to them if they ever decide to split up and go there own ways. In this episode of their adventures they are interns in Rome for a `fashion' designer who puts them right into the mailroom to learn what working hard is all about(I guess..). Besides the typical flirtations with boys there is nothing much else except the Rome scenario until about ¾ way into the movie when it's finally revealed why they are getting fired, then re-hired, then fired again, then re-hired again. This is definetly made by people who don't understand the corporate world and it shows in their interpretation of it. Maybe the real world will be their next adventure(if there is one.). Even my kids didn't seem to care for this boring `adventure' in the make-believe. Let's see they probably only have a couple of years till their legal adults. We'll see what happens then.",negative
"1st watched 2/16/2002 - 4 out of 10(Dir-Arne Glimcher): Mystery??/Thriller with too many ridiculous plot twists. Despite the very talented cast this movie is way too predictable and just downright under-estimates it's audience. The movie-going public is not stupid and I hope will not keep filling certain stars pockets again and again despite what they are involved with. We think that this movie is going to be about something with Connery's conviction against capitol punishment in the beginning but it turns out to be nothing but a standard, contrived for the audience's sake, run of the mill, let's never get it over with, thriller. We are pulled into every silly switch in character, as they are portrayed to us when it's needed in the story, and we're ready for this thing to be over way before it ends. Yes there is some good acting here, especially from Blair Underwood, Fishburne, and Ed Harris in a psycho-supporting role but the story does not work from almost the beginning to the very long-awaited end.",negative
"1st watched 2/18/2007 - 4 out of 10(Dir-Leon Leonard): Fair adventure movie based on a novel by the author of Moby Dick fame, Herman Melville. This movie is about the captain of a ship who had stolen the eyes(that were extremely rare black pearls) from a native tribe's God sculpture and hidden them somewhere that only he knew about before leaving the Island of Tivi. He got very sick and was on a secret voyage to go back to the island to retrieve the pearls for himself while others(like his daughter) thought that he was going back to be treated by the local medicine man. Others didn't know the reason for the voyage. A stowaway actually knew the real reason for the trip -- to return the eyes to their God. The silly part is that the pearls were hidden very close to the statue and all this time the natives ran their tribe without their God having eyes(causing them all kinds of problems). Along the way, we are treated(for some reason) to a short underwater nature show with an electric eel fighting a local octopus(I guess only Herman Melville knows what this was all about). Once they get to the island, the Captain dies but passes the whereabouts of the pearls to his daughter but she also gets the sickness curse as well. One of the bad guys finds out where the God is housed and convinces the daughter to go there and steal back the pearls but at this point the good guys find out what's going on and a fight ensues. I won't tell you the results of the fight or the ending, I'll leave that up to you to find out if you want. As I said earlier, the movie was OK, but some very silly things that I've already mentioned lessened it's impact. I wonder if that new ""Pirates of the Caribbean"" got some of it's plot from this one ---hmm black pearls, a curse( I wonder) Well, it doesn't matter, those elements didn't make for a very good movie in this case or the other. It seems they would learn they're lesson, but with the money rolling in on that newer movie I'm sure they won't. Oh well.",negative
"1st watched 2/2/2003 - 4 out of 10(Dir-Jim Kammerud & Brian Smith): Drab and un-spectacular supposed sequel to the original classic animated `101 Dalmatians.' Yes, the movie continues where it ended in the first one, but the problem is that it plays out much like the original. One of the great things about the original was the pacing of the story, which this one doesn't have. The animation is also very un-spectacular for Disney and all we get is the same characters going thru the same kind of story all over again. When is Disney going to stop boring us with sequels and re-do's etc.. etc. Probably when we stop renting or buying this mediocre fare that they have put out.",negative
"1st watched 2/25/2002 - 4 out of 10(Dir-George P. Cosmatos): Predictable action thriller where any frequent movie goer could guess what was coming next. Charlie Sheen is the good old boy to the President who just happens to be not liked by the rest of the presidential staff. Of course, he gets involved in a situation where he's framed over and over again and he has one friend in the White House, played by Sutherland, who naturally doesn't stay that way for very long. His other friend is a reporter played by Linda Hamilton(who has very little to do or say in this meaningless role), and of course his biggest and bestest friend is the President himself(Sam Waterston) who stays his pal till the end despite everyone else being killed around him. Brainless yet action-packed meaningless trife despite loads and loads of acting talent(all pretty much wasted.)",negative
"1st watched 2/28/2006 - 4 out of 10(Dir-Sydney Pollack):-DVD version I watched titled ""3 Days of the Condor""- So so CIA drama full of laid-back performances making for a very laid-back movie. The premise of the story revolves around 7 out of 8 members of a CIA research group being killed with Robert Redford's character, codename = Condor, being the one that was left. Who killed them and why? That's what Redford tries to find out while trying to not be the 8th victim at the same time. Along the way, he gets Faye Dunaway's character involved involved, originally because he needs a place to hide, and then she eventually helps him out after a little lovey-dovey time. This is one of a handful of innocent guy on the run stories but this one doesn't have a lot of suspense. The flat performances don't help and the finish doesn't seal the deal for the audience enough either. Despite having a good director in Sydney Pollack and a group of classic performers, the story and the performances are not what they should be and therefore the movie is not what it should be.",negative
"1st watched 2/9/2008, 4 out of 10(Dir-J.S. Cardone): Sexual political thriller that doesn't really succeed in any of these areas very well except early on where there are some interesting soft-core scenes. The movie starts off portraying a couple exploring their sexual fantasies amidst their work environments or wherever and whatever suits their fancy. The couple takes an excursion to a retreat and bathhouse where they run into a woman that's willing to be a part of a three-some and fulfill some of their fantasies. At this point, we only know that this couple is well off but we don't know until they return that the fiancé is part of a well-to-do political family. The man hopes to be on the rise to the point of possibly getting a congressional seat after the marriage. They then receive a package in the mail from an anonymous source with explicit pictures of their encounter at the bath house and their qwest begins as to how and why they were filmed, who sent the package, what they want, and how to clear their names before any of this gets out. This qwest becomes an obsession that leads them deeper into seedier worlds and takes a lot of their time, to the point where their friends & family wonder what they're doing all day and why they look rundown all the time. This movie is interesting at times but drifts into ridiculousness as they personally seek out the problem instead of getting the police involved early on because of their pride. This mistake, of course, keeps the movie going. The performances are fine despite the no-name cast but the lunacy of the situation overrides and the movie starts to become ho-hum about ½ the way through. And of course, they throw in a twist at the end that defies and challenges everything that happened prior(as is the norm these days when they don't know what else to do to spice up the movie). This doesn't help this movie one bit, though.",negative
"1st watched 3/17/2002 - 2 out of 10(Dir-Mario Pinzauti): Silly, sex-filled master & slave having too many intimate relations movie. This movie seemed to care more about the sex than the story and kind of worked the story around the sex. Laughable dubbing of the original Italian language in the version I watched with ridiculous ending where the attempt is made to give an anti-slave statement(or should I say one line). What a waste of time for everyone who watches this trash.",negative
"1st watched 4/29/2007 - 4 out of 10(Dir-Mick Garris): Campy vampire-like Stephen King movie has so many strange and goofy elements that you start laughing over the extreme weirdness about 3/4 the way into the movie and you wonder if this movie might have a cult following for King fans. It's the story of a mother and son who are sleepwalkers(a shape-shifting feline-like, flesh eating, life needing, near extinct breed of humanoid) who move from town to town searching for virgins to feed on to keep themselves alive. They come across as pretty normal upper-class folk except they are secret lovers and cats hang around the outside of their home, day and night. Cats are deadly to them, so they set traps in their yard to try and keep the population down. We get to see them break a couple of their necks when they attack(which is also a first in my movie-going experience) --- hopefully no real cats were harmed in the making of the film. The boy is after a sweet girl that he has a crush on until he turns into a ""sleepwalker"" and then he just wants her body. There is so much campy uniqueness to this movie that it might have been better if it was an all-out satirical comedy on suburban life, but the director instead tries to scare you every couple minutes until you wish he'd just get over it and bring out the gore. Eventually that happens and the movie winds down to it's typical Stephen King downbeat ending. The movie is interesting because King's humor comes thru more than usual but his weirdness is also very present and what you have is a movie that his fans will probably like and should have in their collection, but as a worthwhile movie experience it really doesn't cut it.",negative
"1st watched 4/30/2009 - 4 out of 10 (Dir-John Waters): Corny Waters-like comedy musical with some funny scenes and good parts but it didn't make a whole worthwhile experience. John Waters directed this music-filled spoof of the fifties scene with Johnny Depp playing the title role. This movie is very similar with what he did with the 60's spoof entitled ""Hairspray"" but this one is not as effective. Some of the tunes are catchy, some of the characters are interesting in their quirky Waters-like way, and the portrayals are fine although sometimes overdone. The storyline is similar to the movie ""Grease"", where there is a good group and a bad group. The guy from the bad group, Cry Baby, wow's a girl from the good group. The good girl then joins the bad group but once Cry Baby hurts her -- she falls back to the good group. This just sets up the ending where Cry Baby tries to win her back. Now, one difference that is expected in Water's movies is that the bad group doesn't appear all that bad all the time and the good group acts like they have a pole up their you-know-what. I definitely saw this in Hairspray, as well. The wacky and goofiness isn't really all that much fun in this movie, though and it just leaves us with a feeling like the movie could have been much better. The prime appeal of the Johnny Depp character is that he's able to make one tear roll down his cheek(thus his namesake) at various times and makes the women fall all over the place for him. This is overused and the basic bottom line is that the movie is OK, but not that great.",negative
"1st watched 5/17/2002 - 3 out of 10(Dir-Ewald Andre Dupont): Fairly lame account of the Titanic disaster is the first filmed version of this much-heralded event. The replication of the disaster is not bad, but the drama around it is at some times silly, badly acted and way-too soap opera-like. The story is very much the same as the most recent Oscar-winning one except that we are shown how the crew tried to hide the actual disaster that was occurring until almost too late. Good for nostalgia purposes only and to get a feel for what James Cameron was competing against(barely) in his recreation.",negative
"1st watched 5/26/2002 - 4 out of 10(Dir-Michael Almereyda): Weird story about a druid witch who tries to capture eternity by inheriting her granddaughter's body. At least I think that was the relationship. A kind of eerie quality is held throughout this film not unlike Stephen King's The Shining. The difference is that there was campiness in Nicholson's performance that isn't at all in this film. This is all taken very seriously until near the end when some lame one-liners and attempts at litening up the mood don't work at all. The performances are not the problem here, but the story is. Everything doesn't seem to come together very smoothly and the viewer is left with a lot of pieces of information and no real understanding of what happened in the film. There is a very small throwaway performance by Christopher Walken as the uncle of the granddaughter which, of course, gives him top-billing in an attempt to sell the film. Don't buy into this gimmick and avoid this film.<br /><br />",negative
"1st watched 5/27/2009 - 4 out of 10 (Dir - Harold Young): The 3rd Universal mummy movie is about the same as the first two as far as the final result from the viewer's perspective. The story is similar and the results are ho-hum. This time the story's location is the U.S. as the Egyptian priest's new follower sends a mummy to our country in hopes he can revive him to kill descendants of those who opened the original tomb. This time the mummy is played by Lon Chaney(which doesn't make much of a difference because he's really not asked to do much acting for this character). The new priest becomes a morgue-keeper in the town and sends the mummy out to do his dirty deeds after feeding him the tanna leaf juice. Again, a girl gets in the way, as the priest falls for one of the descendent's fiancé and wants her, yes--- to be immortal with him(haven't we heard this before?). The plan is, of course, thwarted as the townsfolk hunt down the mummy with torches(similar to the Frankenstein monster) and the burning of the creature ends the story...how do they get a sequel?? I guess you'll find out with the next one in the series ?? or not.....",negative
"1st watched 6/18/2009  2 out of 10 (Dir- Pete Riski): Weird psychotic movie about a girl with autism who is being tested in a hospital, the power flickers, and then all hell breaks loose. I'm honestly not sure what the intentions were of the filmmakers on this one. What we get for the next 1 hour and a half(at least it wasn't longer) was a twisted horror/twilight zone/zombiefest/ghost movie that really ended up making no sense at all even to the very end. Initially, after the power goes out, everyone is missing in the hospital except for a small group of misfits including the girl and his father. There is the typical annoying character, a creepy old man, and the typical tough guy similar to many scarefests and, of course, the young girl the main character gets attracted to. Random stuff starts happening at various times like ghosts and monsters appearing, a hinting that time has stopped, and dead people as this small group try to escape whatever they're in. Of course, the autistic girl is the center of everything somehow and I really hate how they used this girl's affliction and insinuated that she was the cause and to place it in a hospital where people are cared for is really lame. We never really find out the answer to what was going onwhich is very strange, so please avoid this dog. Unless you want to be creeped out and confused for one hour and a half this is not for you or any moviegoer. What a waste of timereally!!",negative
1st watched 6/21/2001 - 2 out of 10(Dir-Emmanuel Itier): Pretty much worthless supposed thriller that spends more time drawing us into sexual encounters with and without the star 'Amber Smith.' It tries to wrap a story around the sex scenes but as usual with these types of movies it is not done very well. I was so bored with this movie that I actually fast-forwarded thru the ending to get it over with. The video version I watched was called 'Tell Me No Lies.',negative
"1st watched 6/24/2007 - 4 out of 10(Dir-Stefan Rujowitzky): OK thriller, but a little too predictable. This story is based in Germany, which is also where the movie is made. It is about a young medical student who gets a shot to go to a premiere school in Heidelberg and arrives seeing some strange things occurring. Someone she met on the train there and saved, shows up on the school's experimentation table and she's suspecting foul play right away. She does some investigation and the disappearance of her friend leads her to a secret society called AAA(and no it's not Alcoholics Anonymous) that has something to do with the anti-Hippocratic oath and is used to perform experimentations on live people that doctor's wouldn't normally be able to do. She finds out her grandfather(who was a dean at the school) was a big part of establishing it and it's pretty readily filled by members of the school. It's an interesting story but the problem with this movie is how quickly the audience is told what's going on and then it's kind of a horror movie with the heroine fighting off the bad boy of the group that's taking things to the next psychotic level. Although this movie was made in Europe, it plays to a young American audience with it's focus on gore, sex and the horror film premise(which is really it's big downfall) and explains why it probably made good money and spawned a sequel but doesn't necessarily make for a good movie.",negative
"1st watched 7/19/2003 - 1 out of 10(Dir-Brad Sykes): Ridiculously lame 3D movie which pretty much follows the plots of many 80's teen slasher flicks. Stupid kids go to a known murderous camp site, become hunted by an unknown masked man, and then we try to figure out who, if anyone, is going to live. We really don't care who's behind the mask but even that's not hard to figure out if you've seen any of these kinds of movies. What a waste of a 3D viewer despite somewhat decent 3D effects.",negative
"1st watched 7/29/2001 - 4 out of 10 (Dir-Mark Dindal): Fast-paced, frantic animation effort by Ted Turner's feature animation group plays a lot like tv cartoons and leaves a lot to be desired in the area of likeable characters, but definetly has extremely unlikeable villains. I'm not even sure why the kids would like this movie because there are so many references to old movie stars that kids know very little or nothing about. Mediocre effort at best despite raves on the box comparing it to Disney efforts like Aladdin and Lion King. Don't let this fool you -- there is no comparison in story or quality.",negative
"1st watched 8/26/2001 - 3 out of 10(Dir-Tobe Hooper): Scary, yet sadistic(which makes sense) portrayal of a relative of the Marquis De Sade carrying out the same sadistic acts and enjoying it that supposedly his predecessor did. This Tobe Hooper film really doesn't do a whole lot different than his similar in style Freddy Krueger movies with the same star (Freddy himself - Robert Englund) playing a dual role(the Marquis De Sade and his relative). It is also seems like it wants to really poke at Christianity but then loses that in the end much to my chagrin but leaving an inconsistent feel to the movie. Could have been much worse if excesses were taken in sex and violence, but they try to keep this at a minimal despite some disgusting scenes. My final thought is why would Hooper want to make this movie. It obviously took awhile to actually get distributed, then it has to be advertised gruesomely and with Hooper's name in the title to hopefully make some money on his name and his gore. It's obvious this didn't work.",negative
"1st watched 8/3/2003 - 2 out of 10(Dir-Brad Sykes): Mindless 3-D movie about flesh-eating zombies in a 3 story within a movie chronicle. And yes, we get to see zombies eating human flesh parts in 3D!! Wow, not!! That has been done time and time again in 2D in a zombie movie but what usually makes a zombie movie better is the underlying story not the actual flesh-eating. That's what made the original zombie classics good. The flesh-eating was just thrown in as an extra. We're actually bored throughout most of this 3-part chronicle because of the lame(twilight-zone like) easily understood and slow-pacingly revealed finale's. The last story is actually the story the movie started with(having a reporter investigating a so-called ghost town) and of course we get to see flesh eating zombie's in that one as well. Well, I think I've said enough. Watch the classics, not this 3D bore-feast.",negative
"1st watched 8/7/2004 - 3 out of 10(Dir-Brett Thompson): Silly, juvenile-focused movie about three kids being zapped into their favorite cartoon with their parents experiment. The script left much to be desired in this Hanna-Barbara like rip-off of some Saturday morning 'live-action with people in dinosaur costumes kids show' with some goofy cavemen hanging around. Nothing really to admire about this and nothing much to be said either. I'm just amazed I found this at a Blockbuster video store as bad as it was and the way the stores are ridding themselves of old VHS movies. I guess they couldn't even sell it, so back on the rental rack it went.",negative
"1. The Largest Amount of Money Spent was on the package of hot dogs they put on that guy's stomach, the ones that were supposed to be intestines. 2. Ken Shamrock is in it. 3. Ken Shamrock gets destroyed. (he doesn't die which is sad.) 4. It leaves you wanting more... aspirin. 5. The makers of the film are the kind of people who don't care what their monster looks like. ""Just give him a $30 mask."" ""Good enough for me."" 6. The Scarecrow RUNS A CHICK OVER. AWESOME. 7. The film-makers don't actually make their actors sing or play the guitar. 8. The Scarecrow uses a volleyball pole as a javelin and impales the dude who doesn't actually play the guitar or sing. 9. The Scarecrow can choke a dude in like 3 seconds. 10. It makes you actually think of all these things and write them down for other people. god what am i doing.",negative
"1 thing. this movie sucks BIG TIME..i was into singaporean comedy when Chiken Rice war came along. But, this time, even Gurmit Singh (well-done) acting cant pull this one of. A total failure of following HK's Shaolin Soccer. Next time: do ur own thing!",negative
"#1 Vampires vs. Humans<br /><br />#2 Military-reject roughneck squad as first responders to dangerous, unknown Vampire incursions.<br /><br />#3 Sexy female Vampire on the side of the ""good guys"".<br /><br />#4 Plenty of gore and action.<br /><br />There are four (4) major plot devices that may help you decide if you want to watch this movie. If you want all four, then the next plot device may not deter you...<br /><br />#5 In outer space.<br /><br />That last one almost got me too, but I'm glad I watched. In a pile of terrible direct-to-video horror that is the Sci-Fi channel Halloween marathon... this movie is a breath of fresh air. It will stand-up against any of the other Sci-Fi channel offerings, and even against the other Vampire movie Natassia starred in (who keeps giving Uwe Boll money?).",negative
"2001 is one of those movies where, if you don't like it, you are told that you don't 'get it' and need to look at the deeper meaning and symbolism. You're told that you clearly have a slow attention span, and just want to see sex, explosions, and have the plot handed to you on a platter.<br /><br />Let's break down the movie shall we? Three minutes of blackness, with something that sounds like a dying hippo in the background. Then we get the opening credits. A minute of fascinating shots of the Savannah. Then a bunch of monkeys find a black rock and start killing things with bones. Cut to the first of many 20-minute shots of ships doing things while the 'Blue Danube' plays in the background. A bunch of pointless dialogue, and a group of moon scientists find another monolith.<br /><br />Cut to a spaceship that's too long for the crew complement--three sleeping people, two people named Dave and Frank, who have only slightly more personality than the stiffs in hibernation. And then there's HAL, the 'perfect' supercomputer who runs the ship. Predictably, he snaps and starts breaking the First Law of Robotics. Now this is something that has potential. An evil, coldly ruthless super-mind who controls the surrounding environment and can predict your every move. And what does he do? He lets one guy float into space and turns off the hibernation machines so the three sleeping guys die, leaving Dave floating in a pod. He simply uses the airlock, puts on a spacesuit, and turns HAL off--agonizingly slowly. Then, apparently, there's some psychedelic 'evolution' at Jupiter.<br /><br />Here's the movie with the pauses taken out: Apes see monolith, kill things. Scientists find moon monolith. HAL kills people. HAL dies; Dave gets a prerecorded message, and evolves at Jupiter.<br /><br />This is not me 'not getting it.' This is me being bored to tears by long stretches of absolutely nothing. Sure, it's realistic, but I find I have no reason to care. No matter the message, no movie can be good without being entertaining. Frankly, every character could be replaced with Keanu Reeves, and nothing would change.",negative
2001 wasn't perhaps Eric Roberts best year. Both Raptor and this came out. Watched Raptor a while ago and really thought it sucked and being Erics worst. But that had it´s share moment of fun and D-standard. This one doesn't have a thing.<br /><br />Tommy Lee Thomas is the name of the probably worst actor in these days. The story lacks any punch and the whole thing feels even slower than a snail breaking in curves.<br /><br />The two thing that stands out are Martin Kove and Eric Roberts. You could argue about their effort being good or what but compared to the rest they are above all criticism.<br /><br />I say thank you Roberts see you next time (and hopefully a better one).,negative
"2002's undeservedly popular ""I Love the 80's"" is an inane, idiotic, offensive and downright disgusting pop-culture mess of a show that was the first in a long-line of horrid television programming that ultimately spelled out the end of VH1, which was at one time the only real music-oriented channel left on TV! I used to practically live on VH1 up until the spring or winter, I forget which one now, of 2002 when garbage like this started to appear for absolutely no reason whatsoever. Out of sheer morbid curiosity (I'd guess that's what you'd call it) I had decided that I would go ahead and give it a look-see anyhow the first night it came on even though the advertisements looked like complete crap. At least I can honestly say that I wasn't a bit disappointed by it because my expectations were obviously bottom basement-level to begin with. The emphasis of this show I found out within the first 5 minutes was less on each year of the 1980's and what was and wasn't culturally significant or popular (which is what I was expecting to see), but instead more of an impromptu platform for a whole slew of really god-awful no-name comedians to display what they more than likely think is their comedic skills *rolls eyes*...more like lack-thereof if you ask me! It's pretty easy now to see why no one had ever heard of any of these idiots before they appeared on this show because they are all so terribly unfunny and pathetic in their attempts at so-called ""humor"" that I swear I could feel my intestines knot up with each and every rancid one-liner they shot off one after another! Altogether, I have no problem in saying that ""I Love the 80's"" was/is trash of the lowest denominator, and one of the main reasons why I almost never watch VH1 anymore.",negative
"2005 gave us the very decent ""gore porn"" flick Hostel, and 2006 gave us Live Feed; a not so decent rip-off of Hostel. Live Feed follows pretty much the same formula as Eli Roth's earlier film, except this time the dumb kids are in Asia rather than central Europe. The plot focuses on these dumb kids, and one of them has annoyed one of the locals so they find themselves in trouble. The locals decide to lock them all in a theatre, and kill them. Despite the fact that I'd heard some less than favourable things about this film before seeing it, I still hoped that it might be at least half decent because director Ryan Nicholson previously made the very decent 45 minute rape and revenge film 'Torched', but this film falls down simply because most of it is either ridiculous or boring. The film is obviously trying to hark back to the good old days of Grindhouse cinema (which Hostel did, successfully), but it really doesn't come off. Surprisingly, considering Nicholson's previous work in special effects - not even the gore is impressive...although it is a lot better than the acting! There's not much else I can say about this film...it's bad and not in a good way. Avoid it!",negative
"20 people rated this a 10! That ballot box was stuffed better than a Christmas turkey! Speaking of turkey's, here's a traditional story hoping to piggy-back on the current poker craze - without success. Told entirely in linear flashback, and when I say ""told"" I mean TALKED TO DEATH, this film never let's a picture suffice when words can be used to exposit.<br /><br />Stu Unger's childhood fascination with cards and his associations with hoodlums might sound like interesting movie material, but the director manages to suck the life out of them. At no point did I feel the least bit of sympathy for Unger, a genius at cards who threw it all away on other forms of gambling at which he was not so proficient. Of course, this leads, as we wade through THREE musical montages, to the inevitable downward spiral of drugs, loss of family, and finally his redemption (sort of). Big yawn!",negative
"20th Century Fox's ROAD HOUSE 1948) is not only quite a silly noir but is an implausible unmitigated bore of a movie. Full of unconvincing cardboard characters it is blandly written by Edward Chodorov, who also produced, and is surprisingly directed by Jean Negulesco from whom one would expect a great deal more. Miscast is Ida Lupino in the leading role! Lupino, a lady who was capable of exuding about as much sex appeal as a blood orange, is here under the illusion she is Rita Hayworth playing the part of a sexy bar-room Torch Singer. Handsome Cornel Wilde as her lover is as wooden as usual and totally wasted is the talented Celeste Holm who's role is little more than a bit part. Then we have Richard Widmark who has the most ludicrously written part in the picture! When we first see him he is a nice O.K. guy who runs a thriving Road House. Then suddenly - and for reasons that are not sufficiently made clear - he becomes insanely jealous of his manager (Wilde) when the latter tells him that he is about to marry Lupino. You see Widmark wanted to marry her himself but - 1) He never proposed to her - 2) They never had a relationship (they don't even have anything that resembles a love scene together) and - 3)without telling anyone (including Lupino) he has obtained a marriage license. Wow! So how Widmark was to achieve something like wedded bliss with Lupino after such a ""courtship"" is anybody's quess. Huh? Well, when Widmark goes to pieces over the whole affair so also does the movie I am sorry to say. From here on the Widmark character turns unintentionally comical! His losing his marbles so early in the proceedings is totally implausible and unconvincing. He finally goes over the edge, becomes completely deranged and with a few Tommy Udo sniggers, he laughably goes gunning for poor Cornel Wilde before biting the dust himself.<br /><br />And if that isn't enough of a mess of a movie for you - the picture is also marred with a constant use of studio sets and indoor exteriors. There's not a single outdoor shot in the entire movie! Added to this - 95% of the film takes place at night.<br /><br />Besides an interactive press book and a photo gallery the extras also includes a featurette ""Widmark & Lupino At Fox"". Whatever prompted such a documentary is beyond me! As far as I know they were never before together in a movie at Fox or anywhere else! However this featurette is hosted by such heavy hitter know-alls as Robert Osborne, Eddie Muller, Rudy Belhmer and a few others who amazingly heap praise on this wearisome and cringe - inducing affair. All I can say then it must be me I guess. But ""Road House"" up to now was a forgotten and buried Noir and as far as I am concerned it should have remained so.<br /><br />Fox would do better if they issued DVDs of superior and thus far elusive Widmark movies like ""Down To The Sea In Ships"" (1949) and the colourful ""Red Skies Of Montana"" (1952).",negative
"20 years ago Dr Chopper(yes, he is driving a chopper as well as chopping people up) disappeared when the police found dead bodies at his clinic. Since then people have been disappearing around Lake Tanoka(or something) and dead bodies/parts of bodies has been found all over the place. Turns out Dr Chopper needs body parts to stay alive and has been taking them from strangers, like pair of lesbians and 5 sorority girls on their initiation(you get the picture) traveling through Lake Tanoka. When a bunch of teenagers decide to go camping they are bound to clash with the doctor.....<br /><br />Well, if you wanna waste some time this is the right choice. Acting varies from really bad to mediocre with the girls tripping and falling all the time for no apparent reason. Every chance of showing skin is taken but without actually showing anything at all. The same goes for the special effects who are pretty pathetic with every slash filmed in an angle so you cant see it but there are a lot of body parts in the movie all drenched in blood(probably to cover up how sad they really look ). The plot is pretty faulty and dialog rather sad. Only time I laughed was when Dr Chopper said: ""Howdy!"" when trying to be scary. Don't watch this one if your not a hack'n'slash freak. Even then I would recommend you to watch something better.",negative
"210 minute version (extremely hardcore, or so I hear) or the R-rated version released into theaters? Both are terribly awful, of course. Peter O'Toole and Malcolm McDowell have both claimed they wish they had never made this film (the latter of the two men reported this in an IMDb interview!), and I can see why. Nothing but a nonsensical mess of softcore porn and a half-hearted attempt at a plot.<br /><br />Not much of anything here, other than cheap tricks and stupid scenes. I liked what McDowell himself said about the film: ""It was like one moment I'd be staring, admiring my mule or something, and the next scene would be two lesbians going at it.""<br /><br />How true.<br /><br />What an awful movie.<br /><br />1/5 stars.",negative
"2/3 of this movie is recycled footage of the previous movies, a fact that's sadly obvious even to someone like myself who hasn't seen the original movies. And somehow it feels like a rip-off even though I haven't seen the stuff before. It's like that episode of every TV show where the characters sit around a photo album or something and you just see recycled footage of other episodes. I've seen some producers do extended montages of recycled footage, but never anything beyond 5 minutes or so. This movie is mostly stuff that had already been seen by audiences, so you could mount a case that it's one of the biggest rip-offs ever foisted on the motion picture public.<br /><br />I got to see it in the theater, in a 16mm print, which is good enough I suppose considering how rare this kind of material must be on film these days. I give the movie some credit for semi-convincing Gothic atmosphere and for unintentional humor, but that's about it. The Aztec mummy monster looks good, even has some mobility in his face which is better than most movie monsters of the period. But the robot is pitiful, although it's interesting that they made the human face totally visible. It's a ""robot human"" or something of the sort as they somewhat explain in the movie. I think that's considered an android. So technically in hard sci-fi terms this movie should be called ""Android vs. the Aztec Mummy"", but I doubt anyone was too worried about technicalities here anymore than they were worried about quality. In fact the movie is so sloppily put together that it makes television look good. Even the dubbing from Mexican into English is lazy and weak -- for example at one point the hero says ""I might as well begin at the beginning...."" what the heck kind of translation is that? Couldn't they at least have him say ""start at the beginning"" so that it doesn't sound repetitive? A high school newspaper editor could have fixed the screenplay of this movie. It's the epitome of utilitarian film-making, just absolutely nothing is in this movie that doesn't need to be there for the basic commercial purpose of the film. They put no more effort into making it than they had to, and considering the extensive recycled footage I would doubt that they actually spent more than a week making this movie.<br /><br />I will now cease posting about it on the principle that I don't want to expend more energy in the process of commenting than the creators of the movie actually expended while making it.",negative
"25 August 2003 League of Extraordinary Gentlemen:<br /><br />Sean Connery is one of the all time greats and I have been a fan of his since the 1950's. I went to this movie because Sean Connery was the main actor. I had not read reviews or had any prior knowledge of the movie. The movie surprised me quite a bit. The scenery and sights were spectacular, but the plot was unreal to the point of being ridiculous. In my mind this was not one of his better movies it could be the worst. Why he chose to be in this movie is a mystery. For me, going to this movie was a waste of my time. I will continue to go to his movies and add his movies to my video collection. But I can't see wasting money to put this movie in my collection",negative
"28 years before 9/11, there was another 9/11 which represented a key date in the history of Chile, South America and the whole world. This was the date in 1973 when a bloody coup in Chile deposed Salvador Allende the first Marxist president elected democratically anywhere in the world and put an end to the Chilean experiment of a democratic transition from capitalism to socialism. Allende committed suicide when the armed forces attacked the presidential palace.<br /><br />Unfortunately this film is too biased and too nostalgic towards the time of Allende's rule to be an objective rendition of the man and of his place in history. The times were troubled and Allende was a disputed figure in the history of his country and of the whole world. True, he was democratically elected, but his policies plunged Chile into economic crisis. He was deposed by a coup and a right-wing dictatorship followed with repression and flagrant human rights abuses, but he was also an ally of Castro who saw in his policies another way of making revolution. We'll never know if his tentative to build a socialist yet democratic society would have succeeded. The authors of the movie take a completely pro-Allende position, there is no opinion or point of view trying to explain the other side, to answer questions like why did the middle class oppose him, or how his democratic views could go together with supporting or being supported by Castro. The tone of the commentaries is nostalgic and apologetic, almost propagandistic. People who want to get a better understanding of this episode of the history need to wait for a more balanced and objective film or book in the future.",negative
"2 deathly unfunny girls stays a their deathly unfunny Uncle Benny's beach house. Uncle Beeny doesn't like party. But guess what? the deathly unfunny girls have a, yup you guessed it, a deathly unfunny beach party. If you didn't catch the not so subliminal message that I'm trying to convey. First off, you're a moron. I would rather watch a nude jello tag team watching match between Bea Aurther and Cameryn Manhiem VS. Rosie O'Donnell and Jessica Tandy. This movie, and I lose the term loosely is just THAT bad.<br /><br />My Grade: F <br /><br />Eye Candy: Kristin Novak and Charity Rahmer go topless, Iva Singer shows breasts and buns",negative
"2 stars, and I'm being generous. (minor spoilers) Look, this is a low budget zombie movie set in gangland Oakland. As the plot goes, a scientist wants to bring his dead brother back to life after being killed in a drive-by.<br /><br />The main problem with this movie: what zombies?! All the ""zombies"" do is growl (which doesn't sound even remotely scary) and drip fake red blood from their mouths! No scary eyes, no decaying flesh, just a bunch of people growling pathetically and running around like idiots.<br /><br />The cover is also misleading. There are only about 6 zombies in the whole film, so it's not like the whole ""hood"" is plagued with zombies or anything, it's just a few, and is contained in no time.<br /><br />The acting actually is so bad it's hilarious. No one can act at all in this movie (except maybe one of the gang members) and it really seems like a bunch of friends got together, decided to cast their family, and made a movie one weekend.<br /><br />Final note: since when do Doctors wear tracksuits?! Skip this one, please!",negative
"2 stars for Kay Francis -- she's wonderful! And she didn't deserve this horrible tripe that Warner Bros. threw her way! <br /><br />The two-pronged premise that this movie is based on is ridiculous and unbelievable in the extreme. Kay is a small-town wife and mother who yearns for something bigger: she wants to be an actress. When a big-shot actor comes to town and invites Kay to his hotel to talk about possibilities, Kay tells her husband she's going to the movies. The hubby's biddy of a mother puts a bug in hubby's ear that Kay's not being truthful, and he sets out looking for her. He finds her w/ the actor in the hotel (they are only talking!) and he slugs the guy, who falls over a railing, lands face-first in a pond (lake?), and dies. Now here's the two unbelievable premises upon which the rest of the movie is based: <br /><br />1) the judge tells the jury that if it's determined that the man died *before* his head went into the water, that they must find the hubby guilty of first degree murder. (Whaaaaa?????? I think slugging a guy in a fit of rage would count for manslaughter or murder 2 at the most, not FIRST DEGREE murder. Give me a break! But the plot required him being found guilty of murder 1 so that he could be sent to prison for life. Whatever.) <br /><br />2) the hubby's lawyer, after the conviction and sentencing, tells Kay that it's all HER fault. His reasoning is that if she hadn't gone over to the actor's room, then her husband wouldn't have had to go after her and slug the guy and kill him. He tells her that she's the guilty one, not her husband, and she nods and agrees. What. The. Hell?!?!?! The rest of the movie is all about Kay trying to achieve fame and money in order to get her husband released from prison and right the wrong she committed by causing him to kill the actor dude in the first place.<br /><br />I can't even go on with this review. The movie was just all too painful. Four years earlier, in the pre-code days, you'd never have caught Kay playing such a wimp! In true Kay Francis fashion, though, she did do her best to make us believe that this woman was a believable character. I give her much credit for trying to breathe some life and credibility to this thankless role. This character was a far cry from pre-code Kay roles and real-life spitfire Kay Francis.<br /><br />Steer way clear of this one! There are much better Kay Francis vehicles out there! (From personal experience, I can highly recommend Mary Stevens, MD and Jewel Robbery; also good are Dr. Monica and One Way Passage. I'm sure there's other great Kay flicks as well, but I'm only mentioning the ones I've seen and can recommend.)",negative
"2 stars out of a possible 10 - and that is being overly generous.<br /><br />I thought with a cast of James Woods, Cathy Bates, Randy Quaid, Lou Gossett, Jr., and Henry Thomas - how could it miss. I was wrong.<br /><br />I can only wonder what drugs Sam Shepard was on the week-end he cranked out this piece of dribble. I'd long suspected Sam S. of being kind of nuts, this film, based on his play, confirms it.<br /><br />This is the kind of artsy b.s. that actors LOVE to sink their teeth into as it gives them a chance to endlessly emote. However, for the viewer who sits through this nonsensical trash, there is absolutely NOTHING to love about this movie.<br /><br />You haven't seen dysfunctional families until you've seen this bunch. Pa is crazy, Ma is crazy, the son is crazy and the daughter is, oh yeah, crazy. They also have mouths on them that utter words that would make a sailor blush, especially the teenage daughter.<br /><br />In addition to the above, as if that weren't enough, the plot--and it's so thin you could read thorough it--has a hole in it the size of Alaska.<br /><br />Ma is conspiring to sell their rundown farm. As it turns out so is Pa. Now I don't claim to be a real estate expert, but the last time I checked, property jointly owned must have both of the owners signatures in order to be sold. If only one of them owned the property, then the other could not legally sell it, so it would be pointless for that person to do so. Mr. Shepherd prefers to ignore this basic fact, and therefore, his plot does not work.<br /><br />Not that anything else was really working anyway.<br /><br />The only possible reason anyone could have for watching this film is if they are absolutely desperate to see James Woods in full frontal nudity, and I can't imagine why anyone would want to.",negative
"30 seconds into the opening credits, I had this feeling that this was going to be a bad movie, but I didn't know just how bad. Then the actor playing the evil Nazi scientist opens his mouth and my friend and I decide that in order to survive this movie, we'll have to turn the volume down, make up our own dialogue and double the speed on the DVD. But that didn't help. About half way through we turned it off. Now, I've lived through some very bad movies before, both with and without the aide of ""Mystery Science Theater 3000"" and ""Svengoolie,"" but there are just some movies which I doubt even the Bots can save. The biggest part of the movie that bothered me the most was that the people hypnotized into believing they're zombies had rotting green skin. I guess they were all hypnotized into death, then hypnotized into rotting themselves. Stick to the real B-movie cult classics like ""Plan Nine From Outer Space.""",negative
"35 years after this was made, Castro still reigns. Unfortunately, we're left scratching our heads wondering how the dim-witted maniac played by scenery-chewing Jack Palance made it as far as 1960. I stumbled back across this recently, and was amused at noticing the incomparable Sid Haig and ""B"" movie favorite Paul (Untouchables) Picerni among the rebels. Fleischer was obviously well past his prime when he directed this foolishness. Some of the lines are classic in a ""Did he really say that kind of way?' The other thing I just noticed is that the score and the sound (NOT the dialog) are actually excellent -- the only first-rate elements of the entire production. So, don't watch this to learn anything about history or acting, but if you feel like watching this as a goof, bring the beers and have some fun.",negative
"36/100. This is not to be confused with the decent Arachnophobia, this film is a very low budget and cheap rip-off of that movie. This one is so bad, it actually does have some entertainment value on that level. There are numerous unintended (I think) laugh out loud scenes. I wasn't expecting much from the film, and it was actually worse than I had imagined it would be.<br /><br />It's a cliché ridden and predictable direct to video mess. Fortunately, it doesn't take itself too seriously. The acting, as expected, is not quite Oscar caliber. The special effects are poor, worse than I would have thought they would be. Poorly edited and the score is intrusive.",negative
"3lbs is obviously just a self indulgent programme for Stanley Tucci to be a producer/moody deep doctor. Unlike House he has absolutely no personality and unlike Grey's Anatomy the brain surgery cases are't even interesting. This programme is supposed to be set in a leading centre for Neurlogical cases - yet there's nothing interesting or exciting going on! Not even the so called pathetic 'feud' between him and a rival adds anything to the show and neither do those hallucinations. In the pilot there was a brief glimpse into the leads's social life as a father - snooze! boring and pointless.<br /><br />This show is pants,there's a glut of medical dramas around at the moment and this does nothing to make it stand out as special.",negative
"42/100. Often referred as ""Tarzan with clothes on"", but it's not at all in the same league as his far superior Tarzan series. Basically, The Jungle Jim series became a Tarzan replacement for Johnny Weismuller, after he started getting too out of shape for a loincloth. In Jungle Jim, he is fully clothed. It can't compare to the Tarzan series in any way, not in acting, screenplays or quality of production. It's pretty hokey stuff. This one is the first the best in the series, and that isn't saying much. Too much stock footage is used, and it is so obvious. The score is overdone, and the plot is lame and the production is so poor it makes it hard to watch at times.",negative
"(48 out of 278 people found this comment useful, and counting...)<br /><br />People are such suckers for image and looks - as much as for the intellectually hollow ""idealism"" that lurks behind Communism. Che's charisma and looks have as much to do with his iconic stature as the misinformation that has been spread by Leftist propaganda (such as this movie) about him.<br /><br />I don't know what's worse: being captured by one of Che's murder-squads or having to sit through 4 hours of this typically Soderberghian garbage. The question isn't why this pet-project was made but what took them so long. By ""them"" I'm referring, of course, to Left-wing Hollywood and its ""secret"" love of Marxist tyrants (Lenin, Castro... take your pick). I am fascinated that it took decades for one of Tinseltown's least talented liberal directors to finally take on such an irresistibly biased propaganda project. Where was Oliver Stone all these years? Robert Redford? Tim Robbins? Warren Beatty? Alan Pakula? George Clooney? Barbra Streisand even? It's a mystery. All these overrated ""artists"" have often indulging themselves in similar, politically one-sided projects, yet somehow Che Guevara, who is arguably the most popular and well-known Communist, hasn't been a film topic of theirs yet.<br /><br />""Guerrilla"" has all the hallmarks of an American truth-bending story of an epic scale; there is as much factual detail to be found here as in other similar Hollywood big-budget political fairy-tale bios such as ""Malcolm X"" or ""Gandhi"", i.e. almost none. The movie stars Del Toro as the famous Argentinian revolutionary. Nevertheless, however controversial and criminal this man's actions may have been, one thing nobody could take away from him: he was an intelligent manipulator who came from a rich family - which is why Del Toro fits the bill only visually. Del Toro may be an interesting, charismatic actor and he may resemble Guevara physically, but he exudes no intellectual qualities whatsoever, hence he makes Guevara come off as too primitive. Casting such mediocrities as Bratt, Philips and Franka Incompetente only underlines the director's lack of sound judgment.<br /><br />The movie is to the most part extremely slow (no surprise there), and visually uninteresting. Even a director as brilliant as Kubrick would have carefully considered releasing a movie that goes beyond the 3-hour mark, so it's quite telling that this Soderbergh, who has only made one or two solid movies and early on in his career, would think that His Oceanic Grandness was up to the task. If you think the film's length indicates that a bulk of Che's life has been shown here - then think again. Soderbergh focuses on Che's last phase, and a lot of the movie is tedious jungle nonsense, full of Guevara's alleged idealism. (Psychopaths don't have ideals.) I do wonder what kind of a mind this highly esteemed director has to have to actually choose to ignore some of Che's earlier life. Did he actually consider it too uninteresting? A massacre of 600 people holds no interest for the viewer, huh? Amazing. Some much better directors than this over-praised charlatan would have easily fit not one but two complete biographies into a 4-hour movie.<br /><br />Soderbergh, in a sense, becomes an accomplice by never addressing the negative, dark side - which is more than 90% - of Guevara. By spreading this kind of historical inaccuracy, consciously ignoring the ugly truth (God forbid he should taint the holy image of Che), Soderbergh proves himself not a humanist - a fake image which most Hollywood and pop music personalities struggle very hard all their careers to uphold - but the opposite: that he cares only about ideas, never about the people on whom these ideas are tested (like on guinea pigs). Soderbergh and the like are elitists of the worst kind; such people often have a latent contempt for the ""proleteriat"" (what a stupid term) they're supposedly siding with.<br /><br />Half of all students around the world wear Che's image on their red and orange shirts, but without ever knowing why. He has become an iconic figure for clueless, uninformed, very often young people, who think that by having this man's face on their chest that somehow makes them appear ""edgy"", intellectual, hip or interesting. In reality, wearing a Che shirt only underlines one's overall shallowness and total disinterest in self-education. (Wouldn't YOU want to find out more about a person before you start advertising his/her face to the world?) Wearing Che's by-now cliché image has become as common as having a Bart Simpson coffee cup. All those ""Che-wearers"" probably know more about Marge's blue hair than they'll ever read up on about Fidel Castro's dead ally.<br /><br />After everything that'd been done in the name of Marx, one would think that these mongrel ""ideals"" would be finally laid to rest. It seems mankind will never learn. Stalin, Mao, Kim Il, Pol Pot, Castro, Milosevic, Ceausescu, the Iron Curtain, a hundred million dead, more than a billion ruined physically and/or mentally through this system... so none of that matters, huh? <br /><br />The fact that Del Toro won a Cannes Award should only surprise those who are absolutely clueless as to how Cannes and other European festivals work - and vote. Hint: Sean Penn headed a jury not long ago.<br /><br />For my music-related rants, go to: http://rateyourmusic.com/collection/Fedor8/",negative
"4 Oscar winners, Karl Malden, Sally Field, Shirley Jones, Michael Caine. Great character actors Telly Savalas and Peter Boyle. 1 hour 54 minutes of sheer tedium, melodrama and horrible acting, a mess of a script, and a sinking feeling of GOOD LORD, WHAT WERE THEY THINKING?<br /><br />Irwin Allen was just trying to cash in on the popularity of the original classic disaster film with a grade D minus script, the actors were obviously just in it for the paycheck as well,... the horror, the horror!<br /><br />How insane are the characters that Caine, Savalas, Malden and Field are playing? Go into a potentially deadly sinking ship that's 1. on fire 2. Hot from steam 3. Slippery from water and oil, 4. boilers that are exploding every 5 minutes, etc., all for the love of money? Greed? 5. They have very little equipment, not even a pair of gloves or work boots in sight, much less a grappling hook, rope, etc.<br /><br />Stupidity!<br /><br />What were they thinking?<br /><br />Peter Boyle overacts so much that I just wanted to smack him! Stop it! And what's the deal with the bad toupee? Also, there is no way you can believe his character was a WW2 veteran.<br /><br />Caine, Field and Malden find all that gold and money and they are happy--whoopee! We're rich! (We may not live to spend it, but hey...)<br /><br />And yee haw, it's the great character actor Slim Pickens!<br /><br />Survivors galore! Jack Warden and Shirley Knight, too!<br /><br />The final dramatic sub plot about that scary plutonium never really went anywhere, it's like they forgot, sort of? Lots of holes in the script.<br /><br />This film has an illness that the strongest pill couldn't cure. I'm surprised Alan J. Smithee's name wasn't on the script, I'd be embarrassed to have penned this one!<br /><br />Oh the insanity, Oh The humanity! Oy Vey!<br /><br />The Horror, The Horror!<br /><br />It's like a bad two hour TV movie.<br /><br />At least the sets were made from recycled material from the first movie.<br /><br />The script needed to be on the compost heap...",negative
"4 out of 10<br /><br />A somewhat unbelievable storyline with some haunted-house type ""shocks"" that really don't fit in.<br /><br />Gary Oldham's performance is very erratic...not so much the quality of the performance but the consistency. His character does not behave in a consistent manner. Sometimes calm/relaxed/methodical/thoughtful, sometimes violent/loud/almost crazed. It's just not believable. <br /><br />Have many 80s movies dated badly? Will they be more enjoyable 20 years from now?<br /><br />",negative
"4 out of 10.<br /><br />This film was neither funny as a whole nor was it even worthing investing any kind of emotion into the characters. Eugene Levy is probably the most funny.... The rest of the cast do their jobs, but the story never really gets very deep and there are a lot of holes in the plot that never get filled. This just wasn't very much fun, despite being funny at times.<br /><br />",negative
"4 realz son my game iz mad tite yo I cant wait 2 get on dis show and roll up in da club n do it real 905 style wit mad models n bottles, son!<br /><br />No, I'm just kidding. This is a sad show, created by, and for the enjoyment of, sad men. Men who are so neutered by modern existence that they channel their frustration into the clubs, where they eke out fleeting self-validation preying on chicks in hopes of getting their little wieners touched to try and dull the sting of loneliness and make them feel, even if just for one night, as though their seat on the Board of the Sausage Party of Toronto is a little less permanent. <br /><br />I read some comments on here saying that this show represents Canadian TV's finally stepping up to stand on a par with American TV or somethingorother. Well, that's not aiming short at all. It's like, Yes! Pat yourself on the back, Canada -- you've finally cracked the elusive formula for such groundbreaking American content as ""Studs"", ""Change of Heart"", ""Elimidate"" and ""The Fifth Wheel"". See, the real brainchild here is tacking ""...meets Candid Camera"" onto the pitch. Genius. And there's nothing that straddles that thin line between fratboy camaraderie and latent homosexuality like a group of grown men taping each other on hidden camera, admiring each other's ""game"" up in the club. The man-love on display here is so palpable they should really consider rechristening it ""Keys to the Steam Bath"".<br /><br />On a side note, how interesting that the folks who gave this show such glowing reviews seem to have registered an IMDb account for the express purpose of doing so (I guess I'm guilty of employing the same means to do the opposite here.) My personal favorite is the one enthusiastic reviewer that claims to hail from the ""United States"" who gushes that ""Now it's clear that the talent in Canada has the ability to produce American quality television."" <br /><br />Smooth. <br /><br />But why even bother manufacturing online buzz? You can't really get cancelled, after all -- you're on the Comedy Network in Canada, baby! The viewing public will go on ignoring your show for years to come. In all likelihood you'll be just fine, coasting comfortably along that proverbial plain of mediocrity with the majority of the Comedy Network's original programming.",negative
"54 is a film about a club with that very title in the setting of the 70s era. It features the classic good-looking bartender. The sexy females. The high powered owner. The partying. When all entwined together chaos ensues, and the bartender (played by Phillipe) seems to be at the brunt of it all.<br /><br />I'm going to be as blunt and honest as possible, whilst avoiding any outright unfair or untrue comments (like, it's an 'ok' film). I really do find it a completely dire film complimented by it's dire cast. Every time I sit down to watch a film casting Salma Hayek, I am always awaiting to see her beauty, radiantly expressed simultaneously with a great performance, but, reality invariably reminds me quite abruptly how utterly talentless she is. I mean, really, what has she ever bequeathed the masses with, other than her immense table dance in 'From Dusk Till Dawn'...? The same goes for Ryan Phillippe, another poor actor who gives nothing to the screen but his good looks and insanely dull facade otherwise known as 'acting'. Mike Myers, isn't quite as bad as these 2, he does at least give the Film something worthy. Playing the seedy, extroverted co-founder of the 54 Club. The type that the majority watching would hate (i.e. job well done), he puts in a somewhat convincing performance that gave me rare enjoyment from the flick. But alas, it is not enough to rescue the film from it's baseless and flat nothingness. Most 'bad' bad films I find something to take from the film, but this has nothing to it, really. Neve Campbell isn't too bad, but she is just 'there'. The storyline is dull, it appears the writer was more bent on making a film of this style and embellishment and forgot to add anything else. Any meaning. Any class. Anything at all. Because like most ornaments, they are just hollow pointless objects, that are merely pretty to look at, much akin to the basis of this disastrous film.<br /><br />Genuinely an hour and a half of time I could have spent better doing something much more exciting, like talking to 90 year old relatives on the phone about the weather.",negative
"""54"" is a film based on the infamous ""Studio 54"" of the 1970s - the hangout for the social elite and party clubbers. In the film, Ryan Phillippe is the main character, based on an actual employee of Studio from 1977 - 1982.<br /><br />The film's problem is that it's all glitter and style and no substance. It tries to be a really grimy and probing satire like ""Boogie Nights"" but ultimately comes across as an inferior wannabe. Mike Myers is given the thankless task of playing cocaine-snorting club owner Steve Rubell. It's only a slightly comedic role and if this was Myers' best attempts at sliding into drama like Lemmon and other comedic actors did in their time, it's a total failure.<br /><br />""54"" could have been insightful and interesting but instead it's just another dumb teen flick that isn't entertaining or even remotely engaging. View at your own peril.",negative
"5 minutes into this movie I was hyperventilating, shaking, and writhing in pain. And not in the good way. The story is about a troupe of idiotic children making prank phone calls to a psycho which is always a good idea. Turns out psychos don't like prank phone calls because in 2 minutes time he's at their door killing poor Williams mom and dad. Well skip ahead 15 years and guess what? Still prank phone calling people. Yep you would of thought that a horrible murder would of deterred them from doing that ever again but no. So after about two hours later and way too many scream ripoffs I realized that this movie gave me nothing but a terrible taste in my mouth and a severe urge to take my own life. This piece of crap isn't even worth laughing at the shoddy production, the ""acting"", or Rutger haurs dwindling career. I love crappy horror movies but this is the most unsatisfying piece I've ever seen. Just don't.",negative
"60 minutes in the beautiful Christina Galbo tries to escape the isolated boarding school she's brought to at the beginning of the movie. Is she running from some kind of fate too horrible to contemplate, a monster, black-gloved killer, or supernatural evil? No, she's running from a bunch of bullies. For the OTHER 40 minutes that follow, various figures walk around the school in the dark holding candelabras and looking alarmed or distraught, which doesn't say much in itself perhaps because great movies have been made about just that but if you're going to have characters walking around corridors and staircases you better be Alain Resnais or you better know how to light that staircase in bright apple reds and purples like Mario Bava. We know a killer stalks the perimeters of the school but his body count is pitiful and sparse and in the absence of the visceral horrors one expects to find in the giallo, we get no sense of sinister mysteries/unspeakable secrets festering behind a facade of order and piety and rightness which is the kind of movie La Residencia wants to be but doesn't quite know how to do it. We know something is off because girls are reported missing but we never get the foreboding mysterious atmosphere that says ""something is seriously f-cking wrong here, man"". When Serrador tries to comment on the sexual repression of the female students, he does so with quick-cutting hysterics and detail closeups of eyes and parted lips while high pitched ""this-is-shocking"" music blares in the background. None of the aetherial beauty and longing of PICNIC AT HANGING ROCK to be found here. It's all a bit clumsy and aimless, with no real sense of urgency or direction. A number of people are presented as suspects but there's little reason to care for the identity of a killer that goes unnoticed by the characters inside the movie. I like the first kill, the image of a knife hitting target superimposed over the anguished face of the victim as a lullaby chimes in the background, but the rest is too inconsequential for my taste. I have to say Serrador did much better with the killing children and paranoia du soleil of WHO CAN KILL A CHILD?",negative
"6/10 Acting, not great but some good acting.<br /><br />4/10 Director, makes some stupid decisions for this film.<br /><br />2/10 Writer, story makes no sense at all and has huge amount of flaws.<br /><br />4/10 Overall score for this movie.<br /><br />Don't waste your time with this film, it's not worth it. I gave 4 for this movie and it may be too much. Characters are so over exaggerated than they can ever be in real life and some pretty unexplainable stuff happens ""storywise"", not in good way. Because of the style this film has been filmed you get bored after 30 minutes (too many special effects: slow motions and camera shakes and fast forwards). It's always good that movie uses music to make the story go smooth but there's too many tracks in this one. In the first hour there is almost 50/50 dialogs and musics",negative
"666: The Child starts as a plane crashes, the only survivor of flight 666 was a young boy named Donald (Boo Boo Stewart) who is adopted by news reporter Erika (Sarah Lieving) & her cameraman husband Scott Lawson (Adam Vincent) after they covered the incident for Channel 6 news. At first Donald seems like any normal kid but death seems to follow him around, after warnings from a Nun & Vicar Scott begins to believe that Donald is evil & the cause of all the deaths...<br /><br />This straight-to-DVD horror flick was directed by Jake Perez under the pseudonym Jake Jackson & one has to say 666: The Child is really rather poor. Whenever I see The Asylum is responsible for a film I get worried, I get very worried since their track record is awful. They seem to specialise in making &/or distributing low budget horror films which are usually rip-offs of some recent successful big budget horror film & in the case of 666: The Child you don't need a degree in rocket science to realise that it's a complete rip-off to cash in on the recent The Omen (2006) which was released the same year. The script by Benjamin Henry & Austin Laurel is terrible & simply can't match the ambitions of the the Hollywood equivalent, I mean just what exactly does Donald the Antichrist expect to achieve from a middle class family in a small town? It's hardly a great starting point to bring about the destruction of thew world is it? Every character in 666: The Child is some form of the main character's from The Omen, the adopted parents, the Priest who tries to warn them & the sinister babysitter. There's a real lack of incident, there's barely any gore & the plot is poor. I mean Donald killing a dentist because they were trying to fix his teeth is just so random & needless, what were all the disgusting pictures Donald drew all about, where did the babysitter come from & there's just nothing that ties everything together & it's just a disjointed mess that just becomes very boring very quickly. The references to the number 6 also becomes annoying & are very unsubtle.<br /><br />Director Perez does alright I suppose, it's competent if nothing else. There's virtually no blood or gore, there's a few sprays of blood, a cut off hand & someone gets a circular saw stuck in their face but it sounds a lot better than it looks on screen. It's certainly not scary, there's no atmosphere thanks to a throughly bland contemporary setting in a suburban house & there's no tension because we never really know what Donald is trying to do & there fore there's no threat from him.<br /><br />Technically the film is alright, it's reasonably well made but since the actual film is so poor it makes little difference. The acting isn't that great but at the same time I've seen worse.<br /><br />666: The Child is a poor mans The Omen rip-off, I'd sooner watch either the original or the remake over this any day of the week. Not good & definitely not recommended. Followed by the sequel 666: The Beast (2007) which also went straight-to-DVD.",negative
"6 out of the 8 comments on this subject rated this film as worth watching, so let me redress the balance.<br /><br />If this is the best that British Independent film makers have to offer then they need to pack away their cameras right now and find jobs in another industry. Unfortunately for me that was 82 minutes I'll never see again and hopefully I'll save some of you from wasting 82 minutes of your own. <br /><br />Whilst the idea behind the film is interesting, it is not developed enough to keep the viewer attached. The student characters are bland and uninteresting and quite frankly you won't care about what happens to them. The soldiers are practically caricatures of every baddie ever seen in film, I kept waiting for Captain Markovic to twirl an imaginary moustache. Some of the effects were quite good and showed some imagination, but these were ruined by the shockingly bad acting, poor script writing and patchy camera work. The budget may have been better spent sending the ""actors"" (and I use that term loosely)to acting classes or the Thomas Brothers to film making school or maybe on a spell checker because the subtitles were incorrectly spelt. The fact that the mis-spellings were not picked up on and rectified speaks volumes about the immaturity of the whole production.<br /><br />I can only assume that the positive comments are staged by the film makers, either that or they were watching a completely different film. I implore the Thomas Brothers to never give up their day jobs for if they continue in this field, they will surely starve to death.",negative
"80 minutes, and it felt twice that long! Brief Crossing is not brief enough. Indeed, the first 50 minutes or so consist almost entirely of a dialogue (more of a monologue, really) of a woman approaching middle age, tediously droning about ""men,"" disappointment, sex, aging, and her recent breakup, to a French teenager she met in the ship's cafeteria.<br /><br />The tedious monologue continues as they go to duty-free shop, and to a bar, where finally her self-involved rant pushes him away. The ""story"" can't end there, of course, so she persuades him to listen to her drone on more as she brings him to her cabin.<br /><br />What little romance, sex, or for that matter, anything at all this film has besides bitter rantings is hardly enough to justify the price of a rental unless you are one of those who love dramas where nothing interesting happens at all. Yes, the ending is very nicely done, but it is scant reward to subject yourself to what amounts to a turning your living room into a virtual therapy session with a narcissistic whiner.<br /><br />Of course, some people like it. I could be wrong.",negative
"80's sleazy (glam)rock is like 90's house music or current boybands: it's boring and has no ideas or ideals. The only thing that makes it a bit 'cult' nowadays is that it's a long time ago, so we can laugh at its sillyness. Too bad 'Rock Star' has no laughs at all, as it must be one of the most boring movies of recent years.<br /><br />Chris (Mark Wahlberg) is singer of a Steel Dragon tribute band. When he's kicked of the band at the same time the real Steel Dragon singer is kicked of as well, he becomes the next lead singer. You already know how this is gonna end up at that time, with Chris losing it with sex, drugs and r&r and forgetting about his long-time girlfriend/manager, Emily (Jennifer Aniston).<br /><br />There's way too much (boring) music in this standard formula-packed excuse for a movie and should be avoided for it at all cost. Watch the (over-rated, but still more fun) Almost Famous instead, or even better, a movie about real people playing real music having real emotions, That Thing You Do.<br /><br />What a stinker. 2/10.",negative
"83 minutes? Nope, this thing is 72 minutes, tops.<br /><br />If you cannot guess the killer in this movie, you had better throw your TV out the window, because you ain't learned nothing in 20+ years of cinematic slasher history.<br /><br />And how come the plain star who never gets naked is always the one you want to get naked?",negative
"86 wasted minutes of my life. I fell asleep the first time I attempted watching it, and I must say I'm not one to ever fall asleep in the cinema.<br /><br />I have never seen such a pointless plot acted in such a stilted and forced manner, and can only surmise that the actors were as hard-up as the protagonist writer allegedly was in the film itself.<br /><br />Everything in this dire adaptation is overacted. And if it isn't the wooden acting, almost as though you can see the teleprompter, then the set itself, which is overlit and interfering in utterly unnecessary ways, and overdressed to an unimaginable extent, is enough to put you off the entire farce.<br /><br />As to the supposed shock of a detective under disguise, any person who does not see that - as well as the entire rest of this ludicrous plot - telegraphed light years in advance, should check their eyesight immediately.<br /><br />Bad acting, and from two very decent actors, coupled with the hyper-coddled Branagh trademark overdirection, is enough to make you want to use real bullets rather than blanks yourself.<br /><br />On top of it all, there is a completely risible undertone of homoerotica in this, heightened towards the end of it. All I can hope for is that this was such a flop that people shan't try to emulate this level of cinema ever again.",negative
"8 days no script that's what the DVD tells you is how the movie was made. It's shot in blurry video that's occasionally used to good effect, but it's really partially naked women sitting around in a room for most of the running time. It is very well acted and this helps a lot. But the killer only shows up once in a long time and the girls/women sit and mope they don't try to escape or do anything too interesting, so the whole thing grinds to a stand still after about 20 minutes. Would have been a good short maybe even powerful. Even for eight days they do very little. Why? Because they had no script. How many movies have been made without scripts. Not too many. I wonder why that is? How many great movies have been made from bad scripts. Not too many. Why is that? Working against this major problem, the direction tries and does some interesting things but with what is essentially nothing. Topless girls shot in dark grainy colorless video sitting around will keep some going for a while but not for the short but too long feature length. Actors again deserve praise, if only there was a script.<br /><br />Also the video quality, or lack thereof, is really low end, they try to use it to advantage and at times some shots look they are from Miami Vice, the recent movie that is. But that's not intended to compliment Miami Vice or this failed venture.",negative
"90 minutes of Mindy...Mindy is a tease to boyfriend Bill...Mindy prances at the high school dance...Mindy hitchhikes to Big Sur, shoplifts a loaf of ""shepherd's bread,"" Mindy nearly gets gang-raped... Ah, the pleasures of Crown International drive-in features. You must remember that these films were never designed to be watched start to finish on DVD players. They were made as 90 minutes of ambiance so the teens of the 70s would have a soundtrack as they got it on in their Pintos and Citations. The lack of pacing and structure didn't matter to the original audience -- they probably only tuned in when the T & A on screen matched what they were up to, out in the parking lot. The film is really irritating when watched as a story. It's a lot more fun to talk about it than watch it. My favorite inanities: 1) Bill and his friend accompany the teacher to find Mindy. With no luggage or change of underwear, they spend 2 nights sharing a motel room with the teacher, just like in real life. 2)After being abducted and nearly raped by depraved bikers, and after their innocent friend ""Pan"" is savagely beaten, Mindy and her girlfriend find an unattended motorcycle on the road. Mindy immediately brightens up and chirps, ""I'm going' to Big Sur!!"" But again, it's a lot more fun to talk/read about than sit through.",negative
"96 minutes of this is cruel..and I love the old Munster's. Yes, the plot is thing; yes the lines are trite; but whoever was at the helm of this was not a fan. There is so much 'intrigue' (and I use that word with great pause) that I wonder if it's an old Starsky & Hutch episode. I lost count of the number of times I noticed that makeup had missed a spot near the collar. Refusing to acknowledge that any time had passed since the mid-60's (ludicrous) the producers simply replace Marilyn & Eddie with younger actors. Why not let them grow and age? The addition of an Addam's Family style reunion does not add to the flavor of the Halloween Party.<br /><br />Grandpa & Herman fly to Transylvania and back in a few hours (preposterous.) Sid Ceaser is the most, yes the most unbelievable character (I am including the bad robots) since he babbles an unwild combination of gibberish & yiddish but claims to be an ancient Arabic ruler. And yes, it looks like the laugh track is missing. In fact, there are several spots where there is dead air, as if the laugh track was to be inserted later. The actors seem to wait on the faux audience. It's not laughable; it's sad. Oh, and the best part! Yvonne DeCarlo has a line that just goes to show you how out of touch the writers and producers were. Marilyn says something like: ""Where could Uncle Herman and Grandpa be? They could have been in an accident. They could have been hit by a car...or a train!"" Lily says responds with something like: ""You're Uncle Herman will be here if he has to drag himself off the train track."" What's amazing about this is: Yvonne DeCarlo's husband was a stuntman in the early 60's and lost a leg and was nearly killed in a train stunt. He never recovered and this financially devastated her family. (check out Biography's fantastic review of her life and career) This line could have been easily changed to be more sensitive to her.<br /><br />If you are a real fan of the Munster's then you'll have to RENT this mess. It illustrates how some things are better left alone. Even with the (nearly) original cast, this is almost as bad as the attempted remake of the show a few years ago.",negative
"99.999% pure crap. And the other .001% was a brief moment where I thought the blond chick was going to disrobe. Nope.<br /><br />The dialogue was legendarily bad. The action sucked, and there was no sex (the afore mentioned blond chick is modestly dressed, alas, the whole movie). The CGI had the dubious honor of being the worst I've ever seen on film, and the anachronisms were numerous and glaring. Acting was mediocre even from Ben Cross and Marina Sirtis, the only 'names' in this movie. And Marina Sirtis looked really, really bad.<br /><br />I've seen high school plays more capably produced. This is the kind of movie that MST3K thrived on. Heads should roll at Sci-Fi for allowing this steaming pile on the air.",negative
"9, the film I've been looking forward to for months.... was little more then a disappointment.<br /><br />I was deeply surprised by 9's lack of story and strange character development. All the awesome action sequences in the world don't make up for a single unsympathetic character. <br /><br />The strange, almost thrown in occult sequences were not only out of place, they were infuriating. The story is about robots and scientists... why does it suddenly turn into a necronomicon horror wannabe with mystical symbols and green magic ghost lines instead of giving answers to what could have been excellently scary story devices??<br /><br />How, what, when, why.... questions that bode asking only if you care and it becomes less and less likely that you will as you get away from the theater. <br /><br />A film like this is frustrating because of its lack of depth.... I would watch this film drawn in crayon if the story was good. But the filmmakers have relied on CGI wizardry and Tim Burtons name to draw in the crowd. Which... is what drew me in but failed to gain my respect.<br /><br />9 could have been awesome... with a few more rewrites and a little more respect from its own creators.",negative
"A 10 year old kid fed up with his parents arguing decides to hot wire a car and go on a surreal journey across America to find Motorama cards, which is a gas station card game, that if he can find to spell out ""Motorama"" he has a chance to win 500 million dollars. He meets many bizarre characters along the way. No one can make an 'instant cult classic', Joe Minion's previous ""After Hours"" achieved that by sheer merit & an amazing director, but it wasn't instant. This movie, on the other hand, is just bizarre just to be bizarre. No rhyme or reason to any of it. The plot is incidental at best and seems to exist just to showcase various cameos. It's just not a fun film nor a thoughtful one. It's way too slapped together. I've heard many comparisons between this and David Lynch films. That's damn near heresy as even Lynch's 'worst' film (worst in quotes, as he doesn't have an bad films really) is still miles above this dreck. <br /><br />Eye Candy: Cynthia King is topless very briefly <br /><br />DVD Extras: Trailer for ""Joe Dirt'",negative
"A 1957 Roger Corman non epic in which a sundry bunch of characters end up in a lead lined valley (sic) just as stock footage thermo nuclear heck is unleashed. It's the end of the world. Four men with guns, two women, (one an unmarried virgin the other a Las Vegas show gird who drinks and smokes - guess which one makes it to the end of the movie?) Time passes, tensions develop (or are supposed to). Something is in the woods eating radioactive rabbits. A mutant monster! Seven weeks of radioactive dust has performed ""a million years of evolution"" (on an already living human) the result is a laughably bad, zip up the back, rubber monster who is strangely scared of their only source of fresh water. It rains. The monster dissolves. The remaining two characters, the Hunk and the Virgin. set out to repopulate the world as the caption 'The Beginning' fills the screen after it transpires that the brief shower of rain had washed all the radioactivity away and dissolved all the monsters running around 'out there'.<br /><br />The only thing of real note about this is the incredible amount of 'curtain acting' that goes on in it. One of the staple elements of bad and lo budget movie making of the period was the superabundant use of curtains in the set design. It was cheap. Finished with one set-up? Pull a curtain across, drop a different piece of furniture in front of it and you have a different location in minutes without having to move the camera or change the lighting.<br /><br />'Curtain acting' is a skill in which the actor will get to comment on what's going on outside any building he happens to be in (""It looks like Rain"", or ""Here they come now, and it looks like they've got the sheriff with them!"", that sort of stuff). He'll do this by standing to one side of the window - reaching across his body and lifting the curtain away from the window but along the axis of the shot - ie towards the camera - thus enabling him to pretend to look out and tell us what's happening off screen, without letting the audience see he's staring at the studio wall three inches away from his nose behind some cheap velvet curtains. There was a lot of that in this movie.",negative
"A 1957 (yes, that's the correct date) J. Arthur Rank production with James Robertson Justice, Margaret Rutherford, Wilfred Hyde White; it has to be a smash comedy, right? Oh, it's just awful. It's a one gag film: watching people be shocked at the sight of a little alligator. Music is thrown in, most inappropriately and forgettably. Jeannie Carson is a lively dancer and competent singer. But what was she doing in this film? Diana Dors is here too, providing oh-so-daring shots for use in the previews. Her acting level is not bad, but she's in the film to provide someone to leer at. Well, one must do something beside groan during this film. The movie is being sold on VHS now by people on e-Bay. Spare yourself the expense and the waste of time. A comedy without a laugh. A musical without a memorable song or dance.",negative
"A ""40 foot long"" giant mutant squid with five tentacles, razor fangs and the ability to reproduce it's own cells terrorizes a small Florida town. Various marine biologists, doctors and cops plot to kill it. Meanwhile, a human monster named Miller offs people who discover the ""Devilfish"" is a manmade creation used for the greedy benefit of some evil doctors! Miller attacks a female researcher, strangles her, drowns her in the bathtub, tosses in a hairdryer, then rips the panties off her dead body!<br /><br />Lots of false alarms are set when our heroes Peter, Stella, Janet and Bob set out on a high tech (high tech for 1984, anyway) ""Seaquarium"" boat to catch the creature, who is frequently seen in close up or hilariously obvious speeded-up film to seem more menacing. And only fire can destroy it, which leads to a flamethrower-armed posse vs. aquatic beast finale.<br /><br />This JAWS cash-in is pretty tame (other than a legless corpse and a decapitation) but watchable and benefits from an excellent Antony Barrymore score and a decent (again, for 1984) monster design. Luigi Cozzi and Sergio Martino wrote the original story.<br /><br />Score: 4 out of 10",negative
"AAAAAAAAAAAAHHHHHHHHHHHHHH!!!!!!!!!!!!!!!! WHEN DOES THE HURTING STOP? That's what I said somewhere between the beginning and that other part of the movie that really sucked. This film nearly sapped all the life out of me and I have sat through some really bad movies. Coming from a true Puppet Master fan, I would expect to hear myself say this, but it's true. The plot is inane, the special effects awful, the sound track the most benawl, infernal tootling I have ever heard. Oh! I almost forgot about the acting, it was so bad that I forgot it was there at all, nuff said. The only redeeming factor in the film is the puppets themselves they truly are the stars and could out-act all but Guy Rolfe himself(he is the puppetmaster)and although you can see their wires and strings, they carry me throughout the painful start to finish of Retro-Puppet Master. In closing, PM7 is recomended for true fanatics who happen to be masochists.<br /><br />Roach<br /><br />",negative
"AALCC informs us that 14-year-olds can be pretty obnoxious and vicious. To those who don't know that, the film performs a public service. Otherwise, it's a lot of flashy videography with little or no reason for being. I will allow that the camera-work is sometimes striking, but also that it can be madly self-indulgent at other times. The actors occupy screen space and screen time, but do not compute as compelling human beings. I suppose the e-mail that flashes across the screen throughout means that you have to figure out which character has which moniker, but I simply couldn't tell enough differences to do so, and really didn't care anyway.",negative
"A antique shop-owner in NYC, played by Joanne Whalley(Valerie Alston)gets put on a US District Court jury, on a trial of a known Mafioso Armand Asante(Rusty Pirone), and most of this very slow-paced film revolves around attempts of Pirone attempting to get Whalley to acquit him of murder, by threatening to kill her son, and herself. Much action ensues, involving gruesome mob-rub outs, interspread with Willam Hurt as the go-between. Much of this silly, disjointed mess surrounds Hurt and Asante's obsession with Whalley, courtroom scenes that we've all seen time and again, and an ending that is unbelievable. 3/10 is probably going easy on this waste of time.",negative
"Aaran is one of the movies where you find the loop holes in Indian Cinema. Here is one good example to show how excellent writers, directors and actors succumb to the producers. Here is one of the most wonderful actors, Mohanlal, acting in a movie about a real story in Kashmir. The seriousness of the film is slaughtered with sub standard comic scenes and songs. There is this character, Havaldar Jaykumar, who in reality, is the son of the producer of the film. Hence, he doesn't have a hair cut despite his officer asking him to do so. This kid doesn't know what is acting and he is the ""hero"" of the movie. God Help Indian Cinema with such producers.<br /><br />This movie is a pathetic display of what happens in Kashmir. A sensible viewer can intuitively understand the constraints of such wonderful writers, actors and directors who want to share their real life experiences. But the unfortunate part is that a movie about the highest ranks in Indian Militia turns out to be a pathetic display that only makes one think that the movie was stupid.<br /><br />We should oust such producers in the film industry and pave way for good cinema.",negative
"Aaron Spelling produced this made for television western that gets awfully plotty for a seventy three minute film. It plays like a probable failed series pilot.<br /><br />Handsome Clint Walker is U.S. Marshal Dave Harmon, who wanders into Yuma, Arizona Territory in time to kill one of the brothers of the local bigwig rancher who is out on a trail drive.<br /><br />Walker takes the other brother to jail. Walker also meets a ""cute"" homeless Mexican kid who sleeps at the jailhouse. One night, Andres is snoozing when a villain and another man dressed in Army blue take the remaining brother into the street and kill him, pinning the murder on Walker. Not good for your first twenty four hours on the job. Walker visits the local Army fort, and rankles the chains of the commander. The bigwig hears of his brothers' deaths, and rides back to town in time to get his chains rankled as well. The local native population, who get short changed by the Army on their beef, also get rankled in the chains area. With all these chains getting rankled, Walker still has time to woo the local hotel owner. The Army guy involved in the murder ends up dead, the local cattle buyer is implicated, the indians do a lot of hesitant speechifying, and the climax brings about an unlikely showdown as Walker must prove to the town that the villainous cattle buyer had a boss, someone we have suspected as being too helpful all along.<br /><br />There is a semi-subplot involving the death of Walker's family at the hands of Army raiders, and I think this would have been the force behind the series, had it been picked up. Instead, the film ends abruptly, and I kept waiting for scenes from next week's exciting episode. Because of the fade outs for nonexistent commercial breaks, the pacing is all off on this and its story jumps in fits.<br /><br />Walker is handsome, rugged, and has a voice deeper than a well. The rest of the cast is full of television actors you have probably seen in other television movies. Much of the action is pretty lame, and the violence is tepid. The first brother killed gets a shotgun blast midtorso, and falls without a scratch on him. I did not expect ""Reservoir Dogs,"" but this is the wrong film to use to teach children about the evil of guns! Speaking of children, the Mexican kid here goes from ""cute"" to ""aneurysm inducing annoyance"" very quickly.<br /><br />If you dislike westerns, then you will dislike ""Yuma."" If you like westerns, then you will still dislike ""Yuma."" I cannot recommend it.<br /><br />This is unrated, but contains physical violence and gun violence.<br /><br />",negative
"A bad bad movie... terrible plot, hinges on Bolo Yeung's charater, but he speaks maybe 20 words in the entire movie and only has one fight scene - still in great shape considering he was also in the kung fu classic ""Enter The Dragon"" Interesting to see William Zabka (""Johnny"" from The Karate Kid) in another martial-arts role.",negative
"A badly-acted two-character comedy-drama abruptly transmogrifies into a weren't-we-awful-to-the-Indians polemic, with lousy special effects, exploitative use of nudity, and ugly violence. It's as sincere as a politician's handshake, as obvious as a car salesman's pitch, one of the worst movies in the history of the universe. Absolute and utter dreck.",negative
"A bad movie ABOUT a bad movie. Is that original, or what? If it is, then that's the only good thing about it. The lovely Ally Sheedy couldn't stop this bomb from destroying movie theaters and VCR's everywhere. It should also be noted, that she, and the other actors hired by Danny Aiello's character were billed as themselves, as well as the characters they played in his D-rated film. Calling it a B-rated film, is too much of a compliment, and would lead to delusions of grandeur.",negative
"A bad movie, but with one reel that is worth savoring. For most of the film, the jokes are bad, the songs are bad, even W.C. Fields is bad. Then there is one sequence with Bob Hope and his movie-ex; the dialogue is witty and the song (a version of ""Thanks for the Memories"") light, cynical and delightful. Who parachuted in for this one bit? Yet it makes the whole thing worth the original 25 cents admission.",negative
"A bad one.<br /><br />Oh, my...this is one of the movies, which doesn't have even one positive effect. Just everything from actors to story stinks to the sky. I just wonder how low I.Q. you should have to watch this kind of flick and even enjoy.<br /><br /> Is there something than this is worth watching for? Well, there is a lot of nudity involved, but it's nothing particular. And when you just think that it couldn't get worse, your realize that all the naked ladies looked like there are forty years old. C'mon guys, where did you search for these actresses. In elderly home, perhaps.<br /><br /> Anyway, the leading actresses has some sex-appeal and knows how to show it. Again, too bad, that she is too skinny & old. All in all, skip these one.<br /><br />2 out of 10",negative
"A bad Quentin Tarantino rip off, at least I hope that's what they were going for because at least then I could respect the director for admiring Tarantino. One scene a ""singing"" scene with Rose McGowan is far to well done and genius for this film and could have only been stumbled on by mistake by this director. So besides his Quinton inspiration and Rose McGowan and her one good scene this film sucked. Some of the crappiest dialogue I have ever heard, I'm willing to bet why McGowan doesn't speak much is because of how crappy her dialogue would have been. Tries to be funny, never is, tries to be dark and isn't, tries to be stylish and is just bland. Who dishes out the money to make movies like this, I'm hoping it was all the directors so no one else's money was wasted. If not for McGowan the whole cast is awful and when McGowan is your best hmmm, I gotta wonder.",negative
"A bad rip-off attempt on ""Seven"", complete with sub-second-grade acting, awful camera work, half-baked story and strong aftertaste of lame propaganda. Yeah, them ""sex offenders"", they live next door and you're gonna get raped, really.<br /><br />No surprises from the vice-terminatrix woman, she acts as always -- as convincingly as a piece of wood. Richard Gere keeps on sliding lower and lower -- and is about as low here as a late Steven Seagal.<br /><br />The singer woman with the crazy eyes is best when she's dead in bed; and even the wolf was sub-par (although she was the best performer in the movie) -- maybe they fed her before the shots, or something.<br /><br />Unlike ""Seven"", which had a (made up, but interesting) story, to which one could relate more or less regardless of the country, this movie seems to focus on a US-only obsession. If one doesn't care much about ""sex offenders"" -- and the statistics are that lack of exercise and bad diet cause more pain, suffering and death -- there is little reason to see it, or to be afraid.<br /><br />There are some body part fetishes and some snuff, but the gore is less then mediocre, and fails both as artistic device (because it is pointless) and as gore, because it is not gory enough.<br /><br />Don't waste time on this one.",negative
"A bare-faced rip-off of Se7en and not fit to clean its shoes. The word 'predictable' must have invented for just such an occasion as this. Lambert is wooden, as always (his moments of 'emotion' are laughable, as is his accent). The 'climax' is not that at all as we've had so many signals, and by the end we're simply immune to flesh, rotting and otherwise. Altogether a real mess.",negative
"A battleship is sinking... Its survivors, hanging onto a nearby liferaft, sit there doing nothing while we go into each of their minds for a series of long flashbacks.<br /><br />Even though Noel Coward's name is the only one that you notice during the credits, everything that's cinematic in it is because of Lean. And on technical terms, its very good. David Lean just KNEW films from the get-go. There are many moments where Coward's studied dialogue takes a second seat and Lean's visual sense takes centre stage. Try the soldiers getting off the ship near the end, and that whole scene; the tracking shot towards the hymn singing, the scene where we're inside a house that gets bombed.<br /><br />Noel Coward is one of the worst actors i've ever seen. He's totally wooden, not displaying emotion, character or humanity. You can see it in his eyes that he's not really listening to what the other performer is saying, he's just waiting for them to finish so he can rush out his own line.<br /><br />7/10.<br /><br />Its episodic, a bit repetitive, and the flashbacks overwhelm the story: there's no central story that they advance, just give general insights into the characters. Still, its an interesting film worth a watch - and a good debut for Lean. Its not a very deep or penetrating film, and its definitely a propaganda film, but its also a showcase for Lean's editing skills - its all about how the pieces are put together.",negative
"Abderrahmane Sissako may have known what he was doing when he made ""Bamako,"" but the rest of us can just sit back in mystification and confusion trying to figure out what that purpose might have been.<br /><br />The nominal ""plot"" involves a young African singer who's planning on leaving her unemployed husband to find work in the city. But far more of the screen time is taken up with what the publicists for the film describe as ""a mock trial against key financial institutions"" dealing ""with the overwhelming economic hardships of Africa."" That's all well and good, I suppose, but when the arguments and ideas are put forth in as undramatic and pedantic a way as they are here, they lose both force and impact. Put another way, if the director had found the means to actually incorporate issues such as the injurious effect of colonialism on the African people and the problem of African debt into anything even remotely resembling a compelling storyline, the film might have achieved the intellectual and emotional resonance it now so clearly lacks.<br /><br />The topics the movie is dealing with may be relevant and important, but trying to pass off what amounts to two hours worth of speechifying as an actual, honest-to-God movie is not likely to garner much of an audience for one's message.",negative
"A BDSM ""sub-culture"" of Los Angeles serves as backdrop for this low budget and shabbily constructed mess, plainly a vanity piece for its top-billed player, Celia Xavier, who also produces and scripts while performing a dual role as twin sisters Vanessa and Celia. A question soon develops as to whether or not some rather immoderate camera, lighting and editing pyrotechnics can ever reach a point of connection to a weak and often incoherent narrative that will not be taken seriously by a sensate viewer. Celia is employed as a highly motivated probation officer for the County of Los Angeles, while her evil natured twin has become an iconic figure within her fetishistic world largely because of erotic performances upon CD-ROMS, but when disaster befalls ""Mistress Vanessa"", virtuous Celia, determined to unearth her sister's vicious attacker, begins a new job as a ""sex slave"" at the private Castle Club where the specialty of the house is a ""dungeon party"". Two FBI field agents (whose deployment to the Vanessa case is ostensibly required due to her involvement with internet BDSM sites), in addition to a Los Angeles Police Department homicide detective, are assigned to investigate the crime, while endeavouring to provide security for Celia whose enthusiastic performance in her new vocation is avidly enough regarded by her customers as to have created conditions of personal danger for her. Flaws in logic and continuity abound, such as a homicide being allocated to L.A.P.D.'s Operations-South Bureau, a region of the metropolis that is far removed from the setting of the film. Direction is unfocused and not aided by erratic post-production editing and sound reproduction. The mentioned photographic gymnastics culminate with a batty montage near the movie's end of prior footage that is but tangentially referent to the scenario. One solid acting turn appears among this slag: Stan Abe as a zealous FBI agent.",negative
"A below average looking video game is turned into some sort of conspiracy to have the next terrorist discovered in the USA backyard. Welcome to the lunacy of cheaply made direct to video movies. Its full of no-name actors and actresses with little valuable plot.<br /><br />Anyway, this strange game goes on and our ""hero"" bets real money and does good at it. It is sort of like gambling, except the gambling part is gone and it sucks. Instead its an online game with little real value and you get authorities on your tail if you do good.<br /><br />What makes it even stranger is that two strange computer programs battle it out somehow and all is saved in the end. I will leave the viewer to see how it all comes to fruition.<br /><br />Overall, not even worth a $1 rental. Borrow it, please. ""D-""",negative
"A better film could have been made to portray the tragedy of Bosnia. Some parts are very effective and the film does well to give some idea of the suffering of the people specially the children, but overall it looks less like a film and more like a documentary. Woody Harrelson is very good but the rest of the cast has performed well without being extra ordinary. Should be watched in order to get a rough idea of what the war did to the children of Bosnia. If one expects a great and gripping movie, Welcome...... will be a disappointment.",negative
"A bickering, American family, vacationing in the west, discover a strange ghost town in the middle of the desert. Little do they know that this ghost town was once a test site for nuclear bombs, and a deadly presence is stalking them. I generally love mystery-horror films like this. ""Cube"", Spielberg's ""Duel"" and ""The Birds"" are all great examples of movies that give no answers but nonetheless leave us intrigued and wanting more. Apparently, ""Disappearance"" writer/director Walter Klenhard was trying to make just that kind of film, and whether or not he succeeded is up to the viewer. I personally think he got about half way there, then the film just sunk.<br /><br />The actors are all kind of just ""ho-hum"". Their not especially bad but we as an audience never really feel their fear and they react to situations in unrealistic ways. Is anyone else absolutely SICK of characters just walking out off to investigate strange sounds?!?!? At least give them SOME kind of justification for doing so!?!?!?<br /><br />As far as made-for-TV films go it's an above average fair for sure. Director Klenhard Should be commended for really milking the desert environment for everything it offered and some of the setting were striking. There's a really cool scene where two characters find an old nuclear test ground were the sand had been completely melted to glass for as far as the eye could see. I wonder if that was real<br /><br />No gore to speak of, and the 'creatures'or what ever the hell it is that's after these peopleare never shown, not to mention that we are never even given a real clue as to what they are (Mutants, aliens, ghosts or ancient evil Indian spiritsOh, that really narrows it down for us!) or where the come from. <br /><br />There are lots of clichés here, too. Why is it that towns-folk in these kinds of films are always really, really dumb? Why is there always an old guy everyone thinks is crazy that turns out to be correct? Why? Why? Why? How 'bout a NEW scenario, folks! <br /><br />""Disappearance"" tries to be different and intelligent but ultimately fails in that in many ways it's too familiar to us fans of direct-to-video horror fodder. Hey, I've seen much worse films, and disappearance ain't bad, it's just too Average.<br /><br />4/10.",negative
"A big disappointment for what was touted as an incredible film. Incredibly bad. Very pretentious. It would be nice if just once someone would create a high profile role for a young woman that was not a prostitute. <br /><br />We don't really learn anything about this character, except that he seems to be a hopeless alcoholic. We don't know why. Nicholas Cage turns in an excellent performance as usual, but I feel that this role and this script let him down. And how, after not being able to perform for the whole film, can he have an erection on his deathbed? Really terrible and I felt like I needed a bath.",negative
"A big waste of time is all you'll get out of this bag. I rented this hoping for a suspenseful movie with maybe a few believable scenes, but boy was I ever dissapointed. I think the title should've been ""Camping 101"", or something to that effect. Well, anyway, stay the hell away from this film. It numbs you to death. Don't be afraid of big foot, be afraid of this crap!!",negative
"A bit of a disappointing film, I'd say: the acting was stilted, somehow. In many cases, I just couldn't feel that the facial expressions matched the words spoken or the intent of the scene. An angry (or sad, happy, frustrated) character should make the viewer believe that he's angry (or sad, happy, frustrated). That doesn't happen here.<br /><br />The comment about the writers assuming you already know the characters was apt. They do things and say things which come out of nowhere: the character Andrew accuses his parents of sending signals to each other at dinner; then he blows up and storms out, telling his father ""Don't touch me, you f***!"". Maybe, if we'd seen the prequel, we would understand where all that comes from, but there is no prequel, so we're somewhat at sea as to the reason! <br /><br />One odd, quirky thing that Andrew does is to go to an old stone quarry, sit down on the edge overlooking the ""still water"" below; then he reaches into his jeans pocket and extracts a pack of cigarettes and lights one up. He did this same thing three times during the film; I guess we're supposed to see this as some tortured act of being alone and angry? Maybe once, but three times? It might even have been four times, I lost count.<br /><br />To be honest, there is the fact that he's recently found out that he's adopted; this happens very early in the film so there's no sense of any dramatic change he might be undergoing because of this discovery. It's not really clear if that's why he's so bitter or if it's about something else.<br /><br />I guess there is a sort of Lynchian feel to the film but should a first-time director really be trying to scale such a mountain so early in his career?",negative
"A bit too much Mediterrenean machismo for me. The cast was beautiful, lovely to watch in all of the romantic scenes. The locale was beautiful with azure skies and azure water. It just was not convincing to me that such an egomaniac crud bent on nothing but his building, could attract so many beautiful, vulnerable, women. Only in the Mediterranean I guess. Certainly in no world I am familiar with. The macho men were really obnoxious, and I found it difficult to believe that the female characters could have anything to to with them for so long. The screenplay, cinematography, directing, etc. was set up to deliver a Class B film, the central effort being on showing scenes of beautiful exposed female breasts. It was aesthetically nice for a while but it could not sustain a very mediocre film.",negative
"A black guy fights ..... and supposedly wins .... yeah ... 1/10. Obviously fiction.<br /><br />So we're presented with a damm nice title, a real nice tag line and even a nice plot line .. Thats about it, thats where it ends.. We move into fiction after that.<br /><br />Michael Jai White, the black guy so don't get confused with the name.. portrays a black guy.. Umm, thats all there is to the name..<br /><br />Its so hard to find decent help, must have hired the black guys friends to help cause the low budget, low ineptness of this movie, has the camera's shadow trailing the first scenes.... Yeah obvious idiot moment for the average guy like you and me.. but yeah...<br /><br />10 lines. review submitted,. if you paid to see this movie, you got screwed.",negative
"A Blair Witch-War Movie that is as much of a letdown as Bwitch was! The title says it all, save your money and your time and spend it on a good movie such as ""Once Upon a Time in America"", ""The Shawshank Redemption"" or ""Enemy at the Gates"" (if you want to watch a GREAT ""war"" movie) etc.<br /><br />This movie, if it were a baseball team and the Major Leagues were the pinnacle and Single A was the rookies, then this movie was High school ball. It was filmed as if it were a High school drama club filming with their daddy's old camera. Sure they went into a hostile area (to make a film) but I don't call that brave, around here we call that plain stupid! This is a pass all the way! Now go watch it and then you tell me what you think.",negative
"A blatant rip-off of ""Air Bud"", this movie is REALLY about parents worrying too much about parenting. All the foibles of the characters (eg; adult coaches who dont know the game) are taken to the extreme- so much so that they are totally unbelievable, not funny.<br /><br />There is no semblance of reality here, folks and you'll not develop sympathy for ANY of the characters.<br /><br />The best thing about the movie is the good looking kits (uniforms) of the opposing team in the first game the dog plays. Perhaps chosen because the setting is supposedly near Arlington Heights, IL, the home of the Columbus Crew's franchise player, Brian McBride.",negative
"A blind person could have shot this movie better...seriously! The director is clearly a novice. He must be Dennis Hopper's coke dealer or something to convince him to be in this movie. I felt so embarrassed for Dennis.<br /><br />To John, the director...PLEASE retire from directing. Your contribution is not needed nor wanted. The medium of film is stronger without you. You are terrible at directing. Stick to bagging groceries or something.<br /><br />This movie should've bypassed ""straight to video"" and gone ""striaght to the trashcan."" I'm a dumber person for having seen this movie. DO NOT SEE THIS MOVIE IF YOU RESPECT YOURSELF AND RESPECT THE ARTFORM OF FILM!",negative
"A bloody maniac with cannibalistic tendencies rapes a woman. He's been shot by two policemen and then he is risen from the grave because of some sort of satanic ceremonial rite preformed by an evil heresy. The hunting of women continues by this zombie-demon. The sacrificed baby returns from the grave and wants the maniac dead again, but only with the help of the police this will come true...<br /><br />A bloody 65-minute mess...Horny zombies, doll-babies, S&M, corrupted and twisted policemen, repented heretics who seek refuge in front of Jesus Christ and three text-screens at the end of the film explaining us what finally happened to the policeman who survived (yes, we ought to know!)... Two decent disemboweling shots can't save the situation. I've seen worst horror-flicks, but this one was pretty bad too. Recommended only for the die-very-hard fans of the genre.",negative
"A bondage, humiliation, S&M show, and not much else. The plot is flat, really just a banal setup for the stylishly depraved set-pieces. The host of the aforementioned show, a silly little man who spouts drivel while prancing around the stage in dresses, was almost as painfully distracting as the attempts at artful editing. The dream-like ending felt tacked on. To the film's credit though, Aya Sugimoto was fairly convincing as the tortured lead. Flower and Snake has been compared with Eyes Wide Shut but aside from some minor surface similarities, Kubrick's is easily the more layered, artistic, and atmospheric picture.",negative
"""A bored television director is introduced to the black arts and astral projection by his girlfriend. Learning the ability to separate his spirit from his body, the man finds a renewed interest in his life and a sense of wellbeing. Unfortunately, the man discovers while he is sleeping, his spirit leaves his body and his uncontrolled body roams the streets in a murderous rampage,"" according to the DVD sleeve's synopsis.<br /><br />The synopsis isn't entirely correct, as it turns out.<br /><br />Anyway, the movie opens with a dizzying ""out-of-body"" example of handsome director Winston Rekert (as Paul Sharpe)'s newly discovered ""astral body"" experience; it also foreshadows an upcoming dogfight. Young Andrew Bednarski (as Matthew Sharpe), being a kid, draws pictures of ""The Blue Man"", as his murder spree begins. Handsome detective John Novak (as Stewart Kaufman) discovers the victims are connected to Mr. Rekert. Mr. Novak's investigation leads to the supernatural; a prime example of which is Karen Black (as Janus), with whom Rekert fears he is falling in love.<br /><br />Several in the cast perform well; but, ""The Blue Man"" winds up tying itself up in a knot. Aka ""Eternal Evil"", its unsatisfying story tries to be far too clever for its own good.",negative
"A boring movie about a boring town in the 50's. How can anyone think this is a classic? The producer pretty much ended his career by pushing his girlfriend, Cybil Shepard, into several movies that were way above her acting ability. I think this movie gives an insight to how bad Peter Bogdonovitch's future movies were going to be. Cybil Shepard's career took a dive after being in several movies that Peter Bogdonovich produced. It wasn't until ""Moonlighting"" that her career started to come back. I thought the acting was poor rendition of the, ""Graduate"". I have noticed that this movie hasn't been shown in the US. The only place I have watched it was overseas in Europe late at night.",negative
"A boring movie about a miserable loser...that's Factotum in a nutshell. Matt Dillon plays Henry Chinaski, alter ego of author Charles Bukowski upon whose novel the film is based. As we meet Chinaski he may be a writer but he's certainly not a successful one. He floats through life, getting fired from one menial job after another and not caring a bit. The fact that he's always drunk may have something to do with his not caring. He meets a woman, Jan, played by Lili Taylor and a relationship ensues. Chinaski moves into Jan's apartment and now instead of getting drunk by himself he can get drunk with somebody else. Good times. Eventually he's had enough of this relationship so Chinaski strikes out on his own. Unfortunately he still can't hold down a job so soon enough he's broke. At this point Marisa Tomei shows up and for some reason her character, Laura, decides to rescue this miserable drunken loser whom she doesn't even know. We soon meet some of Laura's acquaintances and the film veers off into a sort of bizarro world with this rather eclectic bunch. Soon enough Tomei and friends are out of the picture and once again we're left with Chinaski and his drinking and his miserable little life. There's some more time spent with Jan but mostly there's just time spent being a drunk, unemployable loser. And then the movie's over and not a moment too soon. 94 minutes of absolute monotony and it seems infinitely longer as the movie drags on. Nothing happens. Nothing ever happens. If you want to spend an hour and a half of your life watching Matt Dillon drink then this is the movie for you. If you're looking for a compelling story, well developed characters or any entertainment value whatsoever then you've come to the wrong place. Dillon's performance actually isn't bad at all. Too bad the movie which surrounds him is in fact rather bad.",negative
"About 15 minutes in, my wife was already wanting to leave. Not so much because of the material, but the lack thereof. They decided to fill in the blanks where the funny stuff should've been with as much language and absolutely vulgar talk as they could. When this would let up (very rare), we'd sit back and watch (not laughing, mind you) and wait for the next gross-out or offensive remark(s). After about 35 minutes, we both got up and left. Everything we'd read said how great this was. The trailer looked good and Roger Ebert actually called it ""intelligent"" and said it wasn't a crude sex comedy. Did he go to the right movie? Along with Be Cool, it's the only other movie I've ever walked out on...and I have no regrets. I'm sick of trying to go see comedies in America.",negative
"About 20 minutes into this lame excuse for a movie, I realized it reminded me of one of those annoying people at work who're always telling really lame jokes or doing extremely unfunny things, because they think it's funny and are trying to entertain everyone. <br /><br />This film is billed as starring Traci Lords, she's not that bad of an actress, but her lines aren't funny and SHE'S NOT THE STAR<br /><br />The acting is some of the most god-awful I've ever seen, except for Lords, the girl who plays Casey, and maybe the Colonel-who seems oddly out of place. I can't imagine why a retired military Colonel would want to start a SNOWBOARDING ACADEMY. Do those even exist?<br /><br />The budget would've been better spent coaxing these women into doing a full length porn feature. <br /><br />""Freddy Got Fingered"" currently has a 3.5 score, ""Frostbite"" has a 2.7. I'm baffled these two movies are within a 1.0 to each other, FGF is ""The Godfather"" compared to this garbage.<br /><br />1/10 stars",negative
"About 4 years ago, I liked this movie. I would watch it over and over and over. But now... I don't. Actually, I think this movie would have been great for Mystery Science Theater 3000. It has a bunch of comment-heavy actors (Macaulay Culkin, Christopher Lloyd, Patrick Stewart, Whoopi Goldberg), and a pretty cheesy plot. My favorite part is when Culkin is riding his bike and he comes across a gang and a gang member says, ""Hey, Tyler! Where ya goin'? The MOON??"" Also look out for the classic line, ""Do you have feeling in your toes?""<br /><br />On the other hand, it's better than ""The Good Son"".",negative
"About 5 minutes into the movie you're thrown into this brutally tepid cat and mouse romance between the two main characters and it just gets worse from there. The biggest problem is the characters and how completely unbelievable they are. This is what 50 year old producers and out-of-touch Hollywood script writers think stoner life is like, as if they gave the cast of Friends some pot. Bland, dull, annoying and completely unrealistic. I despise this movie.",negative
"About five minutes in, and I saw where this was heading. Bunch of high school kids get annoyed by the school's administration and thoughts of rebellion start fomenting. I said to my girlfriend: if it gets below a 5 on IMDb, I'll go and read a book. It got 5.0, so she persuaded me to go on watching. What are the good things? Well, it is a good thing this film does not have a story, because you would surely be distracted from it by the editing. It's like the student's drawing that was torn up by one of the teachers, all the footage for this film was cut up in a freak accident involving a meat-grinder, and left half the stock destroyed, with the other half spliced into two-second bits. Even in a ten-second scene of the local TV news, there are about six cuts and three different angles. And then there are the montages. These are all set to electronic music, which forewarns you of yet another montage, so that like Pavlov's dog you start cringing every time you hear it, which is about every three minutes. Oh, I was supposed to say what's good about this film. Well, the film was shot very well, with a nice color palette, that nicely matched the emotional content - such as there was - of the scenes. Okay, now with the film's major flaw, and it wasn't the story, or lack thereof. The director made that fatal mistake of leading you astray about people and situations, not by clever storytelling, but by being highly selective about what to show about the main characters. That's just cheating. I guess he did it in order to make the central character more likable. But it just became plain annoying. If the story is full of holes, it's no good trying to patch it up by misdirecting the viewer. And often there wasn't even any point to it. And then the ending. Basically, the main villain of the peace turns out be an okay guy, if a coward. Plus it turns what seemed to be the whole point of the movie, that you should stand up for a just cause on its head, by the already mentioned misdirection, and makes it into a point about the nature of revolutions, that was already made, and much better, by animal farm. It also committed what I call the Bill Cosby sin: no matter how things may seem at first, in the end adults are always right, and children always wrong. And let's face it: unless you're me, that's just not true.",negative
"About five years ago, my friend and I went to the video rental store to get something to watch. My friend saw Space Truckers on the shelf, and so we got it. Once we got home and started watching it, we realized what an absolute piece of crap it was! A beer can floating in space? A guy taking a dump in a toilet? A guy with a mechanical dick who tries to arouse a women by saying, ""Whizz, whizz!""? WTF!!! The dumbest, stupidest, most retarded, horribly throne together piece of trash my eyes have ever been exposed to. My friend and I still refer to it as THE worst movie we have ever seen. Only one other movie has come close to its crappiness (and that would be the stupid Jackie Chan flick, ""The Medalion""). If you eyes ever see this piece of junk on the shelf at your video store, proceed to do the following: 1. Take it off the shelf and throw it to the ground. 2. Stomp on it for at least 30 seconds. 3. Proceed to set it on fire in a contained facility (bathroom stall). 4. Lastly, take it to your local hazardous waste management facility immediately so that it may be properly dealt with.<br /><br />STAY AWAY FROM ""SPACE TRUCKERS""!!!!!!!!",negative
"About halfway through, I realized I didn't care about these characters in the least; however, I watched a bit more anyway. Regrettably, I came back the next day and finished it. I shouldn't have bothered.<br /><br />If you know *anything* about the film beforehand, you know that the lead character will be a plane crash survivor - and the title gives you a pretty good idea of what's gonna happen afterward - he's gonna get on the phone and call people about it! That was almost as bad as ""Snakes on a Plane"" (another bad aviation catastrophe flick).<br /><br />I realize this is an old film, and the acting style in those days was much less naturalistic than today. But even by those standards, the acting was embarrassing. These weren't characters, they were stereotypes. I suspect this movie was, more than anything, an attempt by Bette Davis to help her husband's (Gary Merrill) career. To no avail however - I have seen oak trees display more genuine emotion than he did.<br /><br />Davis' playing the happy cripple (i.e., a non-glamorous role) was probably looked on as an edgy and bold career move. It wasn't. It was just boring. She was a kind of Tiny Tim in the film, making Trask (Merrill's character) see the truth about love and forgiveness (although she was less winsome than Tiny Tim), calmly dispensing wisdom about life and relationships without a hint that her beloved husband had just died.<br /><br />The final scene, where Trask calls his wife back in Iowa to reconcile, was so affected and over-acted on both ends of the phone line, I almost cringed. I had to remind myself that these people actually got paid for what they were doing in this film.<br /><br />I noticed a lot of people seem to have enjoyed this movie. If you found it uplifting , that's great. But frankly, I just found it bad. There are plenty of old movies from the Golden Age of Hollywood that were far better written and acted.",negative
"About one step above an Olsen's twins film, there's a nary a surprise in store here except for how repulsive the bloated, hunchbacked Depardieu looks walking around the beach without a shirt on. This guy was supposed to be some sort of heartthrob? Quasimodo hubba hubba? Well, whatever.<br /><br />Katherine Heigl's a great actress, whose career over the last several years has displayed a lot of her potential as both a comedic and dramatic actress, but this movie definitely didn't do anything to offer her a break-out role. Her vapid character lacks any trace of personality or self-esteem, spending her entire vacation crushing on a cute boy that she thinks is the greatest guy in then world (basically because he's a cute boy), yet she can't be honest with him for two seconds. Ladies, let me tell you something; if a guy's really into you, he's not going to stomp off in a huff because you tried to pass your dad off as your boyfriend. He may be a little confused about why you'd do something so silly, contrived, and um...incestuous, but in the end it's just going to be something you'll laugh together about.<br /><br />The plot and dialogue hits every clche' right on cue. No originality and no wit...but it's rilly, rilly SWEET and Ben's rilly, rilly cute so viewers who think Titanic is the greatest movie ever made will of course say this movie is great because they won't notice that it doesn't have a brain in its head. One star.",negative
"About the baby: Why wasn't big brother assuming he'd be hungry for a bottle or some nourishment or a diaper change? He should have been screaming non-stop after that many hours without care. Definitely stupid to take the baby from a safe place when he didn't need to.<br /><br />And why was the road miraculously clear whenever anyone wanted to drive somewhere? Didn't any uprooted trees fall on the roads and block them?<br /><br />I can't imagine the cops at the roadblock not immediately following after any young person who would crash it, especially when they said it was dangerous to go there.<br /><br />That being said, it was nice to have a movie children could safely watch, for a change.",negative
"About the movie itself, there are ample comments. <br /><br />I just wanted to say something about the German version, which I have seen recently on TV. It is heavily cut. From 103 to 76 minutes! It is usual that the most bloody scenes are cut for German TV. I understand the reasons for that, but this movie was something else. They did not only cut ""gore-shots"" - they have cut entire sequences, sparing only glimpses. Like: ""WE have to attack THEM"" - one 5 second shot of explosions in the camp - protagonist running away.<br /><br />When the assault on the island begins, it isn't even possible anymore to follow the storyline. All the cuts create something that amounts to a string of erratic, disconnected scenes that don't make any sense anymore.<br /><br />I could not stand to watch the end after spending 60 minutes on this nonsense.<br /><br />I think I would have given the original 7/10 The German version is worth only 1/10<br /><br />Get it on DVD (and check the runtime first) or forget about it.",negative
"About the only thing I liked about this film is that there was JUST enough in it to keep me in my seat to the end... I kept thinking that maybe in the NEXT scene things would gel... Alas...<br /><br />Those who like Gus Van Sant's films - especially his later ones - will probably like this. Personally, I find van Sant's films to be dull, pretentious and facile. Well, he was an executive producer for this film, so it is no surprise that the film could almost have been made by him - although personally I actually liked this better than van Sant's latest efforts (e.g. Elephant).<br /><br />Contrary to many here, I did not think the film was difficult to understand or disjointed, I thought that above all it is a film that wishes to portray a certain mood - the mood of an adolescent moving slowly into the adult world - but so slowly that the changes are barely visible if at all. But I feel that the problem with the film is that ""mood"" is not enough... and not only that, but that the mood painted here is, to my mind, incorrectly chosen for the story that is supposedly happening. The dream-like quality, so closely linked to nature, is beautifully captured here, but it is a mood which belongs much more to a much younger child, one who really still does get totally caught up in watching nature unfold (waves on a beach, grasses and flowers, spiders etc). The rhythm of the film reminds me of my summers when I was about eight or nine. There is a LANGUOR to the film that is in opposition to what SHOULD be a very tense time in an adolescent life. When you are caught up in a crush on someone - or being the object of bullying at school - you are anything BUT languorous! There are only two moments that truly worked for me in the film...SPOILERS HERE - first when Logan drops the groceries and his mother throws a bit of a fit. The frustrations of an adult dealing with a klutzy kid - especially with no father present - seemed real to me.<br /><br />The second, and ONLY part of the film with any tension to it, were the scenes where ""Leah"" (Logan's re-creation of himself) phones Rodeo and tries to seduce him into phone-sex. The first reason I liked it is because the person who did the voice-over of ""Leah"" was the most convincing actor in the entire film. (It made me think of Claire Danes from My So-Called Life ...the voice even sounded like Claire.) She and Rodeo had the only scenes that seemed totally believable between the kids. And what I especially liked was the fact that Rodeo only pretended to play along... it was perhaps the best moment in the film as - finally! - we got some character development.<br /><br />All in all, a somewhat misplaced effort... we will have to see what he does in his next film before we can really say much about the director's possible talents. In the meantime, if he can get away from van Sant's influence, it might do him a world of good. Who is this director anyhow - one of van Sant's boy toys?",negative
"About the spoiler warning? It's not ""may contain"", it -does- contain spoilers. Readers beware. <br /><br />Okay, first I need it to be known that I'm not bashing the actors. They're just working with what they're given. The problem was the script. It was horrendous. There was NOTHING believable about it at all. Sure, when you have a movie based on a murderous hitchhiker, there's going to be the bad mistake here and there that puts you in the terribly horrific, movie-worthy situation. But these girls just made stupid decision after stupid decision. The only girl smart enough to ever try and call the police was the girl added towards the end because he'd already killed one and hit another with a car. Speaking of hitting her with a car...why the hell did she try and outrun a truck rather than run to the side like a normal person? Also, does the one who wrote the script honest to god believe cops are not going to investigate a door covered in blood? Frankly, it wasn't suspenseful either. The only suspense I was feeling was the frustration at just how retarded the girls were. Well, this rant has gone on way longer than I meant to for such a bad movie, so I won't bother to touch on the end besides the fact it's unrealistic and lame.",negative
"About the worst movie in distribution right now! I love zombie movies and saw this in the used rack so I thought why not? Oh my god a shame to zombie movies and fans to the genre! Whoever made this movie needs to put away your camcorder and go to film school! There are so many gore hounds out there who have put time and effort into their films and they have something that this film doesn't dignity. I know it what it takes to make films and I'm sure there was a lot of money and time spent in making Meat Market but none of that money and time went in to making it good. You need actors, a script, a real camera, invest in some books on how to make independent films. I don't know how you got a DVD release but whoever did that is either a really good friend or banging their head on the wall. In gore films it is quality not quantity, the effects are weak! I was so angry that this is actually in stores and that I couldn't get my money back. Please if you have seen this film write here and put an end to shlock. I know I'm being very harsh, I only had 10 lines so I'm trying to get to the point.",negative
"...about this film was the title song. After 30 minutes, I discontinued watching because it was so lame. Bad story, bad actors, bad movie. If you want to watch a good movie, watch Pulp Fiction instead.",negative
"About three minutes into this thing I started fast-forwarding, pausing only during the nudity (why is it that bad movies always include such good looking women?). In ten minutes I was done, and wishing I could get my money back from the rental store. The people who write these movies should be sanctioned by the MPAA. Come on writers - the bad guys ALWAYS get into the car with the bomb activated by the good guy's remote control! That's the way its been done since the days of the Ottoman Empire! Also, to add insult to injury, the ""twist"" at the end was so formulaic, that it could have come from any action movie written in the past 25 years. Burt Reynolds was fine, but he should concentrate on real movies.<br /><br />This movie is just a waste of time - Run away! Run away!",negative
"About time they released this movie on DVD. I know some say WB rush the release of this movie because of The Dreamgirls movie. But, how can you rush the release of a movie that's been in you catalog since 1976.<br /><br />I'm very disappointed with the DVD release of this movie, no special feature, no 5.1 DD sound. come on WB, you can do much better then this. The audio and picture quality on this movie needs some serious help.<br /><br />Seem WB didn't place as much time and attention to this movie because it is a black movie and my have okay sales. They could have kept the CD which by the way dose not have all the songs the original CD has. <br /><br />Would I recommend this DVD for purchase. Yes, because it is a classic film. But WB need to go add some more special feature. Take notes from other group movies, The Five Heatbeats, or The Temptation were you may view just the performance, and the sound on both are much, much, much better than this DVD.",negative
"About twenty minutes into this movie, I was already bored. Quite simply, these characters were fairly dull. Occasionally, something enjoyable would happen, but then things would slow down again. Fortunately, my patience was eventually rewarded, and the ending to this movie wasn't bad at all. However, it was by no means good enough to justify sitting through the first ninety minutes. So, I would say that the movie was mediocre overall, and considering all of the talent in the cast, I'd call this a disappointment.",negative
"About your terrible movie copying Beethoven. As a professional musician it's my duty to watch every movie made about any composer and Beethoven is one of my favorites. When Hungarians and Americans meet, it's a terrible combination of empty over the top emotions combined with the worst taste possible. You proved it in your terrible b-movie. The only thing that carries the movie is the music. Of course you didn't bother to look further than the good but in my taste contrived performances of the Tackacs quartet, but OK I have to admit that the performances at least have quality as contrast to the movie you've made. It starts of with the dying DEAF Beethoven who perfectly understands Anna who is merely whispering. Beethoven's hearing during the movie get's better by the minute, but that must be because of some vague divine thing. Then there is the quite impossible semi-pornographic ""eyes wide shut"" double-conducting scene which is totally over the top with the luscious Anna and the crying nephew in the end (who also cries in the deleted scenes with constant red eyes, my GOD what a performance). And as culmination the rip-off from Amadeus, with Beethoven dictating music to Anna not in notes but in total nonsense, which she understands perfectly but no-one else in your audience even trained professional musicians will understand. Of course your reaction will be that negative response is a response at least, but I can assure you that Beethoven himself is turning in his grave because of your worthless creation and with reason. This so called homage is blasphemy and I am so sorry to have rented one of the worst movies ever made even though it's about my favorite subject. Ed Harris and others, you cannot comprehend the greatness of Beethoven in your wildest dreams and certainly not after a couple of lessons in conducting and violin playing. That's the trouble with you Americans: you think you can grasp everything even when it takes a lifetime of hard work. Yeah we can do it anyway! Remember that a good product comes with hard labor, talent, devotion and professionalism. All these you creators of Copying Beethoven lack. See you in kindergarten.",negative
"Above all, you must not take this movie seriously. It takes itself seriously, unfortunately, but that can't be helped. This anime ninja flic has to be the crowning achievement in spoiling what could have been an endearing, if unoriginal, story with bad plot twists, ridiculous time-killing cutscenes, and one outrageous guest appearance which will either make you laugh or groan (or both, like me).<br /><br />While I'm typically a fan of ninja/samurai anime (Ninja Scroll and Rurouni Kenshin to name a few), this one has to be the exception. For the record, from a technical point of view of its time, this movie was very well animated and constructed. It is just the plot that stunk. The authors of this movie clearly decided (for what rational reason I don't know) that they could somehow make up for the lack of a script if the character halfway around the world in search of a treasure that (he learns) his father fought and died for. In the process, he saves a black slave named Sam, meets a French girl who is living in an Apache village, makes friends with a ninja clan whose members then try to kill him, meets more family members then he knew he had in the weirdest places and circumstances (and whom all subsequently die at some point in the movie).<br /><br />Even so far, these ludicrous plot twists could be excused, but then come the two ""guest appearances"". #1: After having a ridicuously cliche showdown with two cowboys, Jiro meets a man who introduces himself as ""Mark Twain"". At this point, you're probably saying ""What the ****?!!"" This ""meeting"" serves one purpose: it entirely discredits a movie which tries to add to itself an educated historical background. I found it disappointing that the authors went to all this trouble to research the 1860s US and didn't manage to realize that ""Mark Twain's"" real name was Samuel Clemens. #2: When Jiro finally finds the treasure, it turns out that it used to belong to Captain Kidd. I can hear the groans of disgust now.<br /><br />Finally, there are the running scenes. These scenes show various characters running, with the landscape moving statically behind them, for several minutes, and there are a lot of them. It is these scenes which make this movie, 2hrs 12 min, to seem to last a week and a half.<br /><br />If you and your friends are looking for a bad subtitled movie that just asks to be made fun of, this is it. Feel free to poke fun at every possible aspect of it, and have fun. Just don't take it seriously. 3/10",negative
"A box with a button provides a couple with the opportunity to be financially free, but the cost is the life of someone they've never met. This is a very tedious film to watch. Richard Kelly, who wrote and directed it, decided to make a film without any payoff. You are taken on a ride of slow build ups, one after the other with minor revelations at best. At certain moments, I thought to myself, this will have major significance at the end, but nothing does. The film just leaves one thinking, ""This story could have been told in 30 minutes, without all the stretched out nonsense."" I will hope you avoid this god-awful film and maintain your sanity by doing so.",negative
"A Brazilian cable television is presenting ""Yadon Ilaheyya"" this month in its ""Cult"" channel. I saw the trailer and listened to the advertisement, and decided to see this movie. Indeed it is an absurd boring pretentious dumb pointless disconnected crap about the conflict in the Middle East, and together with ""Soultangler"", they certainly are the worst movies I have tried to see. I really wasted forty-three minutes of my life watching the first half of this crap, highly indicated for torturing enemies. How can this movie be awarded and nominated to prizes inclusive in Cannes? My vote is one (awful).<br /><br />Title (Brazil): ""Intervenção Divina"" (""Divine Intervention"")",negative
"A brilliant professor and his sidekick journey to the center of the earth in a huge machine which screws its way to the core. There, naturally, they find all kinds of things that are intent on killing and eating them. Plus, of course, a love interest for the young sidekick. Ho hum, does the plot never take a different tack?",negative
"A British teen movies which centres around a girl (Justine) accidentally creating her dream man (Jake) in by the use of a virtual reality machine, there is only one problem (well.not just one) she gets trapped inside his body with a geek as the only person who knows the truth and the only person she can trust. It sounds a lot worse than it is, I found it more watchable for the reason that Laura Fraser was starring in it more than the film content, indeed she looks stunning throughout especially when she dresses in a red lycra dress in order to impress Jake, WOW!!, If only I had a virtual reality machine",negative
"A broke would be screenwriter and his would be agent (Tom Wood and Arye Gross) are forced to live in a self storage facility run by an eccentric and intimidating manager (Ron Perlman) whom they come to believe is the serial murderer that is terrorizing the city, the ""Costume Killer"" (so named because, after injecting his victims with Windex, he dresses them in silly costumes). They convince him his life story would make a great film and gather together a group of misfit wannabe film makers (John Considine, Joe Pantoliano, Kristy Swanson) and discover that the art of movie making can be murder.<br /><br />There is more to this movie but it was unfortunately left on the editing room floor and it shows (rumor is the studio wanted a ""lighter"" dark comedy). Our loss (and the actors, who all do fine jobs and deserve better) as this has the makings of an exceptional black comedy but only rises to mediocre cute.<br /><br />If you're a Ron Perlman fan this is absolutely worth getting just for his performance. His comedic timing is excellent and he has the chance to do some really great impressions (he wasn't kidding when he said on the Hellboy movie commentary that he needed an intervention when he gets into Jerry Lewis mode). He's just simply fun to watch in this one. <br /><br />David Dukes also shines in a two-scener (but pivotal) role.",negative
"Absence of a GOOD PLOT, absence of decent ACTING, absence of good CINEMATOGRAPHY, absence of decent looking SPECIAL EFFECTS...need I go on? Review MAY contain SPOILERS. The actors appear to be READING their lines, and not very well at that. Most of the ""actors"" were acting like they were in a SECOND GRADE play. The story appeared to have been written by one of the aforementioned second graders...it's not really all that convoluted...it's just so SIMPLE and DUMB, that a person thinks they must be missing something so they think it is convoluted. Nope it's not, it's EXACTLY as SIMPLE as you think it is. I UNDERSTOOD the ""film"", that's how i KNOW that it STUNK! MOST of the film just had people sitting around talking(reading their lines), TRYING to look sinister. The narrator was ANNOYING. The ""special effects"" were LAUGHABLE. I love low budget movies. I also like Carolyn Munro, Tom Savini, Jack Scarry, and Michael Berrymore...just not in THIS movie...you can tell they weren't getting paid, or weren't getting paid much, because neither their hearts NOR their talents were in it. I LOVE Tony Todd...however, he was only adequate in this movie. In fact, Tony Todd's performance is the ONLY reason I gave it 3 stars instead of 1...and Tony was only in it for a whole TWO MINUTES (seriously)! I would suggest to fast forward the DVD to the two minute Tony Todd segment. If I had gone to the theater, and paid more than a DOLLAR to see this ""film"" I would have been P.O.'D and demanded my money back. Hopefully the people who made this will do better next time.",negative
"""Absolute Beginners"" was a film for the younger generation, a multi-time film that discussed the issues that teens were facing in Britain and how these troubled, constantly hitting each note, teen's problems can relate to the youth of tomorrow. It could have been dubbed the ""Moulin Rouge"" of the 80s, but it disappeared. It made its very shallow mark on the world, snuck under the radar, and can now be found collecting dust at either the musical section, the comedy section, or the politically obscure section of that seedy video store that doesn't need chain money to survive. Alas, that wasn't where I found it  but I found it, watched it, tried my hardest to sing along with it, stared into Bowie's eyes, but found myself faded by the end. Did it not survive the test of time? Is 1950s London too far removed from our current society? Is Bowie too creepy? I think ""Absolute Beginners"" falls somewhere into each of these questions as the perfect example of cinema that starts out with a bang, but withers to a mere sparkle by the end.<br /><br />""Absolute Beginners"" opens with a huge number that takes us through the non-gritty streets of London which involve theft nightly, prostitutes on every corner, dance throughout, booze like rivers, and the swankiest ties on nearly every individual. Sounds like a place we would all hate to be  right? Director Julien Temple keeps the mood light and flashy throughout most of the songs as we attempt to learn something about a plethora of our main characters. The one we follow most is Colin played by Eddie O'Connell who follows his dreams of being a photographer while shooting his favorite girl, Suzette (played by Patsy Kensit). These two have chemistry, and while Suzette looks like a pre-rehab Lohan, to me they worked. There was a huge spark between them, the chemistry was like lava, and I believed that these two could take me down a road I had never traveled. I was ready  but then, something happened. Temple takes us out of the nightlife, takes us out of the city we grew up with at the beginning, and completely reverses the roles without any dedication to the first. Suzette runs away, Colin becomes a pervert, and Bowie  well  I am not quite sure what his role is but he sings amazingly well while climbing a mountain  I can tell you that much. Temple gives us this flashy city, this opportunity to see those that inhabit it, but leaves us hanging high and dry when it is time to pull the trigger. We learn about Colin, mainly, but nobody else. I could probably watch this film again and still be equally confused as to whom is angry at whom, and what importance fashion had to that era. Also, were they teens really  they all seemed like they were pushing their late 20s, but maybe it was my TV.<br /><br />Character development thrown right out the door, Temple tries to overcompensate by giving us bigger, more lavish songs using even more characters that we know nothing about. One of my favorite songs in the film uses this thought as a prime example. Temple uses a split house to show us the lives of Colin's parents (of which I didn't know it was them until after the film) and a song which screams apathy. Great song, too many characters, not enough time, suddenly dragged into another scene of missing coherency, and it just falls apart in your hands. Then, if that wasn't enough, we are rocking our heads to the beat of some great songs, rubbing our noggin' trying to understand where our characters are or are going, and Temple throws in hatred, anger, and politics into the final act. While I was hoping that this film would have a dedicated theme, I didn't think racism would be on the top of the bill. Suddenly, friends are missing, people are angry, and there is some random guy running around fighting Colin because he lives in poverty and has a friend of a different race? Somebody help me out here. It seemed completely rushed and overwhelming  nearly to the point of wanting to turn the film off. To me, the ending of ""Absolute Beginners"" was nowhere near the excitement from the opening number. That first part set the pace, and Temple could not keep up.<br /><br />Overall, I must say that Temple can direct a music video, but I don't think he was quite prepared for the feature film. I don't think this film will ever make it into full ""cult"" status, and will probably remain unremembered or in the dollar bin for years to come. It is a fun film to watch initially, but when we get to that final part, it just explodes from the inside. I wanted some cutting edge work, but instead what I found was a freaky Bowie coupled with characters I cared nothing for. I could see how this film could relate to the youth of the 80s, but by the end it just felt forced. I think everyone in this production should have taken a moment and listened to ""Motivation"" by the ever-freaky Bowie in this film, it may have helped solidify this feature into better cult status. I am glad that I watched this film once, but that is all that my small brain can take. I loved the way that Temple caught me from the beginning, but he couldn't control his characters (way too many), and the songs didn't seem to match the final moments of the film. It came out of nowhere, and it was unwelcomed. If this was a film about racism, it needed to be from the beginning. ""Absolute Beginners"" was a welcomed adventure, but I don't think I will be dusting this film off in the future.<br /><br />Grade: ** out of *****",negative
"Absolute garbage. The reason that this is so terrible is not because it deviated from the formula, but because the plot was just pathetic. <br /><br />The supposed star didn't do anything to solve the case - and neither did anyone else really - it was just routine police work. Utterly tedious.<br /><br />You sat right till the end hoping for a twist - and got nothing but a huge sense of disappointment. <br /><br />There was so much potential in having a relative in apparent kidnap. Could the Lt's personal involvement finally cloud his judgement? <br /><br />All the obvious signs were of a stranger doing it. But surely a genius like Lt C, by constant conversation with the wronged husband, would gradually uncover a fiendish plot involving a tape recorder playing in the shower room while a masked groom surprises the bride, hides the body and then plants subtle clues. It could have been good. It was a complete waste of time.",negative
"Absolute garbage, worse fight scenes than a 20 year old van damme movie or American ninja etc.<br /><br />Truly dire acting, not a skill in sight in the entire movie its like a cast of wooden sculptures.<br /><br />Watch it just for how truly bad this film is, it may have been acceptable in the 80s but this is a 2006 movie, i don't have much love for this movie as it wasn't born in the 80s.<br /><br />If you like real fight movies then check out tony jaa in ong bak and the protector, those are proper martial arts films.<br /><br />have a laugh and watch this today you may see the unintenional humour at how grim it is.",negative
"Absolutely awful movie. Utter waste of time.<br /><br />background music is so loud that you cannot understand speech. Well if you really listen closely, whatever they speak is actually unintelligible.<br /><br />Camera work is bad, editing is not present, background score gives a headache, action is shoddy, dialogs are unintelligible, Acting is abysmal and well Kareena used to look like a wrestler, now she looks like a starved wrestler. Hell you can slim down but you cannot gain grace.<br /><br />After spending three hours watching a movie I want to like it, but this movie would not even allow me that pleasure. <br /><br />Please if you want to torture yourself, go ahead watch this.",negative
"Absolutely dreadful Mexican film supposedly based on a short story by Edgar Allan Poe about a newsman wanting to go into the confines of an asylum hidden in the woods to write a story about how it works, etc... When our hero, Gaston, is given the grand show by Dr. Maillard, head of the asylum, we see all kinds of things which are suppose to be horrific, such as men hanging around long in a dungeon, and comedic, such as our hero being joked upon by soldiers as he climbs down a ladder hanging over the side of a building. Then there is one sight which might have been meant to be both: a human man dressed as a chicken, yes, that's right a chicken, that pecks around the ground for chicken feed. The scene was to be a comedic highlight of the film, but, at least for me, it was the film's low point and really most revolting when you considered that grown men and women thought this might even be remotely entertaining. Ah! That is indeed the real horror that is Dr. Tarr and his Legion of Name Changes. And that brings me to this salient fact about the film which is most films that undergo multiple title changes usually have some kind of serious problem. Yes, this is obvious, but some have distribution problems and others, of which this is one, have numerous title changes so that someone might unsuspectingly buy the same garbage more than once. This is definitely garbage. It has very little going for it. The only performer worth having a look at is Claudio Brook as the head of the asylum. He is one huge slab of ham as he laughs maniacally, bellows orders, sashays with sword in hand, and praises the chicken. I got so tired of hearing him talk about the ""soothing system"" as his means to cure the mentally sick. What a bunch of ludicrosity(Hey, a film like this with a script like this deserves this kind of word). It won't take you long to figure out what is going on in the asylum nor will it be any more interesting. Cinematic chicken scratch!",negative
"Absolutely fantastic. <br /><br />Now, before a legion of cinema purists choke on their lattés, allow me to elaborate. Much as I enjoyed it, this is quite simply one of the worst films I have ever seen and is certainly the worst film I've seen at the cinema (an impressive claim, as I remember seeing Daredevil on the big screen). The two leads (Daniel Gillies and Elisha Cuthbert) were unconvincing at best and downright awful at worst. Of course, they weren't helped by a script that had as much emotional depth as a Daphne & Celeste single and characterisation that was about as convincing as the OJ defence. The plot (to stretch the term slightly) was thin to non-existent and the 'gore' scenes, whilst undoubtedly brutal, were irrelevant and laughably formulaic. What plot there is revolves around a twenty-something model (Cuthbert) who is abducted, imprisoned and subjected to various visceral tortures, both psychological and physical. The torture scenes feel like disconnected set pieces and the emphasis was laid squarely upon shocking rather than scaring the audience. Whilst there really are very, very few positives to draw from this film, its redeeming features are the very flaws that make it such a dreadful film. I have never heard a more vocal audience in a cinema. Within twenty minutes, the entire cinema was in stitches and remained that way throughout. For my part I came out flushed with laughter, buoyed by a film that had ascended to the pinnacle of appalling film-making. Whichever way you look at it, this is truly a cinematic achievement and a blueprint for future directorial wannabes detailing minutely how not to make a film.<br /><br />P.S. I omitted to mention that I managed to get in to the film free...so I can afford to laugh about it. I was still tempted to ask for my money back...it really was THAT bad.",negative
"Absolutely horrible movie. Not a bad plot concept, but executed horribly. Cliché storyline; bad script. So schlocky it doesn't even qualify for campy. This is the kind of movie that gives sci-fi a bad name.",negative
Absolutely horrific film. Ameteurish and it isn't funny at all. Lead character played by Mehmet Ali Erbil is very annoying. Edits by E.T and star wars is just plain stupid.<br /><br />Actor Yilmaz Goksal is the only good think about this movie. He should master his English and move to Hollywood. Hollywood can not find an actor with his qualities. Other than Goksal this movie is a garbage.<br /><br />Director Gani Mujde is a comic writer and this movie is his worst written work to this date.<br /><br />Music of Cem Karaca is another plus of this waste of money. Actor Sumer Tilmac also have some presence. Actor who plays the three sons has no talent what so ever.,negative
"Absolutely inane film starring Abbott and Costello. Even our young children would become increasingly annoyed with this complete mess of a film.<br /><br />Abbott as Dinklepuss. What a look he had on his face. Sure, he had to be part of this dreadful film.<br /><br />Did anyone notice that Costello's mother in the film sounded and looked like Fay Bainter? Luckily, for Ms. Bainter, that she wasn't in the film.<br /><br />There is really no excitement hear for children. The jokes, if any, are quite stale. Some of the singing is nicely done but the lyrics are ridiculous.",negative
"Absolutely laughable film. I live in London and the plot is so ill-researched it's ridiculous. No one could be terrorised on the London Underground. In the short time it is not in service each night there are teams of maintenance workers down there checking the tracks and performing repairs, etc. That there are homeless people living down there is equally unlikely. Or that it's even possible to get locked in and not have access to a mobile phone in this day and age...<br /><br />The worst that's likely to happen if someone did find themselves there after the last train is that they might get graffiti sprayed on them. Although this has been coming under control due to the massive number of security cameras on the network, another thorn in the side of the story. (Remember in London as a whole we have more security cameras than any other city in the world.)<br /><br />If it had been set in a city I am not familiar with perhaps I could have enjoyed it through ignorance, but it's not a high quality film so I just couldn't bring myself to suspend my disbelief and try and enjoy it for the banal little tale that it is.<br /><br />I would have given it 0/10 if such a rating existed! Possibly the most disappointing film I ever thought I would like.",negative
"absolutely nothing about this movie is funny, interesting, or relevant. besides two characters getting together at the end, nothing is ever resolved, and there is no plot. and by the way, what is the deal with the cover of the dvd? it has a female ass in daisy duke shorts... where was that scene in the movie? no one ever wore daisy dukes in this film! surprisingly enough, almost all of the acting in this film is good, and jack black plays a full song (could be a tenacious d track... don't know though)... those are the only redeeming values, though. overall, it's just a waste of time.",negative
"Absolutely nothing happens in this sloooow, annoying, thrill-less thriller directed by Amenabar's usual collaborator Mateo Gil. The film, which in some way deals with the effect of boredom and the quest for thrills, actually delivers none, and seems like an exercise in boredom. The only mildly suspenseful moment is the movie's climax, which takes about 30 seconds of the whole agonizing 100-plus minutes, and is resolved too simply. The plot lacks sophistication or credibility, and while the idea is original, the way the story unfolds is arbitrary and every plot device or twist is a result of outside interference (deus-ex-machina). The hero is always passive, everything happens to him without forcing him to show any initiative or resourcefulness. If you're fans of the genre, watch ""Tesis"" instead.",negative
"Absolutely nothing is redeeming about this total piece of trash, and the only thing worse than seeing this film is seeing it in English class. This is literally one of the worst films I have ever seen. It totally ignores and contradicts any themes it may present, so the story is just really really dull. Thank god the 80's are over, and god save whatever man was actually born as ""James Bond III"".",negative
"Absolutely one of the worst movies I have ever seen! The acting, the dialog, the manuscript, the sound, the lighting, the plot line. I actually can't say anything positive about this, although I enjoy Swedish movies. The fighting scenes are so ridiculous that it's impossible to take it seriously. And when the lead character just happens to loose his shirt, while dodging bullets in a strip bar, I'm not sure if it's supposed to be a joke, or if someone really thinks these are ingredients in a good film?! Regina Lund is the only half descent actor, but she disappears in a flood of laughable pronunciations and unbelievable reactions. It leaves you horrified that someone actually spent time and money on something like this...",negative
"Absolutely one of the worst movies I've ever seen! ""The Beginning"" was not the greatest either but better than this one. This is not a good way to lead up to the original movie. It's just simply awful! The CGI hyenas were so fake looking in both movies! Why not use real animals? I enjoyed the old Sinbad movies better than this. I was royally disappointed! The only good thing I can say about this waste of film is the cinematography and clothes which really captured that era well. I understand why this movie was redone as ""The Beginning"". It's just that bad, in my opinion. where does the money come from to waste like this? Give me a multi-million dollar budget and I'll show you how it should be done!",negative
"Absolutely one of the worst movies I've seen in a long time! It starts off badly and just deteriorates. Katherine Heigl is woefully miscast in a Lolita role and Leo Grillo manfully struggles with what is essentially a cardboard cutout character. The only cast-member with any enthusiasm is Tom Sizemore, who hams it up as a villain and goes completely overboard with his role. The script is dire, the acting horrible and it has plot holes big enough to drive a double-decker bus through! It is also the most sexist movie I have ever seen! Katherine Heigl's character is completely unsympathetic. She's seen as an evil, wanton seductress who lures the poor, innocent married man to cheat on his wife. It is implied throughout the movie that she's underage, and the message that accompanies that plot-strand just beggars belief! At the end, she isn't even able to redeem herself by shooting the man who's obviously (ha!) become demented with rage and guilt, but the script allows him to kill himself, thereby redeeming himself in the eyes of males everywhere. Horrible. Don't waste your time.",negative
"Absolutely one of the worst movies of all time.<br /><br />Low production values, terrible story idea, bad script, lackluster acting... and I can't even come up with an adjective suitably descriptive for how poor Joan River's directing is. I know that there's a special place in Hell for the people who financed this film; prolly right below the level reserved for child-raping genocidal maniacs.<br /><br />This movie is a trainwreck.<br /><br />(Terrible) x (infinity) = Rabbit Test.<br /><br />Avoid this at all costs.<br /><br />It's so bad, it isn't even funny how bad it is.",negative
"Absolutely one of the worst movies of the year. The plot is ridiculous, the characters poorly developed, and the premise irritatingly stupid. It all begins when Michael Keaton, fresh off of doing nothing noteworthy since Batman, loses his beautiful author wife, Anna, to a car accident, possibly caused by her driving one of those convertible VW bugs even though she's supposed to be rich. In his grief, Batman moves to a new apartment and takes up a hobby: recording nothing and then watching it. He learned this from a really fat pathetic guy who got murdered by three tall shadowy fellows who lived in his TV. Pretty soon, he starts to see dead people, thanks to EVP, or Electronic Voice Phenomenon, which is evidently this deal wherein dead people can send messages to living people through tape recorders, video cameras, dead cell phones (""Anna cell calling? But she's...DEAD!...Must be ghosts. Mhmmm. No other possible explanation. I'd better start messing around with this indiscriminately."") etc. Why they can't just write something down on a piece of paper or knock over some stuff to form creative pictograms is never explained. ANyway, eventually Batman discovers that he's actually seeing the future, and he decides to go help this woman he doesn't know. He gets out of his house just in the nick of time, because the tall dark guys enter just after he leaves (""D*mn it! Can travel between the living and dead using electronics, but I'll be d*mned if we can be on time! Am I right guys? (They nod in bemused agreement).""). He tracks this lady to a warehouse and finds out that this character from the first ten minutes of the movie (look hard, or you'll miss him!) is actually a serial killer working for three tall shadowy demons, who in Raiders of the Lost Ark style swoop down and kill him, looking like the cartoons that they are. Just then some detectives show up and save the lady. After Batman's funeral, he decides to send a message from beyond the grave apologizing to his son for being an idiot, evidently feeling that the best way to protect his kid from the horrors of EVP is to expose him to it. The little kid just smiles. Nothing phases that dude, not even when his dad, Batman of course, starts talking to TV's. The high-point of the movie was when someone's phone rang and some guy yelled out, ""It's Anna!""",negative
"Absolutely putrid slasher film has not one redeeming quality. It has Camp Councellor Angela(Pamela Anderson..awful as the killer;her quips when she wastes people aren't even amusing)on the warpath slaying teenagers who act the least bit naughty or resist her pleadings for good behavior. We run the gamut of boring, clichéd killings such as the slashing to the throat to one kid looking for his Freddy clawed glove, a kid who gets a chainsaw, one girl who gets drilled, one who gets shoved into the crapper(filled with leeches), one who is roasted, etc.<br /><br />It doesn't have one original idea to offer and is merely a waste of time. That is unless you want to see Valerie Hartmen's(who plays the slut Ally)tits. Most of the violence occurs off-screen so even that will not satisfy.",negative
"Absolutely the most boring movie I have ever spent my money on.This was a wrong choice for all these great stars to waste their reputations on. Boring! boring! boring! Each character was portrayed in a less than inspirational way. No acting talent shown -just reading a part. Alec can play realistic characters normally, Gwynyth made herself look ugly for an unrewarding part, Annette needs advise on how to pick the movies she chooses to play in as do all these big stars who have left me disappointed at the way they have all allowed their talents to be smothered in a feature that leaves much to be desired in entertainment. ""Running with scissors"" leads the public to anticipate great acting in a film that suggests experiencing tension and deep emotion. There was not one moment when the cast was able to portray any interpretation of this onto the screen. Maybe it was the director's fault----whatever.",negative
"Absolutely the worst experience I have ever been through. I think my eyes started bleeding. I actually got sick the night after watching this. I don't even consider this a movie. Movies are supposed to be worthwhile and entertaining. This fails horribly. I could not make it through the entire film, so because the ending could be greatest phenomenon in motion picture history, this gets a 1 for that small chance. Otherwise It would be a flat 0.<br /><br />I can't see how National Lampoon, or let alone any organization, would sponsor this atrocity. Renting this DVD is currently one of the worst mistakes of my life. Only watch this if you want to make ever other movie you will ever watch seem great. <br /><br />Without question this is the worst movie I have ever seen.",negative
"Absolutely the worst film yet by Burton, who seems to be getting worse with each film he directs. A miserable script loaded with cliches is only the first of many objectionable aspects to this film. This is the kind of movie where every time something happens, you'll be sure to hear someone shout out ""he's lost his gun!"" or whatever it is to let everybody know. Carter is really awful and so is Wahlberg, who can't play this straight and be convincing. Very nice effects and photography, but poor music in the John Williams mold by Burton's crony Elfman. Heston appears in a nonsensichal scene to spout out his most famous catch-phrases from the first movie. Very poor results.<br /><br />If anyone else out there also saw ""Sleepy Hollow"", they will probably have noticed, as I have, the declining quality of Burton's films. I've heard that this particular project was produced by others and that Burton was brought in as director, in which case his judgement should be questioned. But I think he has allowed any possible vision he might have had earlier in his career to slip; the evidence is there in the films. In ""Sleepy Hollow"", he couldn't decide what kind of movie he was making, whether it was a comedy or a real horror movie, and the population of british character actors (Chris Lee, etc.) made you also think it was kind of a monster rally film (those are never scary, as horror fans know). The movie couldn't succeed on either horror or comedy because it was so schizophrenic, and no style had been developed to smooth the two together. ""Planet of the Apes"" is much the same way, and the result comes off more like ""Total Recall"" or ""Tango and Cash"" than like sci-fi. He's also fallen into the rut of so many other ""big"" directors of trying to satisfy the entire possible audience. Word to Burton, if you're out there -- pick something and do it straight, or use some style to peice it all together (as in ""Mars Attacks"" or ""Beetlejuice"") or you might as well retire, because people like me that are fans of your movies will stop going.",negative
"absolutely trash. i liked Halloween and from then on johnny's been in a downward spiral. this is about the pits. we get it john. pro-lifers are scary! you don't have to make a shitty film that bores the hell out of me to 'tell' me.<br /><br />The pacing is way off here. It feels like john didn't have much to work with here. to his credit it looks like he did not write this junk. There are countless times where the camera just sits and waits for the actors to look dumb or say something dumb. i love the long cut. too bad carpenter doesn't know how to employ it. he needs to bunk up with Herzog and Fassbinder 30 years ago. Please John, stop making a fool of yourself and boring me to death!",negative
"Absolutely unwatchable, lowest quality film making. This film makes ""Show Girls"" look good. The acting is insufferable. The cinematography gives a bad name to amateurism. No wonder it went right to video and bypassed the theaters. This film wasn't released...it escaped.",negative
"A buddy and I went to see this movie when it came out in 1980. It was playing in a huge theater and we were the only two people in the place. It lasted two days in the theater before they stopped showing it. It was so bad that we laughed all the way through it. Since that time, we rate movies based on Kill or Be Killed as the worst movie of all time. Like other reviewers have mentioned, it is so bad that it is funny. It isn't worth a second look that's for sure. I just can't bring myself to give it more than a 1 because I don't think the makers of the movie intended for it to be so bad and I can't give credit for an accident. Sorry.",negative
"A bum gives a Secret Serviceman a tip about a Secret Service man in the presidential detail who plans to kill the president. Baloney. How did the bum know? The script then turns to a most detailed examination of how the Secret Service works, but who cares. Most of this just slows down the movie. All the chases that follow are this film's version of the tiresome car chases of many movies. Then, after a lot of impossible athleticism in which our hero outruns and out-guns all his buddies, we have a shootout in the Toronto City Hall. The Canadians are clearly marked with maple leafs, but how did they get into this? Finally, all is worked out. But it still makes no sense.",negative
"A bunch of kids set up a theatre to have an all-night horror movie marathon. However, as the night goes on, there's somebody among them killing them off one by one. Who is it...and why? I saw this in a theatre way back in 1991. I was looking forward to it--but boy! It did not work at all. The premise is a good one, they have a very appealing young cast and some pros like Dee Wallace Stone on board...but it doesn't work. The story stops making sense halfway through (that could be because of some huge editing before the film was released), the killings are relatively bloodless (how this got an R rating is beyond me) and the unmasking of the killer at the end was boring and stupid.<br /><br />It's really too bad--this movie had potential. With a better script this could have become a great horror film. As it stands though it's mostly forgotten and the cast itself seems embarrassed by it (I heard Stone won't talk about this one). I give it a 3 and that's just for the cast.",negative
"A bunch of medical student yuppies get together in their spare time to hook each other to the electrical cables and die. Then they stand around counting the time before brain death, and then start CPR and heart-massage and bring each other back to life. The fact that Julia Roberts was in this movie should say it all. FLATLINERS is like group GHOST. Everyone wants to see their dead relatives and visit their old dead buddies, so what better way to do it than have a bunch of Medical Students kill you for five minutes and then bring you back to life. The rest of the movie has the predictable relationship issues, plus the predictable ""GEE MAYBE IF WE KEEP KILLING EACH OTHER, ONE OF THESE DAYS ONE OF US WILL STAY DEAD?"" D'OH!!! This movie should have been called BRAIN DEAD. The fact that the characters were depicted as being Medical Students made me wonder if they had gone to a foreign Correspondence School to get their degrees. The only thing that kept this film from being a total laugh was that they did not just stick their fingers into electrical outlets in order to ""die."" This film would have been a great THREE STOOGES comedy movie.",negative
"A bunch of teen dirt bikers are out in the forest riding around in circles. They're having fun; little do they know nature is about to be unleashed by an emo refugee from a Deliverance or Hills Have Eyes movie. He's armed with matches and fire accellerant. And he's got an eye that's bleeding or something. Why torch a park? I dunno. Maybe he doesn't like Smokey the Bear, or something. But he wears army/navy store fatigues, if that helps.<br /><br />The rangers send one single helicopter to battle the resulting blaze; that's all you ever see, except a bunch of people in a base somewhere talking a lot about the fire, but doing nothing. Some cop or ranger or militiaman or whatever he is drops from the helicopter on a defective tether.<br /><br />Everybody now rides their dirt bikes like they're auditioning for motocross. They forever pop wheelies, do Evel Knievel jumps, spin around etc. They argue incessantly. Shots of the fire are as phony as a 3 dollar bill; it's the same footage from a dozen different angles, and the blaze never grows or moves. And you still never once see any fire fighting equipment.<br /><br />SyFy channel movie which has about 0% science fiction attached to it. What you can expect from this: bad acting, cheap effects, and a story that goes nowhere (like the bikes and fire go nowhere). Laughable insomniac cure.",negative
"A bunch of women who can't act sit around, talk, smoke pot. They have another woman in a wheelchair they hide because she is deformed, and occasionally they kill some one to feed this person human flesh that really looks like some store-bought ham which they dressed up by sticking on a few plastic fingers. We don't see them killing anyone, suddenly there is a body on the floor, covered by a bloodied sheet. I can't eat Spam cover by a sheet anymore because of this. Just the thought of Spam cover by a sheet is enough to induce the same narcoleptic fit brought on by trying to get through all of this movie. Occasionally there are randomly inserted scenes of a guy who is ""hunting"" them by way of torturing some guy he strapped to a chair is his basement. Why he caught this guy and how he is connected to the Sit-On-The-Couch Sisters is never explained. There are also scenes of some ""superhuman"" guy freaking out. He p***es blood and punches through a wall, but who he is or what is wrong with him is neither explained nor even tied in to the story.<br /><br />There is no action, no special effects, no story. If you want to watch some boring people talk in a profound way about nothing while sitting around and eating ham and smoking, then here's 90 minutes of that, because, except for a scene where one chick does some hooking on a street corner and the aformentioned random scenes, absolutely NOTHING happens. (YAWN) Oh, I almost forgot, you get to see them move some stuff, including the deformed sister, when they move to their new apartment. Its one of the few times they're not sitting on a couch or lying in bed.",negative
"Abysmal Indonesian action film from legendary Arizal triumphantly sculpts a template for future Cinemax pap like 'China O'Brien' and 'Do or Die' with Erik Estrada while simultaneously burying poor rising action star Pat O'Brien with a hackneyed backyard script and three cans of hair-styling gel to perm his impressive 1984 mullet. This guy's physical prowess resembles a more femme Mark Gregory and his next credit would be second fiddle to Chris Mitchum as ""Tom Selick."" Powerful. At least the action is mindless and non-stop with some daring Asian stuntmen risking their lives for what is essentially a poorly constructed movie by teens and/or meth addicts with no concept of reality. One poor extra gets gorno-ly shredded by an electric hedge clipper and many more are killed by getting hit in the head by odd objects such as a motorcycle wheel or cardboard box. Classic rape scenes are tasteless and priceless and quotable dialog such as, ""I would rather trust a rattlesnake!"" are delivered with such exuberance and fervor from the third-rate polizioteschi voice actors. Random highlight: some crazy dude eating live lizards. Movie also holds the record for most cars driven through walls. 2/10",negative
"Abysmal pulp adventure exploitation in the jungle woman genre. Lousy audio thankfully obscures the dumb dialog. And it's awfully talky for a movie about people who don't speak English. There's no adventure to be found here; it's a jungle adventure with cliffhangers and one wild animal attack that happens in flashback.<br /><br />Three pale-face dopes wander the African wilderness and encounter warring man-hungry tribes of Amazons. These wild women have advanced out of the Stone Age only so far as to invent makeup, shoes, and underarm hair removal technology. Despite their desperation for ""hus-bahnd,"" the ladies insist that they will fight the men and burn the weaker ones.<br /><br />The only thing of interest, as if there were any question, is the assortment of young women clad in animal skins cleverly designed like the bathing suits of 1951. Plenty of wrestling and bad dancing mixed with stripless 1950s stripper moves. No nudity or appreciable violence. On the other hand, you may be humming the catchy native song for days.",negative
"Abysmal with a capital ""A"". This has got to be one of, if not THE, unfunniest show on TV right now. I'm about as anti-bush as it gets, but this show doesn't even get a chuckle out of me. What you think of Bush as a president has absolutely NOTHING to do with whether or not you'll like this piece of crap show. The ""jokes"" are not funny at all. For example, in a scene when lil bush has his underwear on his head: ""Welcome to camp al-qa-eeda!"". There is NOTHING funny about that. Is it even supposed to be joke? The commercials that were shown in the weeks leading up to the show, hyping it up, were funnier than the show itself, and that's just sad. Hopefully this does not even get considered for a second season. It shouldn't even have had a first.",negative
"A by-the-numbers exorcism exercise with a disappointing non-allegiance and usage of the term 'blackwater.' The cinematography appears right out of basic cable MOW land which removes any semblance of swampy, murky atmosphere from the proceedings. In addition, there's not nearly enough gore, sex or attractive young things to satiate the majority of the film's targeted viewers. That being said, the lead actress who plays the possessed has a sexy olive-skinned presence. What else needs to be said about this non-winner? Don't rent unless you've got a thing for middle-aged adults bemoaning their past and rants with clichéd priests, shrinks, hispanic stablemen all regretting their past actions.",negative
"Academy Awarding actor Sidney Poitier of ""Lilies of the Field"" reprises his role as Lieutenant Virgil Tibbs from the 1967 Oscar winning Best Picture ""In the Heat of the Night"" for veteran director Gordon Douglas' tired, uninspired sequel ""They Call Me MISTER Tibbs,"" with nobody the equivalent of Rod Steiger with which to swap dialogue. Clearly, both ""Bullitt"" scenarist Alan R. Trustman and Robert D. Webb of ""Cape Fear"" were off their game when they penned this predictable police procedural potboiler. The dialogue is drab and none of the characters are interesting, not even the chief suspect. Absolutely nothing remotely exciting, suspenseful, or surprising occurs in this tame whodunit. Meanwhile, things have changed considerably since Virgil was last seen in ""In the Heat of the Night."" He worked as a homicide detective for the Philadelphia, Pennsylvania, Police Department. In ""They Call Me MISTER Tibbs,"" our hero works for the San Francisco Police Department. Moreover, he has a wife, Valerie (Barbara McNair of ""Change of Habit""), and a family, a young rebellious son, Andy (George Spell of ""The Naked Kiss""), and a younger doting daughter, Ginger (Wanda Spell of ""Hickey and Boggs""). Tibbs drives a medium blue Mustang and his wife holds down the house and hovers over their two children since he doesn't have as much time to spend with them. Literally, there are no surprises in this pedestrian murder mystery. Indeed, the best thing about ""They Call Me MISTER Tibbs"" is Quincy Jones' terrific orchestral soundtrack with a memorable opening theme, more memorable than this forgettable crime thriller deserved.<br /><br />Everything begins sensationally enough with a struggling prostitute, Joy Sturges (Linda Towne of ""The Adventurers""), being bludgeoned to death in the bedroom of her downtown apartment by an unseen assailant. Apartment handyman Mealie Williamson (Juano Hernandez of ""Intruder in the Dust"") enters Joy's apartment and finds her strewn on the carpet dead with a bloody forehead. He picks up the statue briefly and then puts it back on the floor and reports Joy's death to the superintendent of the apartment, Rice Weedon (Anthony Zerbe of ""License to Kill""), and Weedon gives Mealie and fistful of dollars and sends him packing. Afterward, Weedon anonymously notifies the SFPD that popular minister Logan Sharpe (Martin Landau of ""Nevada Smith"") beaten Joy to death and was seem leaving Joy's apartment. Captain Marden (Jeff Corey of ""True Grit"") assigns Tibbs to handle the case; it seems that both Tibbs and Sharpe have known each other for 18 years. Naturally, Tibbs' wife Valerie cannot believe that the well-known, politically active evangelist could have committed such a crime. Just to give the movie context, it should be noted that when Tibbs and the police study the crime scene, they mention the word 'semen,' no doubt a controversial term to mention in an early 1970s movie.<br /><br />Tibbs questions Weedon whom he suspects is either a drug pusher or a pimp. Weedon explains that he has no records on Joy Sturges because she was subletting the apartment from another realty company. Tibbs visits the realty company and realtor Woody Garfield (Ed Anser of ""JFK"") flees and drives off, essentially doing an O.J. Simpson until he crashes his car after a lengthy but tame pursuit. When Tibbs proves that Woody didn't kill Joy, he allows him to leave, with his disgruntled wife, Marge (Norma Crane of ""Penelope""), prepared to file for divorce after the revelation that he paid a hooker to stay in an apartment.<br /><br />Tibbs tracks down handyman Mealie and clears him of the crime, and then he goes after Weedon. Luckily, for Tibbs, our hero catches the evil Weedon in the middle of a narcotics transaction. One of Weedon's henchmen assaults Tibbs, but Tibbs dispenses with him briefly before he embarks on a long foot chase after Weedon. Eventually, he corners Weedon in an underground parking garage and they shoot it out. Guess who wins.<br /><br />The scenes in the Tibbs' household are more interesting than his investigation. Andy runs rampant, striking his sister, and smoking in the garden. Our hero wants him to clean up his room. When Andy refuses, Tibbs pops him three times on the jaw. These child rearing scenes could probably never be handled today as they were back in 1970. At the end of the movie, as if to solidify the family sequence, Tibbs is seen walking off with his wife and kids. There is on confrontation between Valerie and Virgil about the welfare of their children and how his long hours at work has affected them.<br /><br />Director Gordon Douglas directs in competent fashion. Surprisingly, for a film released in 1970, the filmmakers never play the race card. In one scene, when Tibbs searches a billiards parlor owned by an African-American, we see a mixed breed of races scowling at the hero when he finds Mealie and leaves with him in tow.<br /><br />Altogether, ""They Call Me MISTER Tibbs"" is a poor follow-up to ""In the Heat of the Night."" Mind you, Poitier delivers another fine performance with nuance, but everything looks prefabricated. All of the sets look fake and there isn't much physical violence: one underground parking lot shoot-out that doesn't last long and a fight. Beyond Jones' seminal jazz score, the only surpriseand it really doesn't qualify as a major surprise more like a convenient contrivanceis the ending. Donald Medford's ""The Organization"" followed ""They Call Me MISTER Tibbs"" as the second, more action-packed sequel.",negative

"This movie is like so many biopic TV movies I have seen: formulaic, exaggerating, poorly acted, and most importantly, happening too soon.<br /><br />What I mean by that is the movie was filmed and, for that matter, aired before Michael Jackson's acquittal from his child molestation charges, which I think was one of the most significant periods of Jackson's life and career so far. It probably would have made a great ending to this docu-drama. However, this movie already bites off more than it can chew, cramming too many details in this overly ambitious project.<br /><br />It's no doubt that Michael Jackson has led perhaps the most interesting life so far of any musician, let alone modern day pop star, to date, and his story would probably take six Behind The Music specials to tell accurately. This movie tried to tell too much in three hours, and needless to say, it failed.<br /><br />Flex Alexander did what he could in playing Jackson, but he came off more like an SNL caricature by the likes of Tim Meadows and Amy Poehler. It would admittedly be pretty hard to find someone who accurately portrays Jackson without meeting with the King of Pop himself and studying his methods of madness. On a shoestring budget, though, one can only depend on what they see in the tabloids, and those do not necessarily give an accurate representation.<br /><br />Furthermore, the director's efforts to make Alexander look like Jackson are completely foolish. The Caucasian makeup on Alexander's face makes him look more like a reverse minstrel show, and everyone who has been in a grocery store knows that Jackson's nose is not as big as Alexander's. It's also amazing to me that the film documents Jackson going under the knife to get cosmetic surgery, yet in the next scene, Alexander still has the same size nose. This kind of suspension of disbelief that the director expects can't hold up to TV viewers in the 21st century.<br /><br />It was even more distracting when footage of the real Michael Jackson (i.e. the time he hung his infant child over a balcony in Germany) was interspersed into the movie in real time. It was a nice try, but it just didn't work.<br /><br />If this movie as it is was released into theaters, it would gain a profit only because of its tackiness. It even pales in comparison to ""Mommie Dearest"", and that's saying a lot. Above all, this was a movie that was probably rushed into making, like many TV movies that aren't on HBO. It could have been done a lot better if it had just told of one aspect of Jackson's life. Even if it just covered the child molestation allegations, it probably would have been done a lot better and would have even been more intriguing.",negative
"This movie is like the material S.E. Hinton was writing in the 1970s and Copola was adapting to the screen in the early 80s, and, had Trueblood actually been a product of either, the results might've been much better (especially in the acting department). Instead, we get a rather so-bad-its-funny piece of mediocrity.<br /><br />Jeff Fahey plays Ray Trueblood, a former street rumbler, I suppose is the accurate description. This was in the days of action movies that used guys in their 40s and mid30s and dressed them up in greaser threads or some kind of more effeminate selection of gang garb and they fought to lousy 80s music. Nonetheless, Ray is the lone caretaker of his younger brother, Donny (Chad Lowe in a part where he screams a lot), who he is forced to leave behind inexplicably in a train station when, on the run from the cops, he is nabbed and forced to serve time in the Marines. Flash forward to present day and Ray is back in town and looking for his brother who has also become part of the street gangs, although in a gang that was Ray's adversary and now old scores must be violently settled (and again, cops must be dodged and this time, a lady's honor defended in the action film sense) before Ray can carry on life at normal pace with his brother, Donny.<br /><br />For the most part, the film is quite ridiculous. For me, most of this has to do with far too much overacting, although not by Fahey or Sherlyn Fenn who plays the waitress he befriends. The guys in the gang and Lowe himself seem to do quite a bit of needless exaggerated as New York street toughs. Although, the bigger hang up is recycled plot lines and perhaps a kind of movie that was well past its prime as a product of 1989.",negative
"This movie is like the thousand ""cat and mouse"" movies that preceded it. (The following may look like a spoiler, but it really just describes a large class of movies) There is the passionate, wise main character, his goofy but well-meaning sidekick with his ill-placed attempts at humorous comments, the initially-hostile but soon softened gorgeous lady who triggers the inevitable ""unlikely"" love story, the loved ones taken hostage, and of course the careless evil adversary with his brutal minions. Everybody has seen tons of these movies already, and ""National Treasure"" is like any one of them, with only a slightly modified wrapping. Every turn of the story was easily predicted (and I can assure you I am not the sharpest tool in the shed). I am quite tired of feeling tricked for money after exiting the theater from a Hollywood movie, and if you have ever felt that way too, heed my warning; stay miles away from this movie.",negative
"This movie is little more than poorly-made, fetish porn, and this is saying a lot considering the similar crap that was made in that era. This was recommended to me by friend as a ""unique film experience."" He was right. I suppose he meant that as a joke. Not disgusting, not even that shocking. Just mediocre acting and poor attempts at shock art. A little bit of camp value, though I don't believe the makers of this film intended this. And yes, as a previous reviewer mentioned, it's sex with a guy in a bear suit. Don't spend a lot of money on this. Try to borrow it, if you must see it. Or contact me, I'd be happy to sell you my copy for half price.<br /><br />I may have to see another of this particular director's films, as he seems to have a certain following. But if it's anything like this, I will again regret another 2 hours of my life gone forever.",negative
"this movie is made for Asian/Chinese market, targeting particularly fans of Jay Chou, one of the biggest music star in Asian.<br /><br />Jay Chou is a very talented song writer/singer. He is mediocre as an actor, although he did appear in several big-budget productions (""initial D"", ""Curse of the Golden Flower ""). Amazingly, he won both golden horse (taiwan) and Hong Kong film awards for ""initial D"".<br /><br />The supporting cast are very well chosen, which appeals basically everyone from China. The cast including many famous movie/TV actors, singers, even sport commentator (Huang Jianxiang from China). However, they were not given enough time to show their talents.<br /><br />The biggest mistake is that Chu took over both director and writer position. He has a reputation of making shallow and brainless movies based off non-coherent scripts. With his poor directing and lam story, the whole talented cast, fancy vision effects and tones of production money was wasted.<br /><br />However, the terrible movie successfully cashed in over 10 million dollars, maybe even more in Asian, which made this one of the biggest box office success in Asian.<br /><br />The bottom line is: you can watch this movie only if you want to see how money and talents are wasted, or if you are simply accompanying your kids who are fans of Jay Chou.",negative
"This movie is maybe one of the most boring movies of 2000 that I have seen! Especially the music fails to create suspense when people suddenly disappear. Also aspects such as martial law are not treated with the necessary seriousness. The story itself has problems: the UN could never take power over the world since the United States alone would not allow it but nations such as China, Russia, Japan, etc. would not either. This would also play against someone trying to take over the world as Nicolae Carpathia does. This reminds me of James Bond movies, only that those have more action! Naturally the movie is made for Christians and only for Christians and they may enjoy it. Since I cannot count myself a Christian I find the whole idea ludicrous. This prophecy furthermore seems to be, if believed to be true, dangerously close to other prophecies by cults for the end of the world. Why fear such a possibility when we can make life as good as possible here on Earth without",negative
"This movie is more deceiving than ever, using a suspenseful looking actor like Walken to play in this piece of junk made it look like he had nothing better to do than play a boring role like this one! And the fact that the movie was supposed to be about some witch and you really don't see that until almost the end of the movie but meanwhile you have to sit and watch this boring film while it gets, or tries to get to the meaning of the point and you have to go through this whole trail of boring actors and actresses thinking the whole time of how you passed off another movie and decided on this one and how you have just waisted your money just makes the whole point of time useless sitting there. I'd rather watch cartoons for goodness sakes. Leave this one alone,please!",negative
"This ""movie"" is more like a music video. Kusturica said in an interview from 2004 that when he is making movies, he feels like making music, and when he is making music, he feels like making movies. The best thing in ""Promise me this"" is the music, written by Stribor Kusturica.<br /><br />Kusturica said in the same interview, that for him the dialogues in the movies are like noise. ""Promise me this"" has very little ""noise"".<br /><br />I liked ""Life is a miracle"". It was also like music video for the first 30 minutes and at some points later, but it had a beautiful plot. ""Promise me this"" has no plot. I was awaiting this movie with big expectations, because I've read, that the script has been written by Ranko Bozic - one of my favourite scriptwriters, who participated also in ""Life is a miracle"". Ranko Bozic writes great dialogues, but for Kusturica they are ""noise"", and much to my regret, I saw only two dialogues, which I could identify as written by Ranko Bozic. The other part of the script was used by the director for making his chaotic music video for the music of his son Stribor.<br /><br />Gordan Mihic (the man who wrote the scripts for ""Time of the gypsies"" and ""Black cat white cat"") said in an interview, that Kusturica never follows the script. ""Black cat white cat"" was the only script, for which Kusturica said, that he will not touch it. According to Gordan Mihic, after all Kusturica comes back to the script, and if he doesn't, he doesn't make a good movie. And I think this is the case with ""Promise me this"". He should have followed the script of Ranko Bozic.<br /><br />""Promise me this"" is billed as a ""comedy"", but there are very few moments, which made me laugh. The comedic moments are in the same style as ""Black cat white cat"", but are not that funny at all. I think the difference comes from the fact, that ""Black cat white cat"" was written by Gordan Mihic.<br /><br />However, I know some people, who liked ""Promise me this"", they find it very positive movie.",negative
"This movie is mostly chase scenes and special effects. It is very weak on plot. Most of the computer talk was just mumbo-jumbo. I watched this because I was a big fan of the original War Games movie which was based mostly on computer fact and real computer terminology. This movie had none of that. Most of the computer scenes were not only impossible and highly unrealistic of real computers and networks, but just lame. It is like it was written by somebody who has no comprehension of real computers.<br /><br />The ripley game was lame and was essentially just an arcade game. No real hacking, so what was the point? Movie was boring. Lame sequel.",negative
"This movie is mostly crap and the only reason this movie is worth watching is because Jean-Claud Vam Damme stars in this movie.There are some good action scenes in this movie and the best ones are at the end of the movie.<br /><br />The acting in this movie is so bad and its the worst acting i have ever seen and the 2 actors Bill Goldberg and Michael Jai White Can not act at ALL.And this movie by far has to be one of Jean-Claud Vam Dammes worst movies he has done and if u what to watch him in one of his great movies u should watch Blood sport,KickBoxer or Sudden Death.<br /><br />Over all this movie is crap/OK and my rating is 4 out of 10.",negative
"This movie is most possibly the worst movie I have ever see in my entire life! The plot is ridiculous and the whole ""Little Man"" crap is just so stupid. The entire movie is unrealistic and dumb. Let's face it, It's just a ""Black Comedy"". This is just a pointless horrible piece that should have never made it to theaters. The jokes are not funny and the acting is horrendous. Please, I beg of to you save your money than see this worthless piece of crap. I had to endure sitting through Little Man for an hour and a half wishing my eyes would bleed. I am disgusted that something like this would even be thought of! Who writes this crap? The actors have NO talent what so ever, how do these people get into Hollywood? They are making money off this junk!",negative
"This movie is not a comedy. It is not even funny in the ""this movie is so bad it's funny"" department. Rather, it is just plain bad. Other reviewers mention the bad lighting, but beyond that is the abundance of bad plastic surgery.<br /><br />Meanwhile, a lot of great acting talent was wasted on a poor screenplay and uninspired direction. The main characters are one-dimensional and boring. (It is hard to feel sympathy for any of them). It is also hard to see the four characters as close friends. It seems like just a bunch of women thrown together, pretending to be close.<br /><br />I won't list all of the problems with this movie, as it doesn't merit that much of anyone's attention. (Nor is it worth the time it takes to watch it).",negative
"This Movie Is Not A Horror Movie. There Is Nothing Scary About It It's More Of A Torture Flick. And It Doesn't Make Sense To Me, There Is A Few Scene's With Disappearing Bodies. For Instance he Woman In The Beginning Of The Movie. That Get Pulled Away Returns For A Scene In The Restroom With Nicole And She And She Completely Disappears. Then She Kills The Police Officer To Put Him Out Of His Misery And He Disappears PLUS Had To Shoot Him In The Head Twice To Kill Him I Don't Think So Especially When You Can See His Head Half Blown Off And Didn't Kill Him? The At The End She Sets The Killer's Truck On Fire. That But He's Not In It. He Is Standing Behind Her. Then It Cuts To The Rest Stop Has Been Completely Remodeled And Some People Are At The Rest Area And A New Girl Comes In And Nicole In Asking For Help Like The First Girl Totally No Sense In This Movie. Save Yourself Some Money And Skip This Movie.",negative
This movie is not a remake of She's all That ( 1999)?<br /><br />Where is the renewal of the american movie? This was probably the worst movie I saw in the last 5 years. This and the last movies of Schwarzenegger.<br /><br />,negative
"This movie is not as good as all the movies of Christ I've ever seen. And I'm quite amazed that in this story Pilate wants to finish Jesus, when the Scriptures (as well the other movies) state differently. It lacks also a very important issue: The Resurrection.. None of the other movies skip this very important part: the faith of all of us Christians lies in this very event. As Paul says in one of his letters ""If Christ did not rise from the dead, our faith is vain"". A very impressive scene for me in this movie was seeing on the streets the remains of the palms that were used when Jesus entered Jerusalem. <br /><br />Finally, and in opposition to my Jewish co-commentator, Jesus WAS NOT a myth. And as a matter of fact, he was also a JEW. There are plenty of documents (relgious and secular) that prove the existence of this extraordinary man(or should I said, God become a man) that indeed changed mankind. I strongly advise him(given he is a historian) to read about Flavius Josephus, the most brilliant Jewish commentator of the 1st. Century.",negative
"This movie is not as good as all think. the actors are lowlevel and the story is very comic-like. I respect fantasy but Lord of the Rings is fantasy...Conan..is fantasy...THIS IS JUST NORMAL HK-LOWPRICE-ENTERTAINMENT...Why did they include this Splatter-tongue, it makes everything worse. The only good thing is the cinematography and the cutter's Job.",negative
"This movie is not as horrible as most Sci-Fi Channel movies. I am used to seeing the gray CGI blobs and the amateurish special effects such as close-ups of fake blood that make it very obvious that the blood is strawberry syrup or some other syrup variation. However, I had thought that I had seen all the possible lows that the Sci-Fi Channel could hit. Then I saw this movie.<br /><br />Imagine a hand inside a rubberized sock that is glazed with syrup? Those are the main Alien Vampires in this movie. You can clearly see the fingers inside the rubbery sock puppets. A talking hand comes out of the guts of victims, and the Vampire who is on the Vampire Hunter's team can talk to these Rubber Sock puppets in Transylvanian. How did Alien Vampires learn Transylvanian? And isn't Transylvania in Romania? So shouldn't they be talking Romanian? Why would some little town have their own language? If you can suspend your gag reflex and get past the talking rubber socks with the fingers clearly moving inside the Aliens' heads; then you have to deal with the other alien vampires. There are the ""Leatherfaces"" who like to wear the faces of their victims. Then there are the just plain ugly ones that all seem to have a lot of facial scars. Then there are the annoying Valley Girls and their boyfriends who are human traitors and sneak into space colonies so that they can sabotage the Defense Systems so that these Space Vampires can attack.<br /><br />Finally, if you think all of the above is funny and worth a laugh, you have to deal with the third rate cast of Network TV rejects that make up this team of stereotypical angry heroes which are constantly fighting among themselves. Why does almost every Sci-Fi Channel movie have to use lead characters that are annoying, abrasive, crude, or just totally unsympathetic? I found myself hoping the talking rubber socks would win.",negative
"This movie is not at all like City of God, you might get the same feeling but it isn't, there's no intense shooting nor intense drug scenes, you get the idea. If you ask me I think this film was a waste of time, there are a lot of other films which gives 100 times better meaning and teaching than ""Wooden Camera"". Yes I might be the only one to give a negative comment for this film but it's only in my opinion. It's one of those films where I can get the feeling that I'll be blown away but when the credits start to role my friends and I all gave mutual looks, and we all laughed at how ridiculous this movie was. So to conclude this matter, I advise not to watch it.<br /><br />Personal note - Making Africans talk English was a big mistake. In City of God they used their native language which gave the film much more power and reality.",negative
"This movie is not based on the bible. It completely leaves Christ out of the movie. They do not show the rapture or the second coming of Christ. Let alone talk about it. It does not quote from scriptures. The end times are called the great tribulation. The movie does not even show bad times. The seven bowls, seven viles and seven trumpets of judgements are boiled down to a 15 second news cast of the sea changing it's structure. The anti-Christ was killed 3 1/2 years into the tribulation and that is how the movie ended. The only part they got correct was there was two prophets. The did not use there names of course because that would be too close to the truth of scriptures. The worst part of it was I really wanted it to be a good movie. I wanted to take unsaved people to it. I feel that the movie is evil. It is a counterfeit just like everything the devil does. I just hope it does not take away from the upcoming movie based on the left behind books.<br /><br />The second problem with the movie is it was just bad. Bad acting, bad special effects, bad plot and poor character development. I have seen better episodes of Miami vice.",negative
This movie is not for the faint or weak of heart. It couldn't decide if it was going to be porn or legit. It was neither one. It was just bad. There was nothing in this movie to make me want to see anything else made by these people again.,negative
"This movie is NOT funny. It just takes the D&D nerd stereotypes and amplifies them. All the main characters make less than 30k a year, they all live with their parents, they're all socially retarded, and they have no luck with women. The jokes are horrible and unimaginative, such as two of the gamers getting beat up by a black midget because one of them had a KKK looking hood on (it was his wizard costume) and the other guy had on a John Rocker warm up (oh how funny, he's a nerd so he doesn't know about sports). You may have to be a childish high-schooler to find any of this stuff funny. Poorly done mockmuntaries are so painful to watch, but obviously extremely cheap to make. I feel sorry for Kelly LeBrock and Beverly D'Angelo. I guess these are the only opportunities available for hotties way past their prime.",negative
"this movie is not good.the first one almost sucked,but had that unreal ending to make it worth watching.this one has nothing.there's zero scare,zero tension or suspense.this isn't really a horror movie.most of the kills don't show anything.there's no gore to speak of.this could almost be a TV,except for a bit of nudity and a bit of violence.the acting is not very good,either.and don't get me started on the dialogue.as for the surprise ending,surprise,there isn't one.i suppose it could have been worse,although i don't see how.but then again,it is less than 80 minutes long,so i guess that's a good thing.although it felt a lot longer. apparently this is the cut version of the film.i found it for a very cheap price,but it still not worth it.if you want the uncut more graphic version,check out the Anchor Bay edition.anyway,this version of Sleepaway Camp II:Unhappy Campers gets a big fat 1/10 from me. p.s.if you watch this movie,you will probably be a bored and unhappy camper.if you are a real fan,you might want to pick up Anchor Bay's Sleepaway Camp(with survival kit) three disc collection containing the first three movies uncut and with special features",negative
"This movie is nothing but a religious tract promoting classic Hinduism and New Age Occultism dressed up with Western images to be swallowed by those who are ignorant of foundational religious comparisons. Basic tenants of Hinduism contain elements of reincarnation. (Some of the characters appear both in the present time and also in the 1600's) obviously reincarnated. God is an impersonal force. Animal life and plant life are all the same. (This is Pantheism). Redfield has tried to mix Eastern Mysticism with Western Christianty. His attempt at syncretism may fool or confuse those who are not seekers of truth but this movie is a feeble excuse for any ultimate reality. As the ad in the old Berkeley Barb used to say for $10.00 will show you how to start your own religion. As one famous prophet has said, ""Use the Force Luke"".",negative
"This movie is nothing like ""Office Space"" except in the premise. Office Space was hilarious. I would not recommend this movie to anyone, as I laughed not once during the entire film. Mr. Cornbluth's self-indulgent tirades quickly become more annoying than 15 Jason Alexanders in the same room. If you decide to see this movie, use a free rental or watch it at someone else's house so you can leave if necessary.",negative
"This movie is nothing more than Christian propaganda. It started off like a good sci-fi movie and then works a syrupy sweet Christian theme into the story which is totally unrelated. I had to turn it off half way through because I felt tricked into renting it. The catholic church has officially announced that aliens do NOT contradict belief in God.<br /><br />The movie is slightly entertaining despite this but the dialog is unbelievable, writing and acting is mostly rubbish and all in all, this movie is mostly a stinker to be avoided.<br /><br />There was obviously some research done into the phenomenon by the filmmakers, but then you quickly realize that it is only for the purpose to debunk and inject their own paranoid religious views into a valid interesting subject. If you are a zealous religious fanatic who believes in demons and angels , you will love this movie.",negative
"This movie is not in anyway funny, it tries to be funny with it's lame humor, which is so dry and boring that the movie is just 2 hours of torture. Throughout the whole movie i was thinking one thing, ""when is this gonna end"". One thing you have to hand to them, is that they do have a very few mildly funny moments, which is also why i gave it a whole 2 stars. It is unoriginal and uses up almost every old blonde joke in the book, even the ones that wasn't funny the first time. It basically is a movie to belittle blondes and to record the whole repetoir of blonde jokes.<br /><br />To sum it all up, this movie is blonde humor gone bad, it is not worth paying any amount of money to watch, it is just that bad.",negative
"This movie is not just bad, not just corny, it is repulsive. Something about Daphne, about the creepy call-girl, about the whole damn (and I use the word literally) film radiates a grotesquery that would offend a brothel mistress. This film makes my skin crawl, makes me regret having reproductive organs, and makes me feel unclean.<br /><br />One of the things that bothers me most about this movie is that they used such a good concept. A creature that makes fantasies with disastrous results, rather than the cliché Worst Nightmare and the overdone Twisted Wish, is a truly fascinating film idea.<br /><br />Thought: The reason why hobgoblins need to be killed before day is that they are attracted to bright lights. During the day, bright lights don't show up well, so they could go anywhere.<br /><br />Count the Hobgoblins: Four hobgoblins drive out of the film studio, and yet at least nine of the pernicious plush-toys are killed throughout the course of the movie.<br /><br />Discussion Question: If you had a frigid, demanding, unappreciative girlfriend, would you enter garden-tool-combat with a military chunkhead? Explain.",negative
"This movie is not only a very bad movie, with awful actors --or presumed actors--, a bored direction and a story unattractive, it also copies exactly an scene from the excellent ""giallio"" ""Torso"", directed by Sergio Martino in 1973 (two years before), one of the most celebrated psycho-thrillers of Italian cinema and a cult-movie around the world. In ""La Sanguinusa conduce la danza"", the director replays the bed scene between the black girl and the white girl, with an peeping-tom watching from a window of the bedroom. Naturally, the scene in Rizzo's movie is ridiculous and inferior to the softness and charming in Martino's film. To put another black girl, another white girl and another peeping-tom replaying the scene is simply the most appropriate way of prove that Rizzo's movie has no ideas, no originality, no taste, and nothing at all. I think that such things are an offense to spectator.",negative
"This movie is not only boring, it is also really badly done. The graphics are so bad, they are not even second rate - they are dreadful. The characters do not show any facial expresssions, the voice acting is empty and without any soul, and the plot absolutely lacks .... well... anything and everything. My 5 year old likes it - but thinks it's a bit boring. I agree with him.",negative
"This movie is not only poorly scripted and directed but is simply distasteful. A beautiful novel is terribly misrepresented in this film. Many changes have been made to the storyline, presumably to streamline the timeframe. But what results is simply confusing. The acting can't possibly overcome the script which removes the characters' motives for their behavior. Plus, the conversion to English does not work when everyone refers to the patriarch EsTEban as ESteban. Horrible. Please please please read the gorgeous novel, in Spanish if possible. DON'T SEE THIS FILM. It will ruin for you what could be a wonderful experience.",negative
"This movie is not realistic at all, more of a comedy than a serious war film. Very old-fashioned too. Maybe I was just expecting it to be on a same level with ""Platoon"". I wonder, why 50% of the voters gave it 10? Something must be wrong.",negative
"This movie is not so good as I thought it would be. There is no story whatsoever, no characters and some dialog would have been nice. The gore effects are good and it gets quite bloody at times but nothing over the top. It starts with an autopsy on a man and when that is over the scene with the girl starts. The music is a classic score and fits the movie very well. They should have made a 90 minutes version in which they could have had some time for character development so we can feel sorry for the person on the autopsy table. And some more info about the morticians would have made this movie far scarier than it is. Don't expect a scary movie but a nice, gory special effects reel.",negative
"This movie is not that good at all.Its pretty stupid, pretty annoying, and very poorly done.I really only saw this film was because one of my friends said they hated this film.Although I didn't hate it as much as them, I still found it to be a pretty bad film.The only thing that is remotely good about this was that it was a little entertaining at times, and also I feel that if it had been done a little better it would have been equally okay.What I mean by a little better is that if it had been totally recast, not have had it looked like it had been shot for a film festival, and if the script had been improved it would have been a okay slasher film.Instead it isn't but instead what it is now, a crappy film.The acting is atrocious I felt as if I was watching a couple of teens act for like a Halloween show or Thrill ride or something.The kills are pretty cheap(as is the film itself), and basically everything else is low-class.Overall this film really is bad and you wouldn't be missing out on anything if you decided to skip this film.<br /><br />3.8 out of 10 stars",negative
"This movie is not that interesting, except for the first ten minutes. The pace and editing are a perfect introduction in an ensemble piece, even better than say Gosford Park. Then it inexplicably slows down, loses focus and starts resembling a traditional French movie only to regain focus in the end with the love relation between Antoine (Depardieu) and Cécile (Deneuve). In the middle there are too many sidelines and loose ends in the story, several threads started are not ended.<br /><br />*******SPOILERS AHEAD The main story is the relation between Antoine and Cécile. He has been loyal to her after his relation with her many years ago, despite her remarrying and setting up home in Morocco. As builder he now rebuilds his own life and recovers hers by taking the mask of Cécile's marriage. Having accomplished this, he is buried after a freak accident (literally) and becomes a comatose. He wakes only after she has burned their old picture as indication that they've reconciled with the past and can properly start their lives again together. *******END OF SPOILERS<br /><br />It remains unclear what vision this director wants us to see us because there are so many other stories here: Illegal immigrants want to enter Europe, there are frequent radio broadcasts about the overthrow of Iraq's former regime. Cécile's child is bisexual and is bitten by dogs (loyalty) once he meets his boyfriend, whereas the girl he lives with seems to be sick (of that?). Her sister is traditional Islamic, and enters a relation with Cécile's husband. It portrays Morocco as unnecessary backward, despite all the building there is a strange colonial vision shining through that almost glorifies the past. It portrays Islam as backward and prone to extremism, which may sometimes be true, but certainly not in general. In the end it can all best be described as adding some couleur locale and l'art pour l'art.<br /><br />Deneuve and Depardieu are great. With this material they are so familiar they are able to spin something extra in every scene: lifting an eyebrow, body language, radiating pride, awkward behavior. The movie itself is disappointing and only confirming the limited role of French cinema in the world nowadays. With some notable exceptions of course.",negative
"This movie is NOT the same as the 1954 version with Judy Garland and James Mason, and that is a shame because the 1954 version is, in my opinion, much better. I am not denying Barbra Streisand's talent at all. She is a good actress and brilliant singer. I am not acquainted with Kris Kristofferson's other work and therefore I can't pass judgment on it. However, this movie leaves much to be desired. It is paced slowly, it has gratuitous nudity and foul language, and can be very difficult to sit through.<br /><br />However, I am not a big fan of rock music, so it's only natural that I would like the Judy Garland version better. See the 1976 film with Barbra and Kris, and judge for yourself.",negative
This movie is not very bad tjough. But one cannot find anything new about the personality of Marquis de Sade from this movie. The movie tries to stay on the borderline between erotic and insightful and it cannot succeed at either. The cinematography is really bad (straigh-to video quality)<br /><br />,negative
"This movie is not very good.In fact, it is the worst Elvis movie I have seen.It has very little plot,mostly partying,beer drinking and fighting. Burgess Meredith and Thomas Gomez are wasted. I don't know why they did this movie.You could say Elvis was wasted as well,he is much,much better in ""Follow That Dream.""",negative
"This movie is not worth a descend review, it just made me decide that I am not going to go see the next Tarantino film. And I used to love Tarantino's films.<br /><br />Not artsy, not entertaining, not witty, not funny, nothing, just dull and stupid. If this movie would have been Tarantinos first, it would have also been his last.<br /><br />Tarantino has to get a grip on himself, otherwise his next movie is going to be 3 hours of meaningless, boring and uncool dialog. It seems like he has fallen in love with his dialog - and his love is blind.<br /><br />After you finish your popcorn's there's no reason to sit in a theater anymore.",negative
"This movie is not worth anything. I mean, if you want to watch this kind of stuff, flip to Hollywood movies! This totally is a disgrace to the Bollywood name. Neal N Nikki seriously sucked! Never watch this movie. As for the actors, it appears the acting genes skipped a generation. Tanisha couldn't have worn less and Uday Chopra obviously was just picked because he was the director's spoiled son. (All of that Halla Re was amazingly stupid) The songs are eh, and I hope the director did not spend to much money on it...... Bottom line, I hated the movie. Do not let your kids watch it, and if you have it in your house it is a stupid movie so discard it! Buy the CD, if you must. (As I said, the songs are eh.) At least it is better then the movie.",negative
"This movie is not worth seeing, at least not at a cinema. The story is hard to follow and understand (it starts with 10 minutes of something happening 3 years earlier). It's hard to know if this movie is trying to be a comedy or just is so bad/weird that it sometimes seems like it. American sirens and lights on Swedish police cars is just one example. The acting of Persbrandt and Bergqvist is good as usual, but I think Jenny Lampa acting as Jasmin acts very poor. Zara Zetterqvist acts pretty well, she's not been seen as an actor in Swedish movies for a long time. If you still want to see it, wait until it's released on DVD or is shown on TV.",negative
"This movie is not worth the time it takes to put it in the VCR or DVD player! Michael Dudikoff and Lisa Howard are two bounty hunters in love, yet they are total opposites. She is ambitious and organized, while he is laid back and totally scatter brained.<br /><br />In this movie, bad guys are chasing Jersey Bellini (Dudikoff's character). This opens the door to bad Godfather impressions, ludicrous fight scenes, and Tony Curtis playing the most effeminate looking mob boss I have ever seen! The ending has to be the most...unbelievable scene I have seen in a movie in quite some time. I would believe the Terminator, even the Matrix, has a better chance of possibly being true than this ending! This movie just reeks of cheapness. The script had to have hit someone as being totally ridiculous. Yet, the green light was given for this piece of dung to be made and let loose on on unsuspecting public. I watched this movie with several other people who all agreed that we had been cheated. No one in the group could say anything good about the film except that it was over.",negative
"This movie is now my gauge against which all other movies will be compared...as in, ""was it as stupid as Revolver?"" I too was in the Toronto International Film Festival audience last night where a room filled with over 2000 people walked out in an eerie silence after being absolutely dumbstruck by 2 hours of sheer nonsense. Jason Stratham would have been amazing if only he had a purpose. Within the first 10 minutes he's given a proposition by Andre 3000 and Big Pussy (of Soprano's fame) which makes NO SENSE AT ALL! Then there's some shooting and then there's Ray Liotta wearing embarrassing bikini briefs, then there's some animation, Ray Liotta's naked butt, lots of shooting, teeth gnashing, art house wanna be pretensions and more of Liotta's embarrassing body that elicited laughs at every showing...which I'm not quite sure was the reaction he was looking for...not 5 times anyway. Everyone in this movie thinks they're smarter than the average bear and Guy Ritchie thinks he's Yogi Bear incarnate. The story lines might have went nowhere but the posturing was outta sight! The only way this movie could have been worse is if Madonna herself was in it.",negative
"This movie isn't about football at all. It's about Jesus/GOD!! It's the same kind of sappy sanctimonious religious drivel you get from those arch idiots who wrestle for Jesus, or pump iron for Jesus. Yeah, Jesus was totally buffed, liked contact sports, and definitely owned a full set of dumb bells. DUHHH! This movie should have been entitled ""Hiking for Jesus,"" or something along those lines just to let the general public know that the real intent of this movie is to convert people to Christianity, and to pander to those whose brains have already been thoroughly washed in the blood of the lamb. That the title is derived from the Bible is made clear when the head coach is reading his Bible and asking Jesus for help. The recent sports movie ""Invincible"" was 100 times more inspiring than this was, and Jesus wasn't even a factor. It was just the desire and determination of an individual with a dream.<br /><br />Any broad appeal as an inspirational sports movie is ultimately lost amidst all of the blatant Bible thumping and sanctimonious religious propaganda. One gets the impression that the sole message is the only way you can succeed and make positive gain is if you accept Jesus as your personal savior. But this is simply not true, and is therefore a lie being perpetuated by those who believe that it is true and want everyone else to believe it. The image of the winning athlete thanking Jesus when he wins comes directly to mind. What does he do when he loses? Does he curse Jesus? Of course not! When he loses Jesus isn't responsible. Jesus is only responsible when he wins. And the logic goes round and round and round, and it ends up exactly where the true believer needs it to be, every time!! I had to hit pause when the scene with the coach receiving a brand new truck came on so I could stop rolling on the floor laughing my ass off and catch my breath. Materialism is not what Jesus taught. I find it odd that most so called ""Christians"" seem to either forget or ignore this message from their ""savior,"" especially when I see a Jesus fish on the back of a huge gas guzzling SUV that passes me like I'm standing still.<br /><br />Another message this movie implies is that Jesus apparently cares more about the win loss record of a mediocre high school football team that he does about the millions of starving children in the world. The final scene where the insecure and unsure kicker boots a 51 yard field goal and it is hyped up as an unbelievably incredible miracle puts the final gag me with a spoon religious red flag on this turkey. I only gave it three stars because the guy who played the black coach could actually act.",negative
"This movie isn't even good enough for the $1 bin at the grocery store.<br /><br />I only purchased it because Terrence Howard was in it. Guess he couldn't be too choosy about his roles during this time. <br /><br />The movie in itself was hard to sit through. It seemed they were grasping at straws with a storyline. The ""guys night out"" had to be the most boring I've ever seen. One minute they are talking and the next reciting poetry? Even the arguments were hard to follow. Most of the acting lacked any depth.<br /><br />I have no idea what they were going for with this one but they certainly missed the mark.",negative
"This movie isn't terrible, really. Somebody commented that Mo is the type of American Europeans snicker at. But there are those, and not necessarily Anglo-Saxon yahoos, who do not care for Frenchmen; and the Xavier character isn't going to sway them.<br /><br />Let's consider his stereotypical Frenchman attributes:<br /><br />1). Cynical - very cynical. Check.<br /><br />2). Reedy, underfed appearance, check, despite:<br /><br />3). A great appreciation of cuisine. Check.<br /><br />4). Lukewarm work ethic. Check. (Forget the fact he is supposedly a rich stockbroker, from watching him in the film he seems to put in ten hour workweeks.) <br /><br />5). Beautiful wife, check. Despite that:<br /><br />6). Loose interpretation of the marriage vows. Check.<br /><br />7). Big sexual ego, which says an American girl owes you sex if you buy her dinner. Check.<br /><br />Whether Mo is a hick or not, there's no reason for her to fall for this smug European twit other than the script dictates so.<br /><br />On the other hand, as other male reviewers have, I did enjoy seeing Karen Allen's cute, petite body. I'll give the movie four stars; two of them are for that.",negative
"this movie isn't that great...at all but it's good when you want to just laugh, because it's pretty ridiculous :) there are a lot of mistakes in it and it's cheesy. i got this movie for Christmas like 5 years ago but for some reason i've never given it away. i guess i just like it for a rainy day even though i only watch it like once a year. This is a very 90's movie so it's really funny to see how everyone dresses and acts. this movie is good for someone young...although come to think of it, i didn't even like it much when i was like 12 but that's just my personal opinion. the movie was really predictable. i wish it had had some extra weird twists but i guess it was trying to be an appropriate movie for everyone to enjoy. i think it was appropriate for the whole family but Hallie's dress was a bit unmodest but certainly appropriate enough for family material.",negative
"This movie isn't very good. It's boring, and not much blood for a horror film. The plot just trods along with not much happening. And I think the female vampire was so stupid. She had many chances to kill the vampire hunters since it shows her having lighting like reflexes. But, whenever she has one of them pinned, she just takes her time and something always happens where she doesn't bite them. No wonder this went straight to cable.<br /><br />FINAL VERDICT: Not anywhere near as good as the first Vampire movie. You're a SUCKER if you waste your time on this.",negative
"This movie isn't worth going to the theaters to watch, i did and i didn't like it, the effects on the movie are really well done, and you get a laugh here and there, but the story is really bad, it seemed like they had run out of ideas, and what is that of loki and odin getting along? that totally destroys norse mythology, and i guess they forgot that loki's powers only worked during the NIGHT!! If you really MUST see this movie rent it when it comes out, don't go to the movies for this!<br /><br />They could have done a lot more with this than they did, it felt like they just wanted to do a movie to show off cool animation and effects",negative
"This movie isn't worth the film it was photographed on. The dialog is flat, filled with cliché overused lines and delivered by amateur actors who sound like their reading a script for the first time. The choppy, shaky, film style is a cheap imitation of the ""The Ring"" style visual effects. The characters do not even act like a normal person would. For example, the character who is looking for her twin sister at her home forces her way through the front door, creeps around the house all frightened and sobbing and she doesn't even once call out her sister's name to see if she is home. What? You would think she had just buried her sister instead of searching for her. Way too many flashbacks to her childhood. Too many unnecessary flashbacks is a typical sign of an amateur director. It is actually funny watching the numerous shots of the woman driving her car down the street, up the driveway, around this corner, over here, over there, oh a side view, now a front view. Enough already. You would think you are watching a TV commercial for the Solaris! Terrible movie. 0 out of 100. I really pity anybody who spent money making this film or to watch it.",negative
"This movie is of interest to the fans of the famous rock group ""The Band"" in that singer/ keyboardist Richard Manuel appears in several scenes. It looks to me like the movie might have been shot some years before 75, judging by Richard's looks. Interestingly, Jones would later act with The Band's Levon in a considerably better film ""Coal Miner's Daughter."" Anyway, you really need a special reason to outlast this tough to watch Art film. Alas, the famously sensitive Manuel would commit suicide. I've never heard how he ended up in a movie. Four of the five members of the Band would appear in another bad film ""Man Outside.""",negative
"This movie is once again, one of those movies that someone thinks or tries to make others think that they understood it. Anyone who tries to make any sense of this is a MORON! My advise would be to take TWO not one but TWO hits of very strong acid and at least you'll get a visual thrill out of it!! Although at the end you may kill yourself for wasting your acid!!!! Being that this comment requires 10 lines of info, let me write something for those of you that will try to defend the movie. Unintelligble. Garbage. Schitzoid. Waste of talent. Movie is ice, with paper on destination with ringing clouds, on a sunny dive in the pudding.... Sounds like lion in a red light with seeing hair. Now explain that to me!!!!",negative
"This movie is one big stereotype. The acting (except Philbin & Harrison) is awful and the horrid script only make things worse. I must agree with another review that the ""local"" characters sound ridiculous as a matter of fact so do the ""caucasian"" characters. 3 stars out of 10 for 1)Philbin 2)Harrison 3)surf scenes. (1/2* out of ****) Watch ""Aloha Summer"" (**) and/or ""Beyond Paradise""(***) for Hawaii done right, especially BP which I found to be entertaining and brilliant.",negative
"This movie is one long chiche after another. First of all, though they did their share, there is a unwarranted dope scene where John sniffs weed like an idiot. The wigs and accents are terrible. They sound worse then the old Beatle cartoons. John is the nasty, envious, closet homosexual, slave to Yoko he is portrayed as being in the discredited Albert Goldman book. They even keep spouting song titles in regular conversation ""it was always just the Two Of Us""! John would not have been mean to his fans like this either. Like his death showed us he was too nice if anything. The one funny scene is where a dumb Beatle fan only recognizes John and asks him to sing Paul's Yesterday. An insulted John says something along the lines of ""Sure and while I croon why don't you get down on your knees, put on your wife's wig, and lick my liggin"". That made me laugh for days. Really this movie is funny in how serious it tries to be while coming off ridiculous. John and Paul also did not sit pontificating all day, they were funny light hearted guys who even during The Beatles break up where far more personable then portrayed here. Forget it.",negative
"This movie is one of the most awful I've ever seen. Not only is the dialogue awful, it never ends. You'll think it's ending, but it's not. How long is it, 140, 160 minutes? I don't even know. I do know that I'll never watch it again. It's like someone took a romantic comedy, took out the comedy, then decided to downplay the romance, leaving us with the pile of crap that managed to make its way to the screen. But don't take my word for it, find out for yourself how terrible this film is.",negative
"This movie is one of the most awful movies ever made.How can Jon Bon Jovi play in a movie? He is a singer not an actor, What?Is he killing vampires with his guitar? And what about the dreadful plot? O my God this movie really sucks. In the end is the Queen of vampires played by the eternal vampire Arly Jover (Blade) surrounded by an army of vampires, but when the ""fantastic"" slayers arrive only 4 vampires are left!! What happened with the other 10-15 vampires? They run out in the sun??? And what about the ""Grand Finally"" when Bon Jovi blows her head with a shotgun??? That's really a ""NOT"" . In ""Buffy the vampire Slayer"" in 100 episodes not a single vampire is killed with A SHOTGUN??? This really is a lack of originality!",negative
"This movie is one of the most unintentionally bad action films ever put to film. Dolph Friggin' Lundren with a Japanese accent is funny enough, but add really corny buddy-buddy action to the mix, an eccentric and over-the-top villain, a clichéd love interest subplot and one of the worst endings of all time, and you've got yourself quite the little suicide-inducing cure for people who enjoy their life and, up till watching ""Showdown,"" had never contemplated killing themselves with a blowtorch.<br /><br />I don't know if it's just me but the whole homosexual subtext is none too subtle. There are constant references to male genitalia, and not by females, either. Brandon Lee and Dolphin talk about each other's manly parts, and in fact before going on a suicide spree, Brandon says to Dolphy, ""In case we don't make it, I want to tell you, you have the biggest d--- I've ever seen.""<br /><br />Now, is this what a normal man would say to another man? In an ACTION film no less? And would you want those to be your _dying words_??<br /><br />Later, there's this gem:<br /><br />Dolph (regarding the villain): ""I would like to cut off certain parts of his anatomy."" Brandon: ""Man, you've got a fixation."" <br /><br />As the guy at RuthlessReviews.com pointed out, ""Unfortunately, Dolph doesn't respond with, 'I've got a fixation? I've got a fixation?! You're the one who decided that his last words should be about my privates! I was just gonna chop of his ears and his nose, man.""<br /><br />This is relentlessly silly stuff and great fun if you're someone who enjoys receiving root canals from unlicensed dentists, without novocain. It's about on par. Great fun for the whole family!",negative
"This movie is one of the most wildly distorted portrayals of history. Horribly inaccurate, this movie does nothing to honor the hundreds of thousands of Dutch, British, Chinese, American and indigenous enslaved laborers that the sadistic Japanese killed and tortured to death. The bridge was to be built ""over the bodies of the white man"" as stated by the head Japanese engineer. It is disgusting that such unspeakable horrors committed by the Japanese captors is the source of a movie, where the bridge itself, isn't even close to accurate to the actual bridge. The actual bridge was built of steel and concrete, not wood. What of the survivors who are still alive today? They hate the movie and all that it is supposed to represent. Their friends were starved, tortured, and murdered by cruel sadists. Those that didn't die of dysantry, starvation, or disease are deeply hurt by the movie that makes such light of their dark times.",negative
This movie is one of the poorest adaptations of a fabulous book that I've seen. Jean George's novel is a fantastic book that I think is an outstanding read for any child. I can't give the same endorsement to this movie.,negative
"This movie is one of the worse examples of hype. People who read IMDb comments might be tempted to view this total waste of time, as I was, by false tag-lines like "" A throwback to 80's horror"" and what-not. This movie sucks, from the acting to the directing to the story. Horrible, all across the board. And I really like GOOD horror films, I am not at all a snob. This sucked. For reference, I loved The Grudge 1 and 2, Black Sheep, Planet Terror, Texas Chaisaw Massacre The Beginning, The Others, The Ring, Jason X, Slither, Planet Terror, and really hated The Ring 2, Texas Chainsaw Massacre(re-make)Wolf Creek, The Hills Have Eyes(re-make)Hostel 1 and 2, and this movie. Gore doesn't trump fun or originality.",negative
"This movie is one of the worse movies of all time. I'm kind of upset this movie isn't on the bottom 100; it deserves a spot at least number 60 or 70 on that list. This isn't just a film I think is bad in a campy-fun sort of MST3K way; it's just bad. This is one of the few films that I really, really HATE. Freddy Got Fingered is in the same category of bad.<br /><br />So the story in this one goes that the daughter (Gugino) goes to California to go to school and comes back with Crawl (Shore) and he tries to learn to be a farmer. Then the boyfriend tries to set Shore up so that the girl will leave Crawl and go back to him. It ends and what's left of the audience can leave.<br /><br />The main purpose of this movie is for Pauly Shore to mug for the camera and try to be funny; but I'd say about 100% of the time he fails at that. Their horrible inaccurate and out of date view of farms and farming is offensive and there's nothing in this movie worth seeing. If you think of seeing it: don't. The one time I saw the movie it felt like I was watching it for 5 or 6 hours. If you've already seen it; you have my sympathy.",negative
"This movie is one of the worst comedy movies i have ever seen. I hate these Napoleon Dynamite rip-offs. Just face it people the dumb humor has been mastered already. Make something new for once. All these new comedies are just horrible. And coming out of SNL Andy Samberg is not ready for a lead role yet. I hope he can bounce back from this awful movie. And Will Arnetts character is just plain bad. Hey Will, did you read the script. The plot is truly the worst ever written. Now you tell me if this is weird. (this is the movie) Rod Kimble's step dad Frank is dying and the family needs $50,000 to pay for the heart surgery so Rod is planning this huge jump to raise money for Frank. Only so that Rod can beat Frank in a fight and prove his manliness. Yes thats the movie, you tell me, would u spend $7.00 to see that piece of crap!<br /><br />3/10 just horrible<br /><br />-adam",negative
"This movie is one of the worst horror movies I have ever seen. From the very first scene, i knew it would be a smash crash. It starts with a seemingly bad girl killing a bunch of nuns in a mission. As it turns out, the people in it were possessed by some random zombies. Well, some years later, some college kids are pulling some pledge prank. Horrible acting goes from pledge to the head jock. Things like the jock yelling at him to do stuff in quite a non-chalonte manner, with pledge over reacting and over-doing the whole ""eager to be popular role"" What really took the cake with this one is the final battle. Absolutely HORRIBLE special effects with the guns. For example, guns making a noise with no muzzle flash, and vice-versa. this is accompanied by stop-animation zombies (why they move in stop motion is a mystery), cheesy music, and about 40 guns that come out of nowhere.<br /><br />Overall, this movie is crap. Just like so many others you can rent for 50 cents at your nearest low brow movie rental place.",negative
"This movie is one of the worst I've ever seen. Even being hangover didn't help. The plot is lousy, if existent. The relatively large number of beautiful girls are unable to help. I guess seeing an episode of temptation island with the sound turned of would give the same kind of experience. Do NOT see this flick",negative
"This movie is one of the worst movie i have ever seen in my life! i waste my time on this. I watched this movie completely as i took it a punishment for me. I wonder how Suneel Darshan could make such a movie? it doesn't have any continutity. It feels he just shoot scenes and then joined them in some editing software!!! Music is of course good but the film doesn't need so many unwanted songs. Kangana Ranaut looks fake and I wonder what role does Celina Jaietly has in the movie? Bobby deol is good. at least he can act! Upen Patel needs to take some acting lessons rather than taking off his shirts in almost all the scenes! The end was the most pathetic!<br /><br />I watched Shakalaka Boom Boom after watching ""300"" (the movie), you guys can really imagine what i felt about this bollywood movie. <br /><br />I really respect bollywood but please directors and producers, get real, not everything is fantasy!",negative
"This movie is one of the worst movies I have ever seen! The cast was fantastic, but the movie itself was horrible. It was so awful, I had to register just to say how bad it was.<br /><br />I watched this movie, and I wanted to break it every minute I watched. It could have been great. Had a great premise. If you're going to rob an armored car, and there's a homeless person which sees you, you have to do, what you have to do. For the main character to decide to get a cop killed, and kill his friends and co-workers after the homeless guy was already dead, it's just ridiculous. And yes, I'm sure there will be responses to this about how his conscious got to him, but come on.<br /><br />The main character crawled out the bottom of the armored truck, no one saw him. He blew up the stash of money and grabbed and dragged the cop right behind the other guards and no one saw him. He was able to get back in the armored car, and no one saw him... This movie had potential, but blew it.<br /><br />You couldn't pay me to watch this movie ever again! DON'T EVER watch it! Aggravating...",negative
"This movie is one of the worst movies I have ever seen. There is absolutely no storyline, the gags are only for retards and there is absolutely nothing else that would make this movie worth watching. In the whole movie Fredi (oh my god what a funny name. ha ha) doesn't ask himself ONCE how he came from a plane to middle earth. There are plenty of stupid and totally unfunny characters whose names should sound funny. e.g. : Gandalf is called Almghandi, Sam is called Pupsi ... and so on. I didn't even smile once during the whole movie. The gags seem like they were made by people whose IQ is negative. If you laugh when someone's coat is trapped in the door (this happens about 5 times) then this movie is perhaps for you. Another funny scene: They try to guess the code word for a closed door (don't ask why- don't ever ask ""why"" in this movie) and the code word is (ha ha): dung. So if you laughed at this examples you might like this movie. For everybody else: Go to Youtube and watch ""Lord of the Weed"": it's a lot, lot more fun.",negative
"This movie is one of the worst ones of the year. The main characters have no chemistry and the acting is horrible. Paul Rudd is the only one that has any talent, and the only one that is not annoying. I have never watched Desparte Housewives, so I don't know how Eva Longoria is on that show, but in this movie she was horrible. It's like she knows nothing about acting. All her character does is whine throughout the film, and she can't pull off being a b**** and still be entertaining. And the other girl, Lake Bell, displays little emotion and it's like you are looking at the cue cards as she reads them.<br /><br />As for the story, it is so cookie cutter. It goes from point A to B with little surprise. So much more could have been used with Kate as a ghost. The plot should have revolved more around her and the things she does as a spirit.<br /><br />FINAL VERDICT: It's not worth watching.",negative
"This movie is one of the worst remakes I have ever seen in my life! The acting is laughable and Corman has not improved his piranhas any since 1978. 90% of the special effects are lifted from Piranha (1978), Up From The Depths (1979) and Humanoids From The Deep (1979). It makes Piranha II: The Spawning look like it belongs on the American Film Institute List.",negative
"This movie is one of those I regret having invested 90 minutes of my life that I'll never get back in. The premise is really interesting - essentially it's a zombie flick from the perspective of the undead (let's not split hairs as to whether they're actually dead or not}. Unfortunately, they fail to deliver a compelling story within this framework. The nearly unbearable monotony of the lives of the central characters may add to the realism of the film, but it sucks all the entertainment value right out of it. If they had put a little more effort toward keeping the viewer engaged, it would have been much more likely that they drive home the social commentary.",negative
"This movie is one reason IMDB should allow a vote of 0/10. The acting is awful, even what some here have lauded, the Carpathia character! The script looks like it was written in haste. In one scene, the black preacher who was left behind, when asked by Buck what ""dan7"" in the computer graphic meant, said, ""Daniel 7, *CHAPTER* 24."" He probably meant VERSE 24, but the film makers missed this slip up. Perhaps the worst part is that the film's eschatological position is Biblically unsound. While many Christians have espoused the film's interpretation of end-time events, such interpretation, in *my opinion*, is faulty. To understand these flaws, read ""Christians Will Go Through The Tribulation"" by Jim McKeever and ""The Blessed Hope, A Biblical Study of the Second Advent and the Rapture"" by George E. Ladd.",negative
"this movie is one that belongs on the cutting room floor. For one, the opening sequence does not put forth the element of 'gang' related subject. If it wasn't supposed to then at least they got that part right. Secondly...whats with all the glancing to the left and then to the right??? they even do it in synchronous style. Nowhere have i witnessed a member from a rival crew walk up to a bar, look for someone, from the outside lookin like he is all that and a bag o chips at a barbie and walk away without even being confronted let alone get 'what for'. I wasted money on the rental price and am glad i did not purchase the DVD itself.<br /><br />If this was made by college( T.A.F.E ) students then at least they gave it the old Aussie try. Better luck next time.",negative
"This movie is on the level with ""Welcome Home Roxy Carmichael"" for biggest pieces of garbage that have ever hit the silver screen. If these guys weren't Adam Sandler's gay friends, this script would have ended up where it should have: as some big time movie exec's toilet paper. I hate this movie, it makes me want to injure people. I will admit that I have high standards, but honestly I'd rather watch Step Up 2. The ultra sad part was when I logged onto IMDb and read that you pieces of trash actually gave this movie a 6.9 rating. This is a testament to all of the retards in our society that will go watch terrible movies that are just hour and a half long dick, fart, and weed jokes with little to no originality. After seeing this rating, I would like to suggest ""Tyler Perry's House of Pain"" to all of you guys who enjoyed this film; you'll see some high quality humor there on about the same level of this abhorrent abomination.",negative
"this movie is outrageous. by outrageous, i mean awful. i had more fun watching the paint dry at my local hardware store on an august day while suffering from a migraine and heat stroke. the acting got progressively worse as the ""movie"" advanced, and the directors use of euphoric drugs became apparent as the final scenes approached. when misty was shot to death she decided that it would be prudent to blink post mordem. that was not intelligent. truthfully, stevie wonder could have caught that with his eyes closed. if you are deciding between playing with a nail gun while intoxicated and watching this movie, bear in mind that the nail gun will probably give you a better story to tell your friends.",negative
"This movie is over hyped!! I am sad to say that I manage to watch the first 15 minutes of this movie and anything beyond that, I will have to force myself real hard to sit down and watch the rest of the movie. It's totally stupid and very fake. The robot in the movie looks like a man wearing those steel suit and the acting is really bad especially the one playing the character Alien.He is totally annoying!! Don't waste your money watching this sequel to the popular Gen-X Cops. I'd rather sleep or spend my money on some other things rather than watching this movie. 1 out of 10. If possible,I'd give 0.",negative
"This movie is overrated, to say the least. It's not good as a comedy, and it's not good as a ""serious"" film either. The pacing is far too plodding for the former, and there is too much lame slapstick for the latter. The only laughs come from some of Bud Spencer's reaction shots when he becomes exasperated by his brother's behavior. The dubbing is excellent but the full-screen framing is appalling. (*1/2)",negative
"This movie is painfully slow and has no plot. It conveys the lives of a group of laid off boatworkers. One of the older ones is sincere in his attempt to get a job. There may be some social commentary here, but, it is muddled as nobody is painted in a very sympathetic light.<br /><br />I do not understand why it had a 7.8 when I decided to watch it. I watched the whole tedious thing and built expectations for a huge redeeming payoff. No luck. The IMDb rating has always been such a good match for my tastes. Anything above 6.5 was worth watching.<br /><br />And my wife says Javier Barem does not even look good in this movie. He's not my type, so, my agreement does not mean much.<br /><br />Sigh. I give it a 1.",negative
"This movie is painful. That's probably the best way to describe it. It's 93 minutes of your life that you will never be able to get back. Well, actually it's more like 86 minutes because there is no way anyone would want to sit through the credits in this stinking pile of dog feces. Immediately you can tell the movie is from the producer of ""Mortal Kombat"", due to it's thumping and annoying techno soundtrack. This drains the few laughably enjoyable moments this movie can give you. The rest is drained by the completely uninteresting and annoying characters, the ""Freddie Prinze, Jr. School of Acting"" acting abilities of all involved (including the miscast Christopher Lambert), and the non-existant directing. Did I leave anything out? Of course I did. Let's not forget about the suicide-inducing script, with it's unitentionally (??) funny dialogue. Oh, yes, and let us also talk about how they shamed the original poem with this sad and useless futuristic/medieval translation. The costumes and weapons (were those giant pizza cutters I kept seeing?!?!) are just plain stupid, that's the best way I can describe them. And the last culprit of the night is the always awful CGI. When will filmmakers learn that CGI sucks? When will we see the wonderful effects used in the 80's? Probably never, but films like this and ""Star Wars, Episode 1: The Phantom Menace"" make us wish that they would bring them back. In closing, avoid this movie like the newest Freddie Prinze, Jr. movie. Then again if you like Freddie Prinze, Jr. movies then you deserve to sit through this horrid excuse for filmmaking.",negative
"This movie is pathetic in every way possible. Bad acting, horrible script (was there one?), terrible editing, lousy cinematography, cheap humor. Just plain horrible.<br /><br />I had seen 'The Wishmaster' a couple weeks before this movie and I thought it was a dead-ringer for worst movie of the year. Then, I saw 'The Pest' and suddenly 'The Wishmaster' didn't seem so bad at all.<br /><br />Bad Bad Bad. Excruciatingly bad.",negative
"This movie is pathetic not because it's poorly directed, acted, sung, danced, filmed, etc ... but because it's really difficult to ruin a movie using an ABBA soundtrack - yet, unfortunately, this is the only thing the movie succeeds in doing. The musical presentations in the movie, SouthPark, was much better than in Mama Mia. The director of Mama Mia is proof that you don't need talent to be a director - all you need are ABBA songs.<br /><br />Just to give a sample of the awfulness: An aging Meryl Streep is shot with close-ups in the harsh sunlight singing and just ruining the song with all the distracting wrinkles on her face. Why do that to one of the most talented Actresses out there?",negative
"This movie is perfect for any aspiring screen writer, actor or director. By watching this movie you will see all the things that are wrong with the film industry as it is today. There are so many clichés that it pained me to sit through this movie. Nothing about it is original and every single line spoken has been ripped off from those clichéd movies that we all saw in the 90's. Although it does have a few cheap laughs, overall it is wrong wrong wrong. I was so immensely bored and the movie was so predictable and pathetic i actually noticed how much make-up was caked onto Tara Reid's face to hide those massive bags and wrinkles from her endless partying. Seriously, she was wearing so much foundation you could literally scrape it off and refill an entire bottle of it.<br /><br />What shocked me though was that so many of the talented and popular cast would sign on for this piece of junk. And i do NOT know how i sat through that horrible screaming that Ashton Kutcher does, you know when he's like angry or something and he shouts his words in this annoying manner? Ashton's horrifying ""talking"", Tara's face being ten shades darker than her neck, a drugged up owl, a script that seemed like the work of a three-year-old...<br /><br />Seriously, in my whole life there has been no movie that i have watched that i did not in someway enjoy no matter how bad it was. This deserves an award for being the first. BAD BAD BAD... I don't think there is a single word in the English dictionary that can possibly describe this trashy movie. Today i was trying to re-watch it but i had to turn it off like ten minutes in because i was about to cry from the overwhelming amount of clichés.<br /><br />Don't even bother to rent this at your blockbuster, it's not worth a cent, as a matter of fact i am willing to pay anyone out there considering to watch this movie so they can go do something decent with their lives.",negative
"This movie is phoniness incarnate, a straight 11 / 10 on the phoniness scale. The fakeness of the accents as well as the tightness of the cardigan spandex pants are just staggering. Yanks, although the real Scotland may be just as colourful, if you ever go there don't expect to be given much of a the chance to ""dance out"" controversies with the locals. Also, don't attempt to sway local opinion through the otherwise fine art of tapdancing.<br /><br />There are a couple of infectious singing-and-dancing scenes, but the plot is far too cheesy and linear, and the dialogue is often too weak. I also doubt whether anyone would want to be stuck in a timewarped 18.th-century Scottish village in the boondocks rather than gay New York City. Maybe it wasn't such a big sacrifice for that priest to have left Brigadoon, maybe he was just trying to get the hell out of that dump.<br /><br />Watch it for the fine alternative-reality view of what a Christopher Streed Day-parade in Scotland would look like on LSD. Other than that I'd only recommend it to Hollywood muscial completists.",negative
"This movie is poorly conceived, poorly acted, and poorly written.<br /><br />Jon Heder is terribly annoying, and cannot escape the same Napolean Dynamite routine. Self-obsessed and ignorant.<br /><br />Furthermore, Diane Keaton plays the same manish, overly obsessed mother, who cares too much and yet not nearly enough about the lives of her children (see Because I Said So). <br /><br />Anna Faris, though i generally like her, plays a vapid idiot in this film as well.<br /><br />Jeff Daniels is passable but nothing special. <br /><br />Please, skip this film if you want to keep your soul.",negative
"This movie is poorly written, hard-to-follow, and features bad performances and dialog from leads Jason Patric and Jennifer Jason Leigh. The premise, believable but weak (undercover narcotics agent succumbs to the drug underworld) deserved better than this Lili Fini Zanuck flop. The competent supporting cast (Sam Elliott, William Sadler, others) was not enough to save this film.<br /><br />In addition, this movie also contains the absolute worst ""love"" scene in cinema.<br /><br />Moreover, the soundtrack is vastly overrated; specifically the revolting, sappy-without-substance ""Tears in Heaven"" by the otherwise legendary Eric Clapton.<br /><br />""Rush"" is wholly unenjoyable from beginning to end.<br /><br />2 of 10",negative
"This movie is possibly the cheapest, cheesiest, and poorest sequel ever made.<br /><br />Yet, it is the funniest and most idiotic movie by Disney, and will guarantee laughs at the sappy stories and lame plots from start to finish.<br /><br />It's a group of short stories that seem like bad fanfictions.<br /><br />*SPOILER ALERT* The first one's all about Beast and Belle being petty over a pathetic argument. Then, three loser new characters decide to patch things up by forging a letter of forgiveness to give to Belle. Part way through this little episode, Belle has wall eyes, which made my siblings and I laugh so hard. Then, she and the Beast fight more over the letter... and later learn the meaning of forgiveness. How old are they??? Certainly old enough to know the meaning of forgiveness.<br /><br />Then, the next one's all about Lumiere being the world's biggest dope when it comes to romance. This coming from the man who could woo anything female. And they make FiFi a psychotic villainess who tries to kill Belle, and winds up getting off scotch-free by the end of it. What a message to send the kids!<br /><br />Then, the next one's all about Mrs. Potts being angsty. And the next one after that's all about Beast becoming overly possessive of a bird, to the point where he just seems downright silly.<br /><br />The animation's so ugly, it kills. There are at least 100 mistakes you can plainly see... and the coloring is awful.<br /><br />Belle's a simpering sap who blubbers whenever something goes wrong. Plus, she's petty and very different from the usual Belle.<br /><br />And the side characters are annoying... (I mean, Cogsworth and Lumiere fight almost all the time. I know they did that in the movie, but it was overdone in this.)<br /><br />But the worst character is Mrs. Potts. She's ruined in this. I can't even describe it. Just buy it and see for yourself.<br /><br />I give it a 1/10 for the sap, but I give it a 10/10 for comedy.",negative
"This movie is pretty awful but I have some interesting information about it:<br /><br />It was filmed in 1976 at Northern Arizona University in Flagstaff, AZ, as well as at Oak Creek Canyon near Sedona, AZ. A good bulk of the extras in the film are then-drama students from NAU. I was a freshman there that year, minoring in theatre, but for some reason I didn't get involved with the production. I did however know several people who did and can supply this rather odd fact:<br /><br />There is a scene in this movie where two of the principals, as part of their hazing ritual, have to run naked into the woods. They are seen from behind in the movie, doing just that. The thing is, those aren't the actors at all but two guys I knew from the theatre department. The identity of these ""stunt posteriors"" will remain anonymous, at least to this website, unless they decide to, um, ""reveal"" themselves!",negative
This movie is pretty predictable nuff said....from the delayed kissing scene to the inevitable coming around of grandpa...this is a great movie for the 10-12 age group but beyond that it has no market..i give it 4/10 only because it achieved exactly what it set out to do and nothing more.,negative
"This movie is probably one of 3 worst movies made in history. I rented this by chance, without reading reviews, and wow, do I regret it. Really has no plot, doesn't really follow the vampire genre. Just plain god awful. Watching this movie will taint your enthusiasm for vampire movies. I felt like the writer/director/producer went on this drug binge and had hallucinations and tried to recreate it on film. Whole time I wanted the movie to end.. but the ending was even more whacked. <br /><br />If this review can save just one person from watching this crap, I felt my time spent on registration and writing this review was well worth it.",negative
"This movie is probably the worst I have seen. Bad acting, bad script, bad everything. Comparing it to mainly two other movies in the same genre and from approximately the same time is interesting. Both Cyborg (Van Damme, 1989) and Nemesis (Olivier Gruner, 1993) are much better and seems more robust in both story and directing and still it's Albert Pyun who has directed these two as well!<br /><br />The story is not original. The world has become a terrible place, possibly due to an environmental disaster or a nuclear war, and people live under medieval circumstances. A special breed of robots (cyborgs) live on human blood and there's the story... The cyborgs need to get a lot of humans to fulfill there ""prophecy"" and the humans need someone to stop them. One girl together with a robot (Kris Kristofferson) built by the creator of the cyborgs has been appointed by destiny to save mankind.<br /><br />In this movie the director tries some Hong-Kong stylish fighting scenes with the participants flying high and leaping far. The movie fails miserably in this attempt.<br /><br />I recommend this film with the only reason that most people will get a new ""worst ever"" movie to relate to. And to fans of the genre I recommend ""Cyborg"" since I think it's a very underestimated movie with quite a high entertaining factor. And if you can't stand Van Damme then check out ""Nemesis"".<br /><br />I rated this movie 1/10.",negative
"This movie is proof you can't just go to a Redbox and read descriptions of films and pick one and give it a try.<br /><br />While I'll give 'em great credit for having produced a film with halfway-decent special effects on such a low budget, and at least a halfway decent script and story line... unfortunately, it was only just that: halfway decent.<br /><br />If you like movies where things aren't all neatly wrapped up, and don't mind low-budget effects, you might like this film. Honestly, it wasn't really my cup of tea. I should've just gone to bed rather than spend my time watching.<br /><br />For a better science-fiction movie produced on an even LOWER budget (!) have a look at ""Primer.""",negative
"This movie is pure guano. Mom always said if you can't say anything nice... but even Mom would say I had to do my part to warn others of this movie.<br /><br />I can guarantee this is the film that Geoffrey Rush wishes would just go away. I would hope that Greg Kinnear fired his agent..from a cannon for giving him the script. After this Ben Stiller is probably praying for someone to pitch ""There's Still Something About Mary."" I have always been a fan of Wes Studi's, thank whatever you hold holy that he wore a mask through the film so maybe people won't identify the film with him.<br /><br />It starts of promisingly with a stylistic spoof of the cinematography of the Batman films and then just loses something...like a coherent plot and half decent effects.<br /><br />The jokes are telegraphed an hour before the punchline comes, and even then they fall flat. If you want to see an effective spoof of the comic book world see ""Chasing Amy"".<br /><br />RUN! DON'T WALK AWAY FROM ""MYSTERY MEN""!",negative
"this movie is quite bad, aggressive, not played well, not directed well, seems low budget, low quality,emotionaly weak and disconnected. after watching earlier comments, went to see it, but if u try to compare it with apocalypse now, PLATOON, or any others, u'r really off the tracks. this movie looks like a 60's old and purely made film with cast of grown neanderthals, not to mention (or actually do), not paying attention to details like changing rounds, low budget fireworks and all sorts of poorly filmed characteristic. is watchable though, if u'd like to see it as an early development of the movies document.. not to go back!!<br /><br />p.s - afterall, the guys are quite alright.",negative
"This movie is quite possibly one of the most horrible horror flicks I've seen. The length wasn't nearly long enough to include a good storyline. Also, the way the foster parents died was just plain ridiculous. The mother suddenly dies from falling through a shower after tripping over an action figure, and the dad is shot by a police officer? I can see where some originality might have been what they were going for, but it could have been better. Also, the cheesiness of it all made me want to press stop before it was over. After hearing all of Lucy's name and figuring out it was 'Lucifer', I wanted to gag. Yes, it's interesting that Lucifer was a woman, but look at the name. It's a male's name. It should be given to a male character. All in all, the movie was a bore, and could have used a better plot.",negative
"This movie is rated a classic on sentiment not on any quality of movie-making. It moves from the unlikely to the unbelievable, from the unrealistic to the ludicrous.<br /><br />The unbelievable plot revolves around an attempt by two British soldiers and a Hindu gofer to rescue a third soldier who has been captured by insurgent Indians. In the later scene we see a full regiment with drum and bagpipes marching into an ambush. In the British army, a sergeant does not order up a rescue attempt, and if you get past that, he does not attempt it with only one other soldier and an Indian servant when there is a full regiment on hand. The Indian insurgents are so incredibly inept it is laughable...there are hundreds of them but they can't hold their prisoner or kill the two rescuers, of course not. At one point we see the British soldiers throwing blocks of stone down from the battlements at the insurgents, who are scattered around the mountainside in ambush...one would have to have an eggplant for a brain to think this would do any damage. After Cary Grant as the rescued prisoner is shot, he lies on the floor looking around at the water boy...hardly the actions of someone who has been shot in the back. The water boy bravely blows a bugle (which comes from nowhere) to sound the alarm...this he does by standing up high on a wall so he can be seen and shot by the bad guys, and we shed a tear as he keeps trying to sound more notes as he is repeatedly shot and the bugle call breaks up into feeble squawks...instead of blowing the bugle while hiding behind cover as anybody with half a brain would do. This scene has deservedly been parodied in comedy sketches. If they wanted to make a Buster Keaton comedy, they should have hired Keaton and done it better.",negative
This movie is really bad. Most of it looks like it was filmed either in a park or a basement. There's a giant spider but all we see of it is one leg. There are some worms that live in a cave that are just cheap sock puppets with cardboard teeth. And the plot is a bunch of post-apocalyptic mumbo jumbo that makes no sense at all. The whole thing is just laughable.,negative
"This movie is really bad. The acting is plain awful except Michael Ironside. I don't get the story. Richard Grieco is the only survivor after a fight between two Mc-gangs. He comes to a town and suddenly he is choosened to fight against the bad people who wants indian-land. At the cover it said he was a indian himself that returned too his home-town, I didn't hear that in the movie, if so it wasn't clear.<br /><br />Richard Grieco was one hell of a bad actor. Stiff and ugly. He said his lines like it too. And we wouldn't talk about Sean Young, she hasn' been any of my favourite actors but in this movie she plays a indian women who falls in love with Bolt (Grieco). She is awful.<br /><br />When I rented it I choosed between this and Subterfuge with Amanda Pays. I choosed this one because of Michael Ironside was in the cast. Maybe I should have taken Subterfuge.<br /><br />Don't see this unless you think Richard Grieco looks tough on a motorbike with sunglasses.<br /><br />I will soon uptade the cast-list because I have it at home. I wrote it down after I seen the movie.",negative
"This movie is really bad. The hero can't play. You see too much that he learned his walking moves by heart. And believe me, he walks a lot. For 45 min, nothing happens. He only walks to places and gets out..... Like if the story was so short that they had to extend it by adding useless and boring ""looks-like-a-suspens"" scenes.<br /><br />Dialogues are very poor. I counted around a lots of ""hello's"" and few ""hang on"" on the 1st part.<br /><br />Blood is orange like the Mercurochrome you put on kid's blisters. And scenes are not following themselves. A bloody neck on a scene, a clean neck on the following.<br /><br />The story could have been improved. Yeah I mean what the hell is the story? <br /><br />Martial arts? Where? Is that martial arts? Watch how hesitant and slow are the moves!!!!! If giving a kick and receiving a punch is called martial arts, then I am Bruce Lee!!!!<br /><br />The only good point I have found is on fight scenes : They don't play with zoom and fast switching scenes that gives you headache in most of action movies.<br /><br />There are plenty of low budget movies that are great. That one was just to make money. Nothing else.",negative
"This movie is really BAD, there is nothing appealing or worth of commentary in it except for the beautiful settings: Chilean landscape. I know I must supply four lines as a commentary for this movie, but the thing is that it is such a bad movie, that I can only say that is actually BAD. Michael Ironside is the only one who saves the money in the film.",negative
"This movie is really bad, trying to create scientific explanations for zombies always ends up taking away credibility from the history of the movie. There are so many things i could point about the movie that i could almost write a book on how much the movie sucks. For instance, there were like 50 people on the plane, they killed like 100 and they kept coming, apparently the ""virus"" gives hepatic complications because everybody had yellow eyes, also the virus makes people roar like lions or something, and the virus not only regenerates tissue as it also gives superhuman strength, not to mention that this virus messes up peoples hair. It's also important to notice that if you shoot someone with a pistol (probably only happens on planes) that person is kicked back in the air. Remember that if you are escorting a prisoner on a plane and you loose him, always look inside the drawers and cabinets the size of a bottle, you never know where those bastards are going to hide. And if by any chance you can land a plane full of zombies against a mountain and survive (happens all the time), after watching dozens of people being killed, just walk away from the plane, watching the sunrise and making jokes about dating the flight attendant. :)",negative
"This movie is really goofy! I saw it as an 11 year old, and even then I thought it was pretty ridiculous! I would only recommend this film to kids under the age of 12. I really didn't care for it, but I do think that it answers some very good questions that kids need to be aware of, such as: 1)Does money buy happiness? 2)Should I lie (to my parents) about things I think they wouldn't approve of? 3)Does money buy friendships? 4)Is money everything? 5)Shouldn't I tell my parents when someone is trying to hurt me? Granted, these are very unrealistic situations, but I do think that if parents discussed these issues with their children, maybe they should watch this video as well, in order to show/scare their kids that lies have the potential to get you hurt.",negative
"This movie is really nothing besides an admittedly well-crafted series of tense sequences punctuated with an inevitable ""gotcha!"" at the end of each. Really, there is no character development and no real plot to speak of. There are only the most skeletal of motivations for the characters to do anything while they trudge forward to their unavoidable dooms. It's all just an excuse to show a creepy ghost kid (who seems to have gotten some of the family cat mixed up in his ectoplasm) and his ghost mom (with long black hair hanging in her face kind of like ""The Ring"") take down a bunch of cardboard cut-out, two-dimensional excuses for human characters.<br /><br />This English-language version of ""The Grudge"" is the equivalent of cinematic junk food; satisfying momentarily, but not really what you ought to be living on.<br /><br />Not recommended.",negative
"This movie is really stupid and very boring most of the time. There are almost no ""ghoulies"" in it at all. There is nothing good about this movie on any level. Just more bad actors pathetically attempting to make a movie so they can get enough money to eat. Avoid at all costs.",negative
"This movie is really wack. There is really nothing nice I can say about it, besides the moral truth expressed in the film's climax concerning people in the neighborhood participating in the fight against crime. Besides all that, the film had nothing: no good shots, no good acting, and no good script. I give this film a F and a 2 out 10.",negative
"This movie is recommended only for insomniacs: it will relieve them by putting them to sleep. Five-year-olds might also enjoy it. But for anyone else (including fans of the genre), what a bore! The ""ancient"" plot is reminiscent of ""Return Of The Dragon"", and this film is just as inept, but Nero is no Bruce Lee, so ""Enter the Ninja"" is an even worse film. Until now, this is the second (the offensive ""comedy"" ""Bachelor Party"" was the first) film I gave 1/10 to.",negative
This movie is retarded a cheap movie that tries to be a stoner movie because the characters are looking for pot but none of them are smokers just a bunch of garbage Thomas Hayden church should not direct anymore especially this movie which is a waste of film. People who liked this movie gave good comments but from all the people on here some are just retarded and don't watch movies so they think that any bad movie is good the actors suck and the movie sucks balls.<br /><br />I think that many people are going to be upset because this movie tries to make itself look like the ultimate weed movie when it is just the worst movie about weed that I have ever seen I hope that people will stop the director from directing crap like this even weed cannot make this movie funny or entertaining .,negative
"This movie is ridiculous. Anyone saying the acting is great and the casting is superb have never seen even mediocre cinema. The acting is obviously terrible in the first 5 characters you meet. Lame. I feel like all the other ""soaring"" comments must have been made by people associated with the filmmakers. I was not very impressed by the storyline, but just wanted to see some beautiful Oregon countryside, and there was some decent cinematography--but the casting was anything BUT inspired. I think this movie also makes a mockery of the generally noble suggestion that something deep in the Amerindian culture has been ignored and perhaps lost and that reviving it is worthwhile, and possible. It places jokes in the wrong and all-too-obvious places, and makes me think it was written by the State Department or something. Back to the drawing board. To even suggest that this film deserves a place in the same vicinity of classics like Harold and Maude is absolutely retarded, and along the same line of begging and pretension and ""joking"" as is rampant in this film.",negative
"This movie is ridiculous. It's attempting to be a comedy but the screenplay is horrible. The whole movie is done in low light and you cant grasp the fact that it's a comedy. Truly is bad cinematography. You really have to sit there and watch it to realize there's a few jokes here and there going on but either way they're all inside jokes amongst themselves. This is more like a wannabe drama flick that went bad. It really is a very pointless movie.Their expressions reveal nothing but dismay and disaster which turns out that way anyway. Unless you want to be bored out of your ass, I suggest you stay away from this gag of a movie.",negative
"This movie is sad. According to my fellow IMDb users, (*SPOILER*) RAPTOR uses stock footage from the Carnotaur films. Well, since I have not seen the Carnotaur movies, I cannot say. But, I do notice some pretty bad editing and even worse acting. This movie is one big steaming pile of s***. It makes absolutely no sense. Here is this thing that calls itself a PLOT: Mad scientist re-creates raptors. Raptors kill people. Sheriff investigates. *SPOILER* (although I don't know what it is that I'm spoiling) Sheriff catches on to mad doctor's plans. Army guys are sent in and raptors start killing army guys. Raptors. Yeah, right. I could make a clay figure that looks more real. The FX are the cheapest ever used in a movie. There is a lot of gore. Cheap gore. It doesn't even look real. I will agree with another person who rated this movie that the only thing this movie has going for it is the fact that it ends. There are about two seconds of originality in this film. And that only comes from when the sheriff is talking to some tax agent on the phone about his electric bill or something. This idea has been used in about 100,000 other movies with 100,000 different names. Overall, I'm gonna give RAPTOR 1/5 just because it ended.",negative
"This movie is scary at times, perhaps no more so than when a naked George Kennedy tells his hooker girlfriend he wants a little more sugar. Thankfully his nakedness is covered by a blanket, but the image is still more horrifying than anything you're likely to find in, for example, Schindler's List.<br /><br />The dialog in this film was inspiring; it inspired me to watch another movie. In one scene, when a stewardess remarks about male pilots, Kennedy asks, ""Why do you think it's called a 'cock' pit?"" Charming.<br /><br />And yes, contrary to what some have written, this film is very, very bad.",negative
"This movie is silly and very short of being a funny movie. Unhappy 'easterners' are not pleased with being out west; so they hire a drunk wagon master(John Candy)to lead them back east. Sight gags were just not funny enough to carry this one. And Richard Lewis gets on your nerves very quickly; but then I honestly don't like him at anything he does. Ed Lauter is hilarious as the bumbling villain.<br /><br />The movie was dedicated to Candy. He died from a massive heart attack ten days before the movie was completed. A stand in and digital enhancement enabled Candy's character to be seen in the final scenes. Candy was a very good comedian and gave us some real good knee slapping, belly laughs in his career. This movie was just not the caliber of his best.<br /><br />Also in the film, you will recognize: William Sanderson, Gailard Sartain, Ethan Phillips, Ellen Greene and Rodney A. Grant.",negative
"this movie is similar to Darkness Falls,and The Boogeyman(2005)but it's also much more graphic than both,and not as good as either.it's also slow and fairly predictable.it's also got shades of Deliverance and the Amityville Horror.plus,we get some new age flavour thrown in the mix and some of those scenes come off as a motivational/inspirational sermon.really,this movie is a hodgepodge of almost everything.even though it is gory,the makeup effects are not very realistic looking.in fact they look kinda cheap.aside from all that,there is some really awful clichéd dialogue.and i won't say when,but there is a point where a couple of the character's actions were not authentic or believable,given the circumstances.nobody in their right mind what would have acted this way.once you watch the movie,you'll know what i mean.there's also some gratuitous nudity for nudity's sake.it just wasn't necessary at all.the good news is that the acting was actually pretty good.better than this movie deserves.so,after carefully weighing the evidence,id say this movie was passable,but not good.my verdict for The Tooth fairy:4/10",negative
"This movie is similar to the play entitled 'Blithe Spirit' written by Noel Coward. The plot of a ghost wife and a medium are strongly linked to Coward's writing. I'm surprised that movies of this nature don't acknowledge the original writer's concept. I realize that the public may not be aware that this is a knockoff but it is.<br /><br />Sad. These movies are so expensive to produce. I do perk up when a screenplay is original. I even perk up when it's an innovative way to produce a work that was previously released. There were some samples mentioned (such as Topper, etc.). <br /><br />I realize that movies are still a comparatively affordable form of entertainment. However, I'm not please when the public's taste is taken for granted. In this situation, the public's taste is overlooked.<br /><br />I look forward to better produced movie entertainment.<br /><br />In this case. I rather see the play.",negative
"This movie is simply bad. First of all the story is just weird and it's not good written. It leaves you with questions when you're finished. Sometimes that's OK, but not in this case.<br /><br />The acting is nothing to write home about. The adults does a OK job, but the kids, taken in consideration they are kids, does not a good job. I thought the lead role, Ian Costello as Mickey, was worst. Well, to be honest I'm not sure that was the lead role. Never quite figured who this movie was about. Mickey or Pete.<br /><br />There were some shots that stood out, but over all there were nothing exiting about the cinematography. The sound, however, was better. There was a nice score. A little adventure kind of score, though this didn't look like an adventure film to me. It had some elements of an adventure film, but it was more of a drama. However, it was hard to tell who this film was meant for. Children? Hardly. There is too much language and violence for that. Adults? I don't know. It had to many elements of a children's movie in it. It was like a adult movie in a children movie wrapping.<br /><br />The story was just weird. I don't have much of an idea of what it really was about. You was thrown right in to it without knowing anything, but there were all the time references to something you felt you should know. The fact that the children's parents were dead for instance and that Mickey blamed Pete for it. You expected to get to know what happened , but you never got.<br /><br />All together this movie was bad and a waste of time. There was no drive in it. Nothing to really move the story forward. This is not what you spend your Saturday night on.",negative
"This movie is simply far too long, far too repetitive, with the male nudity and sexuality being (as this is said as a gay with my own collection of adult titles) far too gratuitous and unnecessary. Much of the first third of the movie could have been cut down to ten minutes and been equally as effective without trying the patience (and stamina) of an audience.<br /><br />I saw this movie on an early Saturday afternoon, with a film festival audience; the type of crowd that tends to be more adventuresome, interested in more experimental or atypical films, such as one without much dialog, shorts, foreign films. The near sell out crowd in an approximate 275 seat theater started to dribble out within the first half of the movie and while the great majority did stay for the ""pay off"" (which never actually arrived), I have never, in about 14 years of attending any number of film festivals, experimental, gay and otherwise, seen such a large number of people walk away from a film. <br /><br />This movie could easily have been cut down by more than half and been as effective as it was. It also could have gone in different directions, still with a shorter running time, and been far more effective.<br /><br />As it currently exists, this is not something that one can readily recommend or one I would have any desire to watch again.",negative
"This movie is simply not worth the time or money spent. Full of clichés and a plot that makes absolutely no sense ! I cant believe that so many people have given this awful movie a 10. My guess is they are stooges of the movie maker. <br /><br />If I could give this movie a zero, I would. Too bad IMDb doesn't allow that. <br /><br />The only reason I watched it because I went with a friend who really wanted to see it. Whats sad is that I never had great expectations from this movie to begin with and yet I felt short changed. Take my word, don't waste your $8 on this piece of trash. The only entertainment I got out of the movie was making fun of the directors name. In all, highly NOT RECOMMENDED !",negative
"This movie is simply rubbish. I have to say I am an expert of rubbish movies. I reserve the ""1"" rating for movies that are rubbish but funny, but this film is just tedious and certainly not crappy in a funny way but crappy in a crappy way. It gets a ""2"" so those of you out there can distinguish between the ones that will make you laugh and the ones that will make you fall asleep. There are scenes in this movie where the actors are looking at something, their expressions are of amazement and there wide eyes and slack jaws tell the audience that what they are looking at is going to be profoundly amazing, this simply isn't it's just a cupboard or even more desert. It has to be pretty god damn awful for me to walk out, let me tell you, I walked out and so did quite a few people.",negative
"This movie is S-L-O-W. Spent most of the movie actually waiting for it to 'begin'.<br /><br />The setting was bleak, the script was bleak, the cinematography was bleak, the plot was bleak, the budget was low (not that all low budget movies are bad, but this one had no redeeming features).<br /><br />The plot was more consumed with a vengeful, slightly deranged hunter than the actual Wendigo which made a very brief appearance toward the end of the movie. This in itself was disappointing as this 'Wendigo' was just a bizarre mix of a tree and a stag. Everything about the movie was uninspiring.<br /><br />The parents of the little boy appeared to be rather aloof and at times seemed completely detached from their son. Whether this was down to bad acting or a bad script I'm not sure, but it only heightened my disappointment and boredom levels.<br /><br />There was no food for thought, nothing to pique an interest. With no real intrigue or chill factor, this movie creaked along so painfully, you just couldn't care less what happened by the end.<br /><br />Wendigo's ambiance reminds me of the dull movie shown at the awards ceremony toward the end of 'Mr Bean's Holiday': a movie which is artistic and nonsensical, trying too hard to to be deep and meaningful, but coming across as pretentious and boring.<br /><br />I would never want to watch this again. I only watched it to the end in the vain hope that something interesting might happen ... but it didn't.",negative
"This movie is so aggrivating. The main character looks like he's 35 and I've seen scrawny beanpoles with more balls than this guy. The plot twists are so predictable its not even worth watching for the humor factor.<br /><br />Also some of the worst dialogue I've heard in 3 years, ""lets go find a small animal to torture"".<br /><br />Ugh.....I can't even continue, don't watch this pile of garbage, it was made in 8 days.<br /><br />The one highlight is the drunk dude calling the main character a faggot for drawing pictures.<br /><br />2 out of 10, unwatchable",negative
"This movie is so awful, it is hard to find the right words to describe it!<br /><br />At first the story is so ridiculous.A narrow-minded human can write a better plot! The actors are boring and untalented, perhaps they were compelled to play in this cheesy Film.<br /><br />The camera receptions of the National Forest are the only good in this whole movie. I should feel ashame, because I paid for this lousy Picture.<br /><br />Hopefully nobody makes a sequel or make a similar film with such a worse storyline :-)",negative
"this movie is so bad and Hellraiser part 1 to 3 are so great. Nothing is good Bloodline... a lot of gore but without meaning and the majority of time without originality. the movie is about the past, the present (1996) and the future of the puzzle box. The creator of the box and his offspring fight against some demon but nothing link up seriously the 3 stories. Pinhead is in the movie...but it isn't Pinhead, he is just a boring bad guy who kidnap kids and kill bird, and the worse...he talk too much. A thing that I really didn't understand is why the dog from hell????? He can't be a cenobites because he had nothing human. Why the dog can be killed by the pressure if the other creature from hell can receive bullets without problems????? Bloodline is incoherent with the movie series in many ways. For example Pinhead and Angelique are old friend in this movie but it's impossible that Pinhead met Angelique because Pinhead is just a soldier from the First World War and Angelique is an old demon and she live in Paris since sometimes like 200 years.",negative
"this movie is so bad. but its so bad that i was laughing my ass off. for people that like movies, do not watch this one. for people who like movies good and bad, i recommend this one. the story lines shaky,the script is horrible,the acting is horrible to mediocre. the soundtrack throughout the movie was corny but i loved it. the cool catchphrases were a plus tho. ha ha. ""if it can bleed, it can die"". the fight scenes cracked me up. it seemed to me like they spent more time on those parts than any other cuz the fight scenes for the most part were pretty clean. i almost feel like this movie could have been good if it weren't for the f/x....no it would have still been a crapshoot. the eye thing was corny. and how the chick was eating the guys stomach in the kitchen,they coulda done something where shed be actually eating something or at least put more of the fake blood on her face. and the lighthouse explosion disappointed me. i thought they might have gotten real fire instead of crappy computer synthesized stuff. and the ending was so predictable, which surprised me when they actually did what i though they might do. so overall. id say this is a classic as far as crappy movies go. its in my bottom 5.",negative
"This movie is so bad, I knew how it ends right after this little girl killed the first person. Very bad acting very bad plot very bad movie<br /><br />do yourself a favour and DON'T watch it 1/10",negative
"This movie is so bad, it can only be compared to the all-time worst ""comedy"": Police Academy 7. No laughs throughout the movie. Do something worthwhile, anything really. Just don't waste your time on this garbage.",negative
"This movie is so bad it hurts. The car doing 30 mph when it's supposed to go 100... the shift lever that's stuck (in Park!), the nurse that drives for almost 2 hours with the cell phone on the shoulder...can't any of the 2 morons take this damn phone? There's nothing credible in this crap. I would be ashamed to be seen in a movie like this!",negative
"This movie is so bad it's almost good. Bad story, bad acting, bad music, you name it. O.K., who are the jokers that gave this flick a '10'?",negative
"This movie is so bad, it's comical. In fact, Mystery Science Theatre 3000, the television show in which three characters watch and parody bad movies, used this very film to mock. I suggest watching it (maybe on YouTube) instead of actually seeing this movie.<br /><br />Please, do not see Hobgoblins if you're not prepared to stop within the first scene. Actually, do not see this movie, period. Please. At least not seriously. Its jokes are not funny (to say the least), and you'll have much more fun parodying or watching a parody of it then viewing the movie.<br /><br />You may feel yourself becoming sick upon watching, so spare yourself. Read a book. Do the laundry. Anything is more fun than watching Hobgoblins.",negative
"This movie is so bad it's funny. It stars Scott Backula as some coach, but that's not important, what is important is the large black fellow who plays 1st base. First off he has to be at least 75 years old, yet still plays minor league baseball, second he starts out the movie in the outfield despite not being able to walk, let alone run. Coach Backula brilliantly moves him to first citing the fact that when he attempts to run he stays in the same place for too long a period of time. Backula shows more brilliant coaching strategy in the end of the film, (SPOILER), he tells his star player ""downtown"" to hit a home run, clearly ""downtown"" viewed this as a good move. He hit the home run and won the game for his team, a minor league squad playing the Twins who were the class of the majors in the movie. Now if only Tony Muser, manager of the Royals, would be as smart a coach as Backula and tell his players to simply hit a home run in every at bat, the Royals would never end an inning let alone lose a game.",negative
"This movie is so bad it's good -- in an unintentionally funny way. I couldn't stop watching it, I was laughing so much! It's like a parody of a romantic thriller, except it's not a parody. <br /><br />Alexandra Paul plays Emily Wendell, an oppressed preacher's wife who falls hard for Luke (Corey Sevier), a hunky and mysterious drifter who we eventually learn was in prison; the only thing Sevier is guilty of, though, is bad acting! Mind you, he's no worse than the other actors. You get the sense that the actors have *no* idea they're in a really awful film; they're playing it straight. Everything about the film is bad: the acting, the script, the love scenes, the pacing, the plot twists, the choice of music. The climactic scenes are just so ludicrous -- first the shootout in the church, then Luke's final words to Emily -- I was howling with laughter. <br /><br />Evidently Luke did a lot of weight lifting and ab crunches in prison, and we get to see plenty of his naked torso. That's probably the highlight of the film.",negative
"This movie is so bad it's worth seeing. This movie will have viewers lapsing in and out of a coma within the first 10 minutes. It all started when a bunch of writers came up with the idea of a jetliner being hijacked and a passenger who can fly a small plane has to land the beast. However, they know it's been done before many times so to make it different, let's do it very badly! Major Masters has his name pirated from 80's movie ""To Live and Die in L.A."" from character played by Willem Dafoe. That saved 10 minutes in writing and production time. The plane is supposed to be a Boieng 747. That plane has a unique silhouette, even in the dark with its characteristic forward hump on the top. Just ask the late Ronald Reagan who lamented this point when them Ruskies shot down KAL 007 in the eighties. Yet when the plane takes off it's clearly not a 747 looks more like a 767. This well researched film also forgets to include the engineer's seat in the cockpit and replaces it with two comfy rumble seats. No need for a flight engineer on this complex plane! Heroine is played by perpetually pouting Gloria Lynn Berg. After tying up the hijacker, despite several bus-loads of people on this jumbo jet, nobody bothers to watch this guy who almost killed all of them. He's just forced to amuse himself.<br /><br />The crippled plane, leaking fuel from all the hijacking shenanigans won't make it back to Hawaii so Masters will try to land at an Air Force base located on an island. Only the runway's 300 feet too short! Four army guys with little Bobcats (the kind you rent to take all day moving a load of horse manure to the back of your barn), are gonna clear a 200 foot wide and 300 foot long swath through the jungle in 20 minutes! No need for a bulldozer here! Where can you find guys like this? These guys could make a highway between Los Angeles and Las Vegas in 3 hours equipped only with tablespoons, a compass and a duck!<br /><br />After that hellish obstacle is fixed, Masters will try to land the plane as heroine pouts away. Hijacker giggles to himself and unsupervised gets free to make more trouble. He is finally subdued in a most retarded manner that I can't tell you. But, can YOU say Moby Dick?<br /><br />There are so many retarded scenes in this movie. The wounded captain is parked prone on the bar on the plane while Masters, who supposedly can barely fly, puts the plane into 60 degree banks and 20,000 feet per minute drops. The pilot should be french kissing the ceiling during these challenging stunts, but doesn't budge an inch. <br /><br />I think that if they had picked different actors to play the parts, this moving could have been way better. If we need a pouting heroine in the movie, why not pick better known actress Bernadette Peters who seems to be perpetually pouting as well? Besides, she can sing and the busty well aging Peters could feature some gratuitous cleavage shots. Now with the singing angle this could be a Hijacking, Let's Land the Plane Movie MUSICAL! Cast Luciano Pavarotti as the Pilot. They can sing a duet in the cockpit prior to the hijacking and there's no way that tubby tenor would fly up to the ceiling as Masters works his magic on that big bird. In keeping with the musical theme, Masters could then be played by Andrei Bocelli, that Peters Can sing with as he lands the plane. Not only is he totally blind but only knows a couple of words of English. Now that's a plot! Think of the edge of your seat conversation between Masters (Bocelli) and the Air Traffic Controller:<br /><br />ATC: ""Sir, please throttle back to 180, flaps set to 25 degrees. maintain 230 heading""<br /><br />Bocelli: ""What?""<br /><br />ATC: ""Sir, arm spoilers now, confirm brake pressure at 250 psi. Maintain descent at 500 fpm""<br /><br />Bocelli: ""What?""<br /><br />The hijacker could have been played by the late great Rodney Dangerfield who can spew a plethora of his one liners as he sits tied up and unguarded: ""I get no respect. My wife is into group sex. Yeah, she screwed me in front of the judge and jury!"" Get the idea?<br /><br />MISSED OPPORTUNITIES The movie has your standard crying and moaning passengers that are never developed. Woody Allen could have been at the back offering one of his neurotic monologues: ""She said I was great in bed. I told her I practice myself a lot..."" Now THIS is a movie!<br /><br />Also, according to similar movie ""Executive Decision"" where lazy eyed Steven Segal is mercifully killed at the start giving that movie a chance, 747's have massive attics up top. The plane was introduced in 1969 so who knows what has accumulated in almost 40 years up there? My uncle has old clothes, a sled, magazines and all sorts of stuff in his. WOuldn't it have been cool if Masters opened the trap door and saw a teary eyed Chevy Chase in a woman's housecoat watching old Super 8 movies of his childhood? Just a recommendation.<br /><br />So give it a chance, and as u lapse in and out of consciousness imagine how great this movie could have been if I had my hand in it...",negative
"This movie is so bad that I cannot even begin to describe it. What in the blazing pit is wrong with the writers, producers and director? How on earth did they get funding for this abomination? The plot is laughable, the acting is poor at best, the story... What story? The first fight in this movie is OK but then it keeps repeating itself until you want to turn it off.<br /><br />I guess I'm the biggest looser for not turning this stupid movie off after the first minute.<br /><br />*** SPOLER ALERT ***<br /><br />I only saw this movie because Scott Adkins was in it... and he is in it... for 30 seconds...<br /><br />I give it 1 out of 10 because it's the lowest grade IMDb has to offer.<br /><br />Do yourself a favour: See an Uwe Boll movie instead... twice... it's more worthy of your time.",negative
This movie is so bad that it actually gets funny. One of the worst movies I've ever seen in my entire life. The funny thing was that the trailer had scenes in it that wasn't in the movie. Just by watching the trailer I would have saved a lot of my time. It actually showed everything that happened in the movie except for the conclusion and that was also so obvious.<br /><br />It's honestly hard to think of a reason why this movie was made. This is just so bad. Horrible. <br /><br />I would give it 0 out of 10 if that would be possible. There is nothing else to say about this movie.,negative
This movie is so bad there are not words to describe it. If I got a video camera of a monkey dancing for an hour and a half it would be a heck of a lot more entertaining than this. The plot is so dull and unimaginitive it is not even worth mentioning. The best part of the movie was when the credits roled and I got a chuckle out of knowing the lead actors name was James Bond III. Just trust me and stay far away from this trash heap!,negative
"This movie is so bad they should burn the master. You cant spoil the plot because this movie doesn't have one. The graphics are less than fake, they're horrendous. Then you've got the rambling through the countryside star gazer work-a-holic who bounces between his own lunacy & the mad rantings of the crazed preacher. & when he finally makes it to DC, they don't even have the decency to kill him; the monster (which you don't know at the time) is already dieing but how ... who knows & of course it has the ultimate sappy ending... everybody else on the planet is dead or dieing but his family & a handful of stragglers survive. Imagine that! This will be the movie that C Thomas Howell will go to his grave regretting he ever starred in. It probably gives him nightmares.",negative
"This movie is so bad, they wouldn't buy it back at my local used CD/DVD store. I only own it because it came in a box set which I bought for the masterpiece ""Deadfall"". The store bought back the other two movies I was selling from the four disc set, but they wouldn't buy back Underworld, and those other two movies redefined rank, so what does that say about this movie? So I tried to sell it back to another store, that even bought back budget DVDs that you could buy for a dollar at a local store, but they wouldn't buy back Underworld either. This movie is bad on every level, and is one of those that came out in the post-Tarantino-clone glut of the mid 90's. The only slightly redeemable element is Dennis Leary telling Joe Montegna, that he's a ""stinky friend"" and calls him ""Mister Stinky Friend"". That line is so delightfully horrible, that I can't help but quote it at least once a week when describing a stinky friend. But now that I've enlightened you with that quote, you don't have to go thru the pain of watching this movie.",negative
"This movie is so bad, you almost feel contaminated by it. Actually, there is a strong sense of relief when it's over, relief that you can now put the cassette back in the rewinder and RUSH this back to the video rental store before it contaminates the rest of your video collection. I jokingly suggested when we rented it that it looked like the kind of film where William Hurt would ""phone in"" his performance. I meant that he would not be trying very hard. But lo and behold, in a huge number of scenes in this film, Bill Hurt is actually ON THE PHONE! Our realization of this irony was the only pleasure we derived from this confusing mess. The cinematography and editing are murky and befuddled, the story is chaotic, and the soundtrack is barely audible. There is a very slight resemblance to ""Falling Down"", but that film had a boldly disturbing story-line, great writing and acting, and an engaging soundtrack. ""Contaminated Man"" is just some kind of broken down old European tourist trap, and watching it is like driving along some unfamiliar back road in an unknown country where you don't speak the language in a steady rain just after nightfall as the windshield keeps fogging up. You get the picture? Don't get this one.",negative
"This movie is so daring it doesn't attempt to hide its similarities to The Shining. It lacks the originality to do so. And when it does, near the end, try to cover up its story of ""father goes psycho under influence of sketchy haunted house in a foreign place,"" it does so by stooping to plenty of other already established conventions and ideas. In other words, it reduces itself to mere cliche. But hell, even I enjoy a good predictable horror or thriller as long as there is an interesting story, one filled with violence and gore, somewhere before the film makes the dreadful turn towards the predictable and trite. Well, this film doesn't have a good story and I was really disappointed with it. What 'Darkness' has going for it is remarkable direction and cinematography. It is a film well-shot and carefully constructed full of fun, creepy angles and shots. What 'Darkness' doesn't have going for it is pretty much everything else. To begin with a minor quibble - the editing in this movie is obnoxious. It jumps from one scene to the next, sometimes pointlessly. For example, the old man in the movie (who pretty much carries the background story, later filled in by another character) is underscored by a hamster running circles. I mean, it looks cool the first time, but why continue to use the same image? I guess you'd have to see it for yourself, to understand what I mean. Another problem with this movie is Anna Paquin's character who essentially whines throughout the film, crying and caring all too much about everything - she's the film's failed attempt at a character-driven horror film. The movie has scenes of overblown sentimentalism and the family drama it depicts is simply not believable. By the end, 'Darkness' is a muddled melodrama, with a non-involving mystery provided with too simple of an ending. And it's hardly scary.",negative
"This movie is so dull I spent half of it on IMDb while it was open in another tab on Netflix trying to find out if anyone thought it was one of the more boring, ponderous, gimmicky films they've ever seen. A warning: I actually could not finish it, so these are my impressions up to minute 54.<br /><br />Keira Knightly gets loads of screen time. As others have mentioned, her mother penned the script (perhaps during some sort of drug-induced stupor wherein utter inanities and emotionless statements about emotions sounded like interesting dialogue) and it seems that the film is a showcase for Knightly. Oops! Although I agree she is lovely (with her teeth unexposed...her barred teeth cause me anxiety and fear) I found her reactions forced and poorly timed. As in, William or Dylan does something cute...pause...HAHAHA from K with dimples and a playful arm jab. Like a minute too late. What? And she cannot match Cillian Murphy's intensity. He somehow manages to really look at her and look as though he is fascinated by her and falling in love with her whereas she seems totally disconnected, almost like she is interacting with a mirror. That must be torture, acting opposite someone who isn't delivering the same level of energy as you. Know what else is torture? This movie.<br /><br />Knightly does look stunning during her cyclical ""I've got 1940s pin curls and a hot dress. Watch me sing!"" shots, but what's the point? Is she an altar or an actress? When she talks it's bizarre, ""Ooow, Mehster Deelan. Whur eer ya going?"" This makes me confused because the accent is so mixed up and unauthentic, yet so thick at times I have no idea what she's saying (or maybe fell asleep). If no one knows who Vera was or cares, or few do, was it so important to give her this supposed Welsh accent? It distracts from all the rest of the action (just kidding there).<br /><br />This movie seems like someone dreamed a movie, maybe after reading a little Dylan Thomas before bed. But instead of adapting to the waking world was like, ""Man, that dream was so interesting"" and tried to replicate it. Then someone else cautioned, ""Your script needs work. Nothing that happens furthers a story or creates necessity"" and the writer is all, ""But that's the way I dreamed it!"" It's like the rambling fantasy of a child, one of those wild and meandering yarns they spin to get your attention. And THEN William went to a war and then Vera had a baby and then some blond chick drank too much and there were so many airplanes and pin curls and everyone had ruby red lips and...<br /><br />As for the Dylan Thomas character (so bland that's all I can call him), why didn't he have any lines in this goofy biopic? All he does is drink beer and smoke cigarettes and roll around with Sienna Miller, who is so wild and artistic she'll do a cartwheel in public! Get outta here, you crazy poets! (I realize she is not a poet, but she and Thomas are like this one nauseating unit of crazy guys havin crazy times, like a lukewarm Sailor and Lula from Wild at Heart.) Someone asks in the message board if they should buy this film. I say do it. Leave it on your shelf and only utilize it as a weapon to narcotize children, the elderly, or lingering house guests.<br /><br />P.S. to Murphy's character...when someone asks if you were ""in the sh**"" you can say yes, because your war scenes appear to have been shot at a landfill.",negative
"This movie is so God-awful that it was literally a chore to watch. I wanted to eject it from my vcr and throw it across the room, but kept thinking (foolishly) that it would eventually get funny and then everything would be all right. ""You lose, we win, yay!"" This movie should be required viewing for anyone who even once entertained the thought that Jackie Mason was funny. After that, beat them ove the head with this movie until the tape cracks. And if you're even considering renting this turd (or worse yet, have!) I have one thing to ask of you: didn't you even look at the cover? I mean, with crap like this you can tell with just a glance how bad it is! ""Oy vey!"" This movie sucked.",negative
"This movie is so irredeemably bad, NOTHING about it makes it worth seeing. NO effects, no suspense and poor dialogue poorly delivered. Oh, and neither a CAMP or any FEAR does it contain. Do yourself a favor and go see the original Friday the 13th or (preferably) Sleepaway Camp, but what ever you do, DO NOT see this movie. <br /><br />Even Michele Bauer's appearance at the very beginning can't save it. Usually, in these kinds of films you expect violence, suspense, and a little gore and some T&A. The violence was poorly executed, the ""suspense"" was laughable, there was NO gore, and the T&A is plentiful IN THE FIRST 5 MINUTES, then, NOTHING. At least one of these things, properly done would have at least made it watchable. <br /><br />To say at least one nice thing about it, Buck Flower is great, he seems to be the only one who understands they are making schlock and rightly hams it up. If everyone else had fit that tone it would have been campy fun, no pun intended.",negative
"This movie is somehow showing 6.2 stars, It seems inconceivable that the director has that many relations. I am at a loss to explain this.<br /><br />Avoid this movie at all costs. You have only a certain number of hours on the Earth, don't waste 1&1/2 of them on this retarded steaming heap of Guano!!!<br /><br />There is no story as apparently the director ""wrote"" (and I'm guessing with a blunt orange crayon) the next day's script at the completion of the day's shooting. The ""story"" has been called whimsical, no it is aimless, there is maybe enough ""story"" to fill a commercial. Don't you hate ads?<br /><br />Now while both leads can act they obviously decided not to here. And similarly the writer/director can actually both write and direct as evidenced by his next work ""Toy Love"" <br /><br />So to recap, even if you get this movie for free, even if you're paid to watch it avoid it.<br /><br />To paraphrase Monty Python's Search for the holy Grail, ""Run flee!""",negative
"This movie is some of the worst crap I have ever seen. I literally got a sharp pain in my head while watching this movie. The CGI was awful, and the story was just a waste of ink. Dean Cain's character was Mr-Super-Intuitive-I-can-figure-out-anything, except he can't seem to work his own helicopter correctly. The biggest problem was the split screen camera work. I felt like I was watching the Brady Bunch or something, only it wasn't different people in the boxes, just close ups and different views of the same thing. I can only figure that the actors really needed the money, because this movie wasn't worth the film it was shot on.",negative
"This movie is something horrible. I was laughing all the time. I was forced to stop in some scenes because my mom thought it's not polite to laugh when people are dying, but in this movie, even death looks ridiculous. Especially when Tornado Tommy is sucked into one tornado.<br /><br />Explosions of cars thrown onto buildings by the forces of wind look like ones from the old school side scroller game called R-Type. Dialogues are very bad and I am interested how they managed to persuade some of the actors to play in this movie. It is simply amazing how such bad movie can make it into the TV.<br /><br />Only real reason to watch this movie is to have some fun of nonsense and absurdity.",negative
"This movie is so mild! I tried not to expect anything greater from this film, but still it was a big disappointment. The basic idea of the story is interesting and potential. This could have been so much better. The characters are really simple, no depth at all. It's a shame that previously talented performers Tiina Lymi and Petteri Summanen didn't make the already poor characters any better. The director just don't get the watcher emotionally involved at all with this piece of cr*p.<br /><br />And the the chase sequence at the end of the movie. That's hideous!!!<br /><br />Why there had to be so stupid and old solution for that situation?<br /><br />It's too much used element with even more terrible way of filming it. OH NO!",negative
This movie is soo bad that I've wasted way to much time already talking about it. Soo bad...really... ...BAD... and I'm not even that critical... ..I'm almost ashamed to admit to having seen it... Sandra's few minutes show you how far she's really made it... I mean really anything next to this is really Oscar worthy for her... I suppose the only way for her to look at it is there's no way but up after this one...I suppose she had to start somewhere... but really...soo bad... ...awful really... bad is too good a word for this s**t ....but I don't want to get mean now... but really how can u not after wasting 90 minutes... 90 minutes of my life that I'll never get back... 90 minutes I could have spent doing something better...like sitting on my butt and staring into space..that would have been time better spent... (walks away shaking head),negative
"this movie is sooooo bad that it forced me to create an account with IMDb just to warn others about it.<br /><br />i have been using IMDb for a long time, and many movies have come close to making me want to register to either praise or bash them, however none have ever been that worthy. Until now! <br /><br />I am a huge Matt Dillon fan. all i could ask myself throughout this movie is ""how did Dillon choose this script""? really. i mean there are holes in it larger than Vredefort. <br /><br />i mean it is a modern day heist movie, not one set in the seventies. For crying out loud, even a child knows that armored trucks have gps tracking and the sort. makes you wonder what it takes to get a script produced in Hollywood.<br /><br />i could go on for ages, but i wont. believe me when i say this. save yourself the time and give this a skip.<br /><br />Sorry Matt, I'm still a fan, but this movie sucked.",negative
This movie is so over-the-top as to be a borderline comedy. Laws of physics are broken. Things explode for no good reason. Great movie to sit down with a six-pack and enjoy. Do not - I repeat DO NOT see this movie sober. You will die horrible death!!!,negative
"This movie is so predictable when you know the modern American dream: Do nothing, be a loser and then suddenly... whoah! You're a genius and an obnoxious one and the world is kissing the ground you are walking on.<br /><br />And surprisingly all the other smart people are losers. They don't know anything and are bitter when our wonderkid solves problems so easily. And what kind of problems? They are so difficult but still these professors can analyse the results in less than 10 seconds.<br /><br />Every movie has something good in it anyway and Robin Williams is it in this one.",negative
"This movie is so, so, so horrible, that it makes angels lose their wings. Shaq had tried to make other crossover efforts, like his work in Shaq-Fu for the NES and his plethora of unbearable rap albums, and later, the epic serving of horrible film-making that is Steel.<br /><br />There's not a single good thing to be said about this movie. I saw it a bunch of times when I was very young, but I must've been an idiot then, because this movie takes all that is enjoyable about films and tears it apart. It's fun to mock. I saw it on the Disney Channel a while back and spent a few minutes doing that. Although, once the thrill of mocking it is done, you still become overwhelmed by its terribleness.<br /><br />If you see it on TV, try this: consider, as your watching the film, removing from it all the scenes in which Shaq uses his magical genie powers. If you do that, it becomes like a film about a pedophile chasing a kid and rapping to seduce him. That's kinda funny, and disturbing.<br /><br />A horrible example of film. Do not, unless looking to mock it, see this movie.",negative
"This movie is so stupid it simply goes around the corner and becomes ridiculous. I wanted to watch ""Darkness falls"" actually and thought that this was the movie. Boy, what a mistake! I fast-forwarded as much as I could and still I couldn't get rid of the boring moments. I just envy the people who was paid to play in or work on this movie. They were actually given money for this crap. Isn't that amazing? I mean in this movie a man gets killed and chopped in a wood-grinder to little bloody pieces and few minutes later the mother and the kid talk calmly at the table as nothing happened and drink coffee. Please! Come on! Who gives money for such crap movies? Oh, and the ""tooth-fairy"" was lame. Not scary at all and was obvious that it is a bored stuntman wearing a badly made make-up.",negative
"This movie is so stupid that I want my $2.99 back that I paid for!! First this movie starts off with a bunch of wooden actor geeks with fill in talent like they got picked off the street somewhere because the ""real"" actors either did not show up because of the laughable script or they just couldn't get anybody desperate enough to do this movie! The music in this movie is enough to put you to sleep, flute music made for faerie's dancing in the wilderness wouldn't even be good enough for this movie! And the guy dressed up as Satan looks like he's all dressed up in a K-Mart Halloween special costume! There are no dead scenes except a few lame scenes. When I saw what the terrible killers looked like in those bath robes with Nosferatu faces I just laughed! This is what the whole town is supposed to be running away from once a year! This movie is one of the worst demonic movies I have ever seen. Avoid this one!",negative
"This movie is so unreal. French movies like these are just waste of time. Why watch this movie? Even, I did not know..why. What? The well known sex scene of half-siblings? Although the sex scene is so real and explicit, but the story it is based upon is so unreal. What is the use of it, then? Can you find easily in life, half sibling doing such things?<br /><br />Did I learn something from this movie? Yeah: some people are just so fond of wasting time making such movies, such stories, such non-sense. But for those who like nihilism, nothingness in life, or simply a life without hope, then there you are.. you've got to see this movie.<br /><br />Only one worth adoring, though: CATHERINE DENEUVE. She's such a strikingly beautiful woman.",negative
"This movie is spoofed in an episode of Mystery Science Theater 3000. I think MST3K was at its best when they ripped this movie.<br /><br />Terrible acting, bad makeup, poor effects, chick in skimpy (1960's)underwear. I give it a 2.<br /><br />The villain is hard to understand due to the makeup. The assistant says things like 'not you' that sound like NACHOO!! (think sneezing). It's just poor oration. The long eyebrows are hilarious on one of the characters. <br /><br />I still don't know what 'The Projected Man' means in terms of the plot. I missed some of the beginning though. <br /><br />What is up with this 10 line minimum on posting??",negative
"This movie is standard goofy sci-fi fare from the 50s. In its favor, the plot does manage to pull off an alien invasion without actually producing the aliens themselves. But come on now, if aliens needed energy and could absorb it from sources like hydrogen bombs, why would they come to earth? Why wouldn't they just suck it out of a STAR!?!? The only credible reason for the presence of Kronos is a direct attack on Earth society, not the mere collection of energy. Nothing like that is even intimated; Kronos may have been built by a superior race but its activities on Earth are the most primitive. The end that the scientist-heroes plan for Kronos is based on nothing but pseudo-scientific gibberish. It amounts to the ""reverse the polarity"" gambit which has been used so much in bad scifi it has become a joke in itself. Low and behold, this causes our unwanted visitor to release its collected energy. No one in power seems to care about the impact the release of that much energy (which by the film's end includes, among other things, the entire yield of a hydrogen bomb) will have on the surroundings. And unfortunately, by the time the movie ends, the surroundings are the suburbs of Los Angeles. Whoops!",negative
This movie is stupid and i hate it!!! i turned it off before it reached half i hate this movie. Amitabh sucks in this movie i wanna throw eggs at the person who directed this movie. This movie is stupid and i hate it!!! i turned it off before it reached half i hate this movie. Amitabh sucks in this movie i wanna throw eggs at the person who directed this movie. This movie is stupid and i hate it!!! i turned it off before it reached half i hate this movie. Amitabh sucks in this movie i wanna throw eggs at the person who directed this movie. This movie is stupid and i hate it!!! i turned it off before it reached half i hate this movie. Amitabh sucks in this movie i wanna throw eggs at the person who directed this movie. This movie is stupid and i hate it!!! i turned it off before it reached half i hate this movie. Amitabh sucks in this movie i wanna throw eggs at the person who directed this movie.,negative
"This movie is stupid, made by stupid people. The plot I suppose works well enough for a Horror movie, but the actions these characters take is insanely STUPID! Like, incredibly non-sensical stupid to the Nth degree! Basically the whole movie consists of these 4 idiots being captured, repeatedly, despite having many, many easy ways and opportunities to overcome their captor. It does not make one lick of sense and is not entertaining whatsoever. Stabbing yourself in the eye is more is more rational, and probably more fun than watching this.<br /><br />****SPOILERS**** The ending is hilarious!! The only good part of the movie! I nearly died laughing at the end! That whole stupid movie, and it ends with the dumb girl getting shipped off in a crate to white slavery in Asia!! Hilarious! I thought it was a totally awesome ending to a really sh!tty movie.",negative
"This movie is stupid. There's no getting around it. But so is Dumb and Dumber. Mind you, Dumb and Dumber is significantly more funny than this. However, I for one love seeing stupid movies (Tail Sting) and laughing with a group of good friends over how bad it is. Call me callous, but see this movie, and you'll find that the only way you can laugh at it is if you laugh at it instead of with it.",negative
"This ""movie"" is such a bad work! Nothing seems to even try and be realistic. Plot is weak, acting - miserable, actors wondering around like in a 1st year production, trying very hard to act with no chance at all from the beginning. What a flop! What a waste of time, money and effort to all concerned including the audience. Well, as in any thriller, here too are murders, corpses and blood. Just imagine someone who 5 minutes ago, committed a murder with a knife, and came out calm and smiling, not to mention clean as a whistle, as if slashing one's throat is done by a virtual agent. Also, this murder was supposed to be done by a tiny fragile woman on a high strong male, and she cut his throat!!! Did she ask him, politely, to bend down for her? Much more stupidity of that same kind is going on and on leaving the audience wondering if this meant to be a joke which just turned out to be a bad one. Continuity is another huge problem as for instance: The eager-hungry groom is lying in bed, waiting for his virgin-bride to get out of the bathroom and after a long while, falls asleep(!?!). Next scene opens with the young couple entering the reception-area, asking for guidance to scenery spots! NOT A WORD ABOUT LAST NIGHT??? Such a waste of time even to try and write about this low-low supposed-to-be ""movie"".",negative
"This movie is such a piece of unbelievable crap. First let me talk about the pros: Sandra Bullock in a black bathing suit.<br /><br />Now the rest of the story which is all pretty much bad. We have said computer programmer Angela Bennett (who's online profile is ANGEL - HOW WITTY!!! I bet the directors cheered over that one for an hour) who basically checks other Company's software for errors/glitches etc. So we start with her ordering pizza on the Internet and then putting on a fireplace on her monitor (EXTREME computer skills shown thus far). This is after she finds some virus on a macintosh program which crashes the whole system after hitting the escape key. This is apparently a HUGE problem yet the virus created to do such could be done in about 1 minute with a simple batch file.<br /><br />Any event, we move on. She gets this call from some other bloke (that works at the same company) and this fool says to go click this symbol which apparently opens up some secret Internet gateway to a bunch of unprotected 'top secret' data woohoo! Angela saves this crap on a disc and now the people that created this loophole are out to get her. This of course is only after she hooks up with one of the bad guys only BEFORE he tries to kill her BEFORE she jumps in the ocean off his boat, BEFORE she winds up in a random hospital.<br /><br />Problem #1: You can't create a loophole on the Internet to gain access to a bunch of top secret FBI data. Where the hell did this come from? Since when can a group of hackers control the basic flow of the Internet (even in 95)? Problem #2: Angela would need proper identification before a hospital or clinic would release her. She could not just pack her things and go.<br /><br />Then these 'hackers' or whatever change Angela's ID so she can't get help from anyone and conveniently enough all her ID is gone. So she returns home and a cat and mouse chase goes on and on and on.<br /><br />Apparently all police and FBI people are stupid and don't believe her. So then she has to utilize a bunch of tactics to enter into the building where she works (where the person who is now filling in for her is) and get back to her old computer. She starts talking to some other random bloke and finds out who is behind everything through some BS IP address that the director knows the audience is too stupid enough to believe.<br /><br />Then she runs to some center to mail all this information to the FBI. She apparently HAS to use a mainframe to email stuff to the FBI. But then the same fool that tried to kill her BEFORE throwing her in the water catches her and easily hacks into the FBI again (wtf?). But remember that cool virus? Well somehow she luckily gets that and even though the virus only worked on software, it now works on the entire system too. It brings down the whole mainframe which has all the fake information because the mainframe was just sitting in the middle of some convention... WHAT THE HELL IS THIS CRAP! Anyway, the now uber virus works and Angela (the real one now) runs away and later kills the evil dude with a fire extinguisher. He of course has a gun, runs up to her so he's like 2 feet away and then decides to aim. CLASSIC Hollywood.<br /><br />All in all this movie is so full of BS and crap. Anyone who doesn't know a lot about computers will be wildly fooled into thinking this crap is possible but not one thing is accurate concerning computers or the net. And I honestly doubt I'd see a multiplatform virus for Mac and a mainframe computer (*cough LMAO*).",negative
"This movie is such a total waste of time. I can't understand anyone sitting through this piece of trash. Oh, I would have loved it when I was seven years old. I think a seven year old child may have written and directed it.<br /><br />There's no script, no acting, just rubbish. The best acting is that by the fighting roosters. I think I could whip these ninjas and I am not someone you'd consider tough. Totally unconvincing and did not spark the least bit of interest. I was yawning, and laughing, by the end of the first ten minutes of the film. This is one that would turn people away from martial art movies. Great comedy, bad action flick.",negative
"This movie is such a waste of talented people and Hollywood budget. It made me think everyone in the movie was paying off a favor by being in it because they were all out of place and wasted talent in this horrible trash pile of a film. It's a contrived plot that is just pathetic, unrealistic and not even close to fun or interesting. The only thing that kept my interest was the numerous big names in the movie that kept popping up for no apparent reason and who had no acting or good lines to contribute to the mess of a film. I kept expecting it to have some good stuff since all of these people had been cool in other films. But it never came through. This film should be shown in prison as punishment, but that would be cruel and unusual. You will be shocked to see so many recognizable faces parading around such a horrible pathetic script with flat lines and horrifically bad acting. This movie reminded me of another complete waste of time with lots of recognizable faces BIG TROUBLE (2002), which also went off the readable scale on the suck-o-meter.",negative
"This movie is supposed to be a ""lighthearted"" tale about Santa Claus and his ""magical and mystical"" wonders. But instead it comes off as being downright creepy. Two things in this movie that stand out in my mind as horrifying are 1) the way Santa looks.- Have you ever seen a more horrible looking Santa Claus? and 2) the ""evil rep. of Satan"" Pitch's just plain odd dances are just sickening to watch. Only watch this movie if it happens to be the MSTed version or if you like a very good laugh. I can't believe this is a children's movie.",negative
"This movie is supposed to be taking place in and around Seattle. The, why is Porteau Cove P-R-O-V-I-N-C-I-A-L Park shown? Provincial parks are in CANADA, and not the United States. The Inspector uses a Palm Pilot complete with stylus to 'read' that someone has hacked into the computer of the bridal shop. I did not know that this was possible using a database storage device. A woman appears in the movie without any introduction and is never introduced. We learn half-way into the movie that this woman works in the District Attorney's office. Then, in the correctional center a guard actually PRECEDES Jenks through a door and keeps his back to the offender!! This would NEVER happen in a real correctional setting. The director really messed on this one -- this doesn't happen in real life. The acting is adequate. The Plot is good. The Cinematography is good. However, the many errors found in the continuity lead to a 3 out of 10 vote.",negative
"This movie is supposed to take place in Milford NJ. I know the house that it is based on as well as the person. As you see at the end of themovie, she was killed in the world trade center incident. I know that, because I was one of the police officers that helped with the identification of her remains. (She was the only one in our area lost). The nudity in the movie went a bit far. I am not a prude but the actors could have filmed the scene with the two woman without actually showing the whole thing. This movie is in poor taste and I cannot see how her family would give there blessing to it. This is an insult to the person whom it is based on.",negative
"This movie is suppose to be a mysterious, serious thriller about a man looking for a missing girl. However, 30 minutes into the movie, it turns into a funny, unrealistic story with annoying characters and random scenes. I can't imagine anyone not laughing when Cage randomly Karate kicks that blonde girl or when he ""bear"" punches that old lady. The lines, characters, and acting are all poorly done from the get-go. I've always liked Nicolas Cage as an actor, but he has made some terrible movies this year; this being by far the worst one (yet...).<br /><br />I wouldn't recommend this movie to anyone who wants to watch an intense story-gripping thriller. If you really want to enjoy this story, go rent the original. However, if you intend on watching it, get ready to laugh at some of the lines and end scenes rather than taking them seriously; that's the only way you enjoy this film.",negative
"This movie is terrible. A true hockey fan would have to assume that the people that appeared in and produced this movie never played or watched a real hockey game. I got this hoping that it would be a ""guy movie"", but the only people that would probably enjoy this movie are females between the ages of 13-17. The hockey scenes are terrible, defensemen playing like they're 5 years old, goalies diving at shots that are 10 feet wide of the net, etc. It's so difficult to predict the end of this movie, though!! For those who have seen it, who would have guessed?? For those that haven't seen it, don't waste your time!<br /><br />I figured it out less than halfway through the movie. To call this movie a drama is ridiculous!!",negative
This movie is terrible but it has some good effects.,negative
"This movie is terrible. Carlitos Way(1993) is a great film. Goodgfellas it isn't but its one of the better crime films done. This movie should be considered closer to THE STING Part2 or maybe speed Zone. Remember those gems! The only reason this movie was made was to capitalize on the cult following of the original. This movie lacked everything De Palma, Pacino and Penn worked so hard on. There wasn't a likable character and that is the fault of everyone responsible for making it. I hope RISE TO POWER wins every RAZZIE it possibly can and maybe even invent some new categories to allow it be a record holder. After I watched this S@*T FEST movie, I sat down and watched the original Carlitos way to get th bad taste out of my mouth. After watching this I wish Pachanga came and whacked me out of my misery.",negative
This movie is terrible. It's about some no brain surfin dude that inherits some company. Does Carrot Top have no shame?<br /><br />,negative
"This movie is terrible, it was so difficult to believe that Katie became a heartfelt teenager with the power to save the pity Chinese people, the movie didn't show any convincing argument to prove that. And the rest of the plot didn't make any effort to show us more than a cheap common sense... <br /><br />The plot is ridiculous and the only thing we can extract from it is that it demonstrate how arrogant a human can be. Katie must have inherited her arrogance from her mother, the most annoying character I have seen for a long time. <br /><br />The acting and scenery were OK, but the plot ruins everything, full of cheap clichés and hypocritical scenes, I expect not to see this movie again in my life. Skip this one!",negative
"This movie is terrible. TERRIBLE. One of the worst movies ever. I cannot even imagine Gigli being worse that this. Previews made us say ""NO"", but then looking for something amid the dreck out there right now, we decided to go ahead and give it a shot.<br /><br />STUPID US.<br /><br />Affleck is NOT an actor. He's an image and can look good with explosions, but not even the kind Bruce Willis got in ""Die Hard"". If he stripped his shirt and ran around fighting bad guys, it would be a comedy.<br /><br />The best part was Catherine O'Hara -- she's always good. Gandolfini flops again (if it weren't for The Sopranos, he'd be washed up) like he did in ""The Mexican"".<br /><br />Affleck hogs every scene and as others have said -- no character has any motivation whatsoever for their actions. <br /><br />AVOID THIS MOVIE AT ALL COSTS.",negative
"This movie is terrible. The suspense is spent waiting for a point. There isn't much of one.<br /><br />Aside from a few great lines ( ""I found a tooth in my apartment"" ), and the main characters dedication to killing himself, it's a collection of supposedly eerie sounds.<br /><br />",negative
"This movie is the biggest steaming pile of you know what, Being from and growing up in Wichita Kansas;I know for a fact 90% of the movie was Bogus. Aside from the names of some of the victims, nothing else much was correct. The movie looks like it was made with dad's handy-cam, It had footage that I believe came from another film along with stock footage from a slaughter house. I usually enjoy watching bad films for the fun of it, but due to the bad acting, poorly prepared or non existent sets and a very dull and short ending.It was a struggle to watch it through to the ending. I recommend that you not waste your money on this film or you will be sorry. Crunch",negative
"This movie is the biggest waste of nine dollars that I've spent in a very, very long time. If you knew how often I went to the movies you'd probably say, that's hard to imagine, but never-the-less, it's true! After seeing the trailer for this movie, I knew that I had to see it! If you're a fan of horror, mystery, and suspense, why wouldn't you? The trailer is nothing less than intriguing and exciting; unfortunately, the movie is none of these.<br /><br />From the cinematography, to the script, to the acting, this movie is a complete flop. If you're reading this, planning to go to the movie expecting some thrills, mystery, action, horror, or anything other than a waste of an hour and forty-five minutes I'm afraid you are in for disappointment.<br /><br />""Why is it so bad,"" you might be asking yourself. Let me tell you. The movie was neither mysterious nor suspenseful. Nothing about the movie made me the least bit ""on edge,"" frightened, or curious. The script was at best laughable. There were numerous times throughout the film where the dialogue was just so ridiculous I began to write it off as comic relief only to find out a few seconds later that it wasn't. The acting was absolutely dreadful. I like Nicholas Cage but this was a miss. Without exception, every performance in this movie was incredibly below average. The cinematography was awful with not one moment of suspense or mystique. Finally, the story is completely transparent. You can see the end of this movie coming a mile away.<br /><br />I am not usually a very harsh critic. Frankly, when I go to see a comedy I want to laugh and when I go to see a mystery/suspense/horror, I just want to be surprised. This movie was boring, poorly acted, poorly written, and an overwhelming disappointment. Do yourself a favor and go see something else.",negative
"This movie is the final straw. As two dedicated fans of the romantic comedy, this movie has finally made us realise that nothing good has come out of this genre since Love Actually. There was nothing good about the film whatsoever. It was an affront to love, death and everything in between. Including horses and beaches. There was absolutely no chemistry between the characters. This movie took the spark out of Nicholas Sparks. Diane Lane cannot act to save her life. She was unconvincing in her laugh, cry, and dance. And she needs a better haircut. There is no reason to watch this movie. Save yourself. The romantic comedy is officially dead.",negative
"This movie is the last straw in a list of films I have seen this week that have pushed me over the edge and forced me to join IMDb and spread some warning to the public. It was absolutely horrible. The film was drawn out and painfully boring. The sound, effects, and even picture quality seemed like they came from Willow (1988) or maybe even Conan the Barbarian (1982). The battle of Bannockburn was absolutely absurd. This ""largest filmed reconstruction of medieval battle ever staged in the British Isles"" made me snicker. There wasn't even a coherent formation at all, just a few guys with spears and horses running right through them. The scenes of Douglas, especially in the last battle, were simply horrible, as was most of the acting in the film.",negative
"This movie is the perfect illustration of how NOT to make a sci fi movie. The worst tendency in sci-fi is to make your theme an awful, sophomoric, pseudo-Orwellian/Huxleyan/whateverian ""vision"" of ""the human future.""<br /><br />Science fiction filmmakers (and authors), as geeks, take themselves very seriously given the high crap-to-good-stuff ratio of their genre. I think other genres with a high CTGSR (yes, I just made it up, relax), like horror or action or even romantic comedy, seem to have a little better grasp of the fact that they are not changing the world with some profound ""message.""<br /><br />Sci fi can certainly be successful on a serious level, as numerous great filmmakers have proven. But there is an immense downside to the whole concept, which is represented by ""Robot Jox,"" with its low-rent construction of ""the future"" (lone good design element: the bizarre, slick-looking billboard ads all over the place that encourage women to have more babies) and its painfully heavy-handed ""Iliad"" parallels (He's NAMED ACHILLES FOR GOD'S SAKE! I actually didn't pick up on this until I saw the film for like the tenth time, but I went to public school, so the filmmakers are not exonerated.)<br /><br />Of course, if you're a crazy movie freak like me, this downside has a great upside. I absolutely LOVE movies like this, because bad movies are quite often more fun and sometimes even more interesting than good ones. It's kind of a Lester Bangs approach to movie viewing, I guess.<br /><br />Note: The lead in this movie (Gary Graham? Is that his name? I refuse to go check.) is really not that bad. He makes a go of it. He's kind of cool, especially when he's drunk/hung over.",negative
"This movie is the proverbial 80s flick that shows the viewer that as long as he or she tries at something, they can be better than the pros. The main character, Doug, showed off his skills in flying a Cessna aircraft, which somehow equated to being fully capable of flying a jet aircraft and being able to kill people. We all would like to have a few million dollars to play with... maybe make a good investment, donate, buy a few things, but the directors of this movie decided to make Iron Eagle... not once... not twice... not even three times; yes, four times. The thing to look most forward to are the multitude 'hollywood endings' in this movie. Just when you think the movie is going to end after a cheesy end sequence, there's another cheesy end sequence. Then another. Definitely a movie one must watch to believe... and maybe own just to remind oneself of how awesome the 80s must have been.",negative
"This movie is the second worst film that I have ever seen (the first being Ghost Rider). There is absolutely no plot, climax, conflict, or any other major detail required in portraying a story. This 'film' is basically just another excuse for Toby Keith to show off his manly side and, the 'tough guy he really is'. I completely wasted my time watching this film. The best part would have to be the ending credits. If I were Ebert or Roper, I would have cut my thumbs off and thrown them at the producers. Whoever in their right mind gave Toby Keith the chance to act in a feature film, is obviously on the same mental level as him. In conclusion, do not waste your time watching this movie, it could quite possibly be the only thing you regret.",negative
"This movie is the very worst that I have ever seen. You might think that you have seen some bad movies in your time, but if you haven't seen this one you don't know how terrible a movie can be. But wait, there's worse news! The studio will soon rerelease this masterpiece (I'm being ironic) for all to see! The only things worse than the plot of this movie are the effects, the acting, the direction, and the production. Bill Rebane, the poor man's Ed Wood (not that there is a rich man's Ed Wood) (I like Ed Wood's movies, though) manages to keep things moving at a snail's pace throughout this film. It opens with the capture of a baby bigfoot (a Littlefoot? --sorry, couldn't help it) by a pair of unlikable hunters, who are killed by the parent. This causes the entire town where the hunters lived to go on a Bigfoot hunting jihad. This is pretty much it for the plot. Nothing even remotely interesting happens, and we the viewers are never able to care about any of the characters. If one is interested in the films of Rebane I would recommend almost any other over this. However, as I said, it will soon be rereleased by Troma in order to bore a new generation of filmgoers.",negative
"this movie is the worst EVER!!! sorry but this was a total waste of good hours. quasi-psychology and b-actors makes a baaaad horror movie. you can say that if you are into bad movies you will adore this one. and the ""hot chick"" wasn't all that hot. there is absolutely no climax to the movie, and the worst part is the ending song. some homemade thing with these words ""its in awful condition the world is a mess. when heads fall of bodies and girls wont stay dressed. the cops they are clueless, eating donuts in their car. newspaperflash next morning: headless body,topless bar."" Jesus! sorry guys, but milks gone bad with this one.",negative
"This movie is the worst I've seen in the last 5 years. It is surprising how brilliant actors like two main characters in this movie has accepted to act in such worthless peace of trash. The film is rape/beating and revenge genre. Couple has gone to party and on the way back they hit a deer and he went out to finish it when a jeep full of bad guys comes. He didn't go to their car, instead he has been kicked and well beaten while she tries to run the car engine which betray her and she has been gang raped.Then somehow she is in her fathers house and one of bad guys is her neighbor so she took shotgun and wanted to kill him... So stupid scenario! Bellow Hollywood ! He was against that revenge but ""She is raped"" ""They laugh to her"" so she must kill them all... But once inside the house she was satisfied by pushing rifle's top in bad guys anus and went away while he has gone crazy and execute bad guy. Personally I think that director run out of money before finishing this because movie ends before they execute anyone else involved in this gang-rape and beating which is not big surprise because sponsor obviously has seen this and wanted to take back his money. LoL This movie is not even for people who enjoy watching rape because they won't see anything they are looking for... This director should be banned...It is for upsetting that this peace of trash has been made by British cinematography which I personally like and that is the reason I've watched this. Don't do it yourself you have better things to do that watching stupid scenario film ...",negative
this movie is the worst ive seen.. nicole kidman really dissapointed me.. this movie has nothing. i would not watch it again even if it were the last movie on earth. great actors but bad script.,negative
This movie is the worst movie i have ever seen... it is humorous how bad it is.. the entire time i was watching it i half expected music to start and the doctor starts dancing..(i've seen porno's with a better plot) When the raptor was trying to get in the door i think someone was throwing a plastic doll against the door from about 2 feet away. But as i said it is so bad you need to watch it so that you can see just how bad it is me explaining it isn't going to do anything compared to if you watch it .. i don't recommend renting it but if it comes on TV watch it for about 30min just to see what i mean. I couldn't watch more than 30min but if you can sit through the whole thing then you have some good willpower,negative
"This movie is the worst thing ever created by humans. You think manos is the worst movie ever? It doesn't even come close to this garbage. I dont even know where to begin. The ""russian"" commander and the rebel chic are the worst ""actors"" ever to appear in a movie. They make the sister in troll 2 look like Meryl Streep. The goofy faces the chic makes while she's in kung fu training have to be seen to be believed. Then there is the oompa music during the prison break, the totally out of place love scene, the stupid song that plays during the out of place love scene, the fake castro, the fact that everybody has either a headband and/or a bandanna on some part of their body, the goofiest rape scene ever filmed, and the worst acting ever put on film. This movie deserves to be more well known among bad movie fans. Definitely the worst movie ever made.",negative
"This movie is told through the eyes of a young teacher at a catholic school, watching as the RAWANDAN genocide un-furls around him.<br /><br />The movie starts off with a brief explanation about the past history and rivalry of Rawanda. Then it jumps to the story as told through the eyes of a young idealistic ""NEW-COMER"" a young teacher who doesn't take life or the situation too seriously. As he and the driver approach a road-block he plays around with his drivers I.D. not realizing that this is a serious moment and that if the driver can't identify himself as being of the right tribe to the soldiers they'll be killed. And thats how he treats the unfolding story of chaos and unfolding around him. Suddenly realizes that every Rawandan (including his driver) is involved and that the Europeans soldiers and tourists cannot and will not help. The media cameras cannot stop machete's, and there's too many machete wielding militia-men too shoot. the title comes from the armies captain saying he's going to shoot the dogs eating the dead-bodies around his compound, but won't shoot the Militia-men that are killing people around the compound. Mainly because they haven't fired at the soldiers yet. Finally he realizes the hopelessness of the situation and the guy who tells the evacuation team that he wants to give up his seat for one of the intended victims, flees with his tail in-between his legs, rather than face immanent death with the school kids he's promised not to leave behind.<br /><br />It's more of character study, and a come to Jesus moment for one character, than a story about the genocide in ""RAWANDA"". This movie didn't have to take place in RAWANDA, it could have taken place any one of the Genocidal hell holes going around this world at any given time.",negative
"This movie is too stupid for words. Even if you consider it to be a parody on movie-making, if you consider it to be completely camp, even than you're wasting your time watching it - for you've seen it a hundred times before. But maybe you are a big fan of high shrieking girl voices, you're still loving Barbie and Ken and you can stand this typical '80s electric guitar background noise... Well, than you'll have a chance.",negative
"This movie is total dreck. I love Val Kilmer and was very surprised earlier this year by ""Felon"" (a good movie!). The entire DVD box is misleading. Val Kilmer while being billed as one of the main people in this film, is in the movie for about 2 minutes. Even the summary on the back of the DVD is not entirely true. This could have been a good movie but the direction was horrible and the plot was about as thin as a sheet of paper. Usually when a movie is this horrendous you can sit back and laugh at it. This film though is so bad and boring I actually fell asleep to it (which I never do during a movie). AVOID AT ALL COSTS!",negative
"This movie is total dumbness incarnate. Yet, i've seen this movie several times already and plan to watch several more times because, despite its sheer dumbness, it's very entertaining. And it has one of my favorite hokey-movie actors, Casper van Dien, who is here in his full hokey-movie glory. Here, Casper van Dien is fully Casper van Dien, and ya gotta love him for it. If he hadn't been in this movie, it would have been totally unwatchable dreck, or at least far dreckier than it already is.<br /><br />The (cough cough) ""science"" used here makes absolutely no sense at all. No one else in the world noticed that big asteroid approaching the Earth besides that small group? Not even with thousands and thousands and thousands of professional and amateur astronomers constantly searching the skies for just such a thing? An asteroid that big would have made itself completely obvious to anyone who has a pair of eyes even vaguely capable of sight. And a chunk of the asteroid bounced off the atmosphere and no one even noticed it? A rock that big hitting the atmosphere would have caused enormous shockwaves that would have in turned caused an enormous amount of damage to the planet's surface. Surely, someone would have noticed such a thing. Bwahahaha! The ""science"" used in this movie is so completely ridiculous, that, somehow it works for making this movie as entertaining as it is.<br /><br />One thing i noticed is that despite the uber heat, all the characters weren't dripping with sweat and their clothes completely soaked with it. At the most, the characters looked like they had been lightly spritzed on occasion by someone off-camera with a water bottle to give a ""sweat sheen"". Authenticity was *not* a goal that this movie assiduously and constantly strived for. Which, in a weird and hilarious sort of way, gives this movie its entertainment charm.<br /><br />Is this movie actually worth watching? Definitely! Assuming, of course, you have absolutely *no* expectations of anything that even remotely approaches reality. And, it's your desire to wallow and luxuriate in total hokeyness at the moment.",negative
"This movie is traditional bollywood fare as far as the star power, sentimentality and love triangle of emotions. What really bothered me about this movie was the makers' absurd notion of surrogate mother. A whore who conceives a child with someone after have sex with the man (of the family desiring a child) is not a surrogate mother. Neither is she a good candidate for a surrogate mother. I have seen Indian movies and television shows that made 10 to 15 years ago that dealt with this issue more intelligently. The whole concept of the movie is ridiculous and absolutely implausible. I realize that most bollywood movies aren't meant to be plausible, but they don't pretend to be either. This movie wants us to emote along with the characters, but this can't done with such a ridiculous, contrived conflict. I would have expected better from Abbas and Mustan.",negative
"this movie is trash because, out of many reasons, it is based on Mark Furman's book, which is also trash. let me must say that Mark Furhman is a racist pig that is just looking for another way to get himself into the spotlight - and others that right this type of trash belong in jail. for the movie itself, being based on the book, was horrible as well. the only reason that this murder case became such a big book and movie was because the guy is related, thru his aunts marriage, to the Kennedy family and it is ridiculous that people still believe that this family somehow has the ability to make and cover up murders - they are just a family and middle America needs to get over the obsession. this poor guy, and his family, have been hounded by the police for years, they couldn't get tommy so they went after Micheal. its amazing that he went to jail with all the evidence that supports that he Didn't do it, besides the facts that the statute of limitations, among other things, should have kept this trial from being brought back after TWENTY years for the love of god, don't watch this garbage",negative
"This movie is TRASH from the word go. First, it gives an account of a season that took place 16 YEARS AGO! Who cares? This movie had about as much depth as a bottle cap. It makes a complex person like Bob Knight into a cartoon character.<br /><br />Swearing doesn't bother me, but I'm still amazed that ESPN showed a movie with more cursing than a Kevin Smith movie on a basic cable channel. The F-word was dropped at least 20 times before the first commercial break.<br /><br />This movie was terrible and anyone associated with it should be embarrassed. I rate this on the same level as Jaws IV - The Revenge and Everybody Wins...2 movies that are in the Crapfest Hall of Fame.",negative
"This movie is trash-poor. It has horrible taste, and is pedestrian and unconvincing in script although supposedly based on real-events - which doesn't add much of anything but make it more of a disappointment. Direction is not well done at as scenes and dialogue are out-of-place. Not sure what Robin Williams saw in this character or story. To start, Williams is not convincing as a gay in a relationship breakup nor is the relationship itself interesting. What's worse, his character is compelled by an ugly pedophile story that is base and has no place as a plot device. You have an older Rory Culkin tastelessly spouting ""d_ck_smker"" - in good fun- which is annoying enough and then laughed up by the Williams character. Finally you have Sandra Oh as a guardian angel adviser to Williams and a thrown in explanation of the whole fiasco towards the end. Toni Collete's character is just plain annoying and a re-hash of her 6th Sense performance with poorer direction. Very Miss-able.",negative
"This movie is truly amazing,over the years I have acquired a taste for Japanese Monster movies and am well aware that early examples of this genre can be poor. However this one reaches a new low, as it follows the adventures of Johnny Sokko(?), a young boy who controls a Giant Robot, and his fight against the evil Gargoyle Gang, who seem to have an endless supply of horrid giant monsters at their disposal.",negative
"This movie is truly awful. After seeing the advertisement for it, i thought it could have its charms ... but it didn't.The girls cannot act, and they cannot sing either. The soundtrack to this movie is full of their songs, and its not a pretty sight, Terrible story line, unbelievable plot, its one of Disney's worst movies by FAR!. Ally is not a bad actress on ""Phil of the Future"", so i don't know what happened in ""Cow Belles"". And her sister, AJ, seems to be just hitching a ride on her sisters ""fame"", and she displays no talent what so ever.<br /><br />At the end of the movie the girls do finally learn some cliché morals, but this is to late to rescue this train wreck movie.<br /><br />Awful",negative
"This movie is truly boring. It was banned in Chinese cinema and i can see why. It's not because it's critical of the communist regime but simply because the movie is of such low quality. I would never want to pay money to watch this. I love movies from Chen Kaige and Zhang Yimou and i am disappointed such a poor movie could come out of China. It totally seems to ignore the audience and the director seems to have made the movie for himself. The shots of a person standing there doing nothing for up to a minute are hilarious and there's plenty of them. The cinematography and video quality are unbelievably bad. I looked this film up on the Net and it seems like people actually like this film. The only explanation i have for this is that some film buffs think that if a film is not in English it is automatically good. I can't see any reason why people would like this. this is not an art film it's of waste of celluloid.(That's if they actually shot it on film , which they didn't)",negative
"This movie is truly brilliant. It ducks through banality to crap at such speed you don't even see good sense and common decency to mankind go whizzing past. But it doesn't stop there! This movie hits the bottom of the barrel so hard it bounces back to the point of ludicrous comedy: behold as Kor the Beergutted Conan wannabe with the over-abundance of neck hair struts his stuff swinging his sword like there's no tomorrow (and the way he swung it, I really am amazed there *was* a tomorrow for him, or at least, for his beer gut). Don't miss this movie, it's a fantastic romp through idiocy, and sheer bloody mindedness! And once you have finished watching this one, dry the tears of joy (or tears of frustration at such an inept attempt at storytelling) from your eyes because some stupid f00l gave these people another $5 to make a sequel!",negative
"This movie is truly one of the worst pieces of garbage ever. It really is surprising that something so completely terrible could be made. But, if you can stand the mind-numbing plot, character development, and direction, you may get a kick out of the soundtrack which is so appalling that it is funny. The movie begins terribly and quickly becomes unwatchable. Someone should give anyone involved with this movie some sort of consolation because their career was probably ruined because of involvement in this movie. If you do end up seeing this movie or have seen it already (I feel your pain) then these words have come too late. For anyone else, Stay away at all costs or realize that the movie is so bad that it will waste 2 hours of your life. Then at least you can clean up or something while viewing it.",negative
"This movie is truly unbelievable, in every sense of the word. I couldn't believe what I was seeing, and hearing, and I didn't believe it anyhow. Hepburn is probably my favorite actress, but this was ridiculous. Being a hillbilly myself, I know what it should sound like, and it's not Kate's Back Bay accent. The only thing I found funnier was the fact that the guy who played Charlie Chan so many times, Sydney Toler, was cast as another one of the hillbillies, with accent to match. Maybe this was a practical joke, come to think of it. I can think of no other reason for such peculiar casting. Well, maybe this. I noticed that Natalie Schaefer, Lovey Howell on Gilligan's Island, appeared in this play on Broadway. Can you imagine what part she might have played?",negative
"This movie is unbelievably ridiculous. I love horror movies, but this is the worst one I've ever seen. I am a huge fan of gore, but most of the deaths in this movie aren't shown. It just shows us the already dead bodies, and the only death scenes that they actually show in this movie are terrible. The graphics look so obviously fake. The actors are awful as well. There is no real emotion from any of them. Not only did I waste my time watching this piece of sh*t movie, but I had to subject myself to actual footage of animals being beaten during the beginning of it. If I could rate this a -10, I would. F*ck this movie. It's crap. <br /><br />Don't watch it.",negative
"This movie is unworthy of the Omen title. It is so bad that it has actually damaged the classic nature of the first three. It never should have been made, they ought to change the title.<br /><br />They don't even spell Damien Thorn's NAME correctly!!!! And there are no daggers, the most important element of all the Omen films. Pull it from the shelves and burn it.",negative
"This movie is very bad. In fact, the only reason why I've given it a 2 rather than a 1 is because it made me laugh. Without giving anything away, a man's head actually explodes in this film. It was so pathetic, I laughed. I don't believe the scene was meant to be funny but it's nonsense. Complete nonsense. The original Halloween is such a good film, it's a shame they had to go and make such a stinker.",negative
"This movie is very difficult to understand, why do the couple want to divorce ? No reason is given, we don't know anything about their life in Lisbon, and even nothing about Marie's job. We may only understand that a certain bore appeared in this life. We don't even know who took the initiative of asking the divorce.<br /><br />The way of filming is kind of special : I didn't know the director's name before the end of the movie, when I read it on the screen, I understood why it was so slow, only 42 shots in a hundred minutes (I counted them) ! It reminded me of some Japanese movies I saw in the 90's, in fact we must accept that this is the expression of another culture even if the set is occidental. I don't know if this story would have suited a Japanese couple.<br /><br />One can see the logic of the scenes but the result is a bore, anyway I decided to watch it to the end because I wanted to get the spirit and the meaning of it all. In fact, I only understood that the story of these two beings may not be over yet since the train leaves the station without Marie. This is few for such a long time ! I can't recommend this work.",negative
"This movie is very disappointing for one who has read the book. As written by Rafael Sabatini, this was a clean cut tale of piracy in the Caribbean, and it would have made a grand motion . Also, it would have been very simple to make. All the action takes place aboard ship and on a deserted island. Unfortunately, the screen writers took the title from Sabatini then threw the rest of the book away. Even the name of the main character was changed, and his screen personality was completely different from that of the individual described in the novel. It's a sad loss for one who loves a good sea story.",negative
"This movie is very important because suggested me this consideration: sometimes you can wish to be sick ... sometimes you can wish to have a syndrome ... sometimes, for example, you can wish have Goldfield Syndrome... that way you'd not remember this boring movie ... and above all you'd not remember Adam ""superfluos"" Sandler... sometimes, simply, you can wish... have rented another movie...<br /><br />My vote? 3 out of 10. My suggestion? If you are neither a fan of boring romantic comedies or Adam Sandler (...it's a joke don't exist Adam Sandler's fan...I want to hope it), save yourself... Someone to save? Drew Barrymore. ... perhaps.",negative
"This movie is very modern and forward. It is about 75% in English. It is aimed at English-speaking multiplex-going young audience. Basic plot is similar to DDLJ. Acting is below average.<br /><br />Unfortunately they are portraying a wrong picture and setting a bad example for the youngsters. Tanisha is shown drinking from a bottle, or taking shots of tequila about 5-6 times in the movie. The director does not even acknowledge she is an alcoholic and has a drinking problem. All through the movie she only wears bikini tops whether she is at work, at a beach or at a wedding. The heroine of the movie doing this makes the youngsters feel this behaviour is acceptable.<br /><br />The less that is said about failure of Uday Chopra doing Shahrukh Khan's DDLJ role of arrogant girl-chaser, the better. The movie is about equality of sexes. But equality should not be about making the same mistakes, instead about doing the right to do the right thing. If men have been shown as chronic Casanovas in movies, does not mean women should also portray same behaviour.<br /><br />Even though the movie is made in light-hearted fun spirit, it promotes so many wrong social notions in the name of being forward, that ""fun"" part of the movie makes no impact. Not even in Canada women dress like this, or guys behave like they have shown in the movie. It is certainly not a reflection of Indian society or even Canadian society. Perhaps they should have a disclaimer at the beginning stating, ""All characters and events in the movie are imaginary and do not reflect the actual culture of the cities and countries mentioned in the film."" The only good thing about this movie is the length, 1.5 hrs, thank god.",negative
"This movie is very much like every other modern horror movie. It's predictable in the way it gets build up and progresses and just never succeeds in bringing anything original or shocking to the screen. That's really the biggest disappointment of the movie, that overall still had a promising main concept for a movie of its sort.<br /><br />You can call this movie a big walking modern horror movie cliché. It has all of the elements in it that make modern horror movies often not so very great ones to watch. One of these aspects is a moaning and very naive little kid. Why do they keep putting this sort of stuff in movies? Same goes for the sort of drama aspects, that involves the family. It just doesn't work out for the movie and is far from interesting or effective. It often instead causes the movie to drag in parts and become an annoying one to watch. <br /><br />So it has all of the clichés present but it also doesn't succeed at bringing any of these clichés well to the screen. As an horror movie this simply is a very poor one. It doesn't handle its horror or tension very well. For the fans of the genre there is very little to enjoy. The movie its story isn't too well connected and build up within the movie. Too often the movie sleeps in at parts and it doesn't ever allow its horror to fully kick in.<br /><br />The movie is also often way too dark (no doubt as an attempt to hide its fairly low budget) and it shows very little gore as well, mostly due to the fact that you simply can not always see things so very well.<br /><br />You can just tell by looking at this movie that director J.S. Cardone doesn't has much talent for the genre and doesn't know how to handle its present ingredients properly. He did some attempts in the past but all of his movies have failed so far. he just keeps trying unfortunately. Who knows, perhaps with the right people behind the camera's (like Tobe Hooper, who was initially attached to direct) this movie still could had been something decent.<br /><br />It's a poorly cast movie, with mostly big unknowns in it. Biggest name of the movie is Ben Cross but his role is just way too small and in a way also not really relevant enough for the movie and its story. It didn't even seemed like he had much fun playing.<br /><br />Just skip it.<br /><br />4/10",negative
"This movie is very much like ""Flashdance"", you know that dance flick with Jennifer Beals. That film is probably the most boring film I have ever seen since it's not even bad enough to be funny. ""G.I. Jane"" is much better than that film, but that doesn't say much. Here Demi Moore sweats a lot and there's high music and we get to see her fight and everything, but it is certainly not very engaging. I really think the idea behind the film is kind of interesting, but the script is too clichéd and Ridley Scott can't do anything about that. Well, like I said... It's better than ""Flashdance""... (4/10)",negative
"This movie is very scary with scenes where the Devil uses Gabriels horn to open Heaven and pull the good angel-dogs out and imprision them on Alkatraz. The devil sings and dances to a few songs about the joys of being bad, and at one point, eats a live rat.<br /><br />We got this movie free with a pizza. You get what you pay for.",negative
"This movie is very very very poor. I have seen better movies. <br /><br />There was a bit of tension but not much to make you jump out of your chair. It begins slowly with the building of tension. Which is not a success. At least if you ask me. Though at some points or moments I must say it was a bit funny when people got shot and how they went down.<br /><br />They should had made it something like Scary Movie, then it might be a better movie. Because I watched only pieces of the movie by skipping scenes and it got to boring through out the movie. I must say that i felt sleepy watching this movie so I sure can say it is not worth it.<br /><br />Don't waste time on even thinking to do something with this movie besides leaving it where it already is. Somewhere very dusty..",negative
"This movie is very violent, yet exciting with original dialog and cool characters. It has one of the most moving stories and is very true to life. The movie start off with action star Leo Fong as a down and out cop who is approaching the end of his career, when he stumbles on to a big case that involves corruption, black mail and murder. This is where the killings start. From start finish Fong delivers in this must see action caper. This movie also co-stars Richard Roundtree.<br /><br />I really enjoyed this film as a child but as I got older I realized that this film is pretty cheesy and not very good. I would not recommend this film and the action is very, very bad.",negative
"This movie is watchable, but nothing special. Four girls on a road trip to Vegas foolishly decide to pick up a hitchhiker (because he is cute). They all end up staying the night at a motel in the middle of nowhere, and the hitchhiker's psychotic issues with women become apparent.<br /><br />The characters are clichés--there is a married, responsible woman; a slutty party girl; an unsure bride-to-be; and a man-hater who just got dumped. The hitchhiker is genuinely nice until he goes crazy.<br /><br />There's not nearly enough gore, and way too much rape. I enjoy slasher horror/thrillers a lot, and this one did nothing for me. The ending was just as lame as the rest of the movie.<br /><br />On the positive side, the actors did a great job with that they had to work with. The dialogue isn't awful, and overall I was impressed with the cast, having never seen or heard of any of them before. And the plot wasn't out of the realm of possibility (although I really doubt any woman in this day and age would pick up a hitchhiker--no matter how attractive he is), so I wasn't groaning that things didn't make sense.<br /><br />Overall, ""The Hitchhiker"" was well-acted and made sense, but wasn't very interesting. There are a lot of better movies in the same genre that I would recommend over this one (""Rest Stop,"" ""The Devil's Rejects,"" ""Texas Chainsaw Massacre,"" even ""The Hitcher"" remake). Do yourself a favor and skip it unless you don't have any other options.",negative
"This movie is way too long. I lost interest about one hour into the story. Saratoga Trunk tells the story of Ingrid Bergman, who is an the child of a prominent New Orleans man and his mistress. After her mother dies in Paris, Bergman comes back to New Orleans to scandalize her father's ""legitimate"" family and to blackmail them. She meets Gary Cooper, who is likewise seeking revenge against the railroad tycoons who cheated his father out of his land in Texas. She draws him into her schemes, and the movie climaxes at a Saratoga resort. Long and boring, but worth watching if you are a Bergman or Cooper fan. The midget Cupidon provides the only bright spot in this meandering story.",negative
"This movie is weak ,The box-cover says East LA's toughest gang and it is really Santa Ana's , James Cahill acts like a closet queen taking down all the tough guys in the tough Chlo gang . It is fake , boring , senseless and whack , I tried to get my money back from the video store this movie was so bad . It was also on the homo-erotic tip far from what the video-box proclaims . James Cahill should act in Gay Porno .James is in every scene , he cannot act to save his life . The film features Eva Longoria who is hot but James can't even score with her !!!!!!!!! I felt at times I was watching Gay Porn and was turned - off by the whole film . James clearly want's to be with men but rather then submit to his gay desires he beats up gang members over and over and over again . His martial Arts skills are minimal at best , Some real gang members would take him and his weak skills and rip him a new one .",negative
"This movie is widely admonished as being a copy of the Will Smith feature Hitch. That movie was dull.<br /><br />This movie isn't so much dull as unbearable. Govinda looks way past his prime. He is not at his best doing roles like this. It is similarly unconvincing as his performance in Deewana Mastana.<br /><br />Salman Khan is at his eye-aching ""best"". And that's in the few scenes where he remembers to put clothes on. It could only have been through nepotism that this eye-sore's scenes could be saved from the trash bin of any movie's cutting floor.<br /><br />Another case of Bollywood embarrassing itself with it's shameless cloning. Another case of the Bollywood audience majority embarrassing themselves by making this a hit.",negative
"This movie is without a doubt the worst horror movie I've ever seen. And that's saying a lot, considering I've seen such stinkers like Demon of Paradise, Lovers' Lane, and Bloody Murder (which is a close second). However, I love bad horror movies, and as you can tell from my username, this one really sticks out. At times there's nothing more entertaining than a poorly made slasher flick. As for this film, the opening scene in which a woman gets fried in a tanning booth appears to have no bearing on the film whatsoever, especially since the movie fails to tell you that the event happened 2 years prior to the rest of the film. The acting is nonexistent, and most of the camera shot are of women's areas shrink wrapped in spandex. The policeman was the most stone-faced, monotone actor I've ever seen. The best/worst part of this movie, however, has to be the murder weapon. A giant safety pin?! What were they thinking? Who's the killer? A disgruntled ""Huggies"" employee? I'd have to give this movie an overall zero, but darned if I didn't have a blast watching it",negative
"This movie is worse than ""heaven's gate"" or ""plan 9 from outer space"". Don't know why it got even one Oscar, it should have gotten a million raspberries, just like the audiences that either walked out or didn't show up in the first place. The Hospital was a first-rate financial failure, but I'm certain the elite classes of left-wing, gutter-mouthed intellectuals railed that the American public was far- too plebeian to appreciate biting social-commentary when they saw it, and on and on. George C Scott, in one of most-artless and embarrassing roles, along with aging sex-symbol Diana Rigg spend most of the movie trying to cuss in an increasingly-blasé manner as they push along a silly plot. Poor old George is impotent and is just crushed by the event, but after lots of dirty language between him and Rigg, he rapes her multiple times on lovely night in a filthy, crumbling NYC hospital that looks so disgusting that I wouldn't want a dying pet rat treated in it. There's also some sacrilegious junk-dialog tossed about hither and yon, laced with plenty of cussing as well. It ends by portraying the faulty notion that unusual stress without physical exertion always brings on cardiac arrest. Never want to see another minute of this awful movie again.",negative
"This movie is worth watching if you enjoy marvelling over special effects. There are some interesting visuals.<br /><br />Aside from that, it's typical nineties/aughties hollywood fare of dazzle without substance. True to the title.<br /><br />It's not worth picking apart the story. That's like performing brain surgery on a dinosaur. There's not much there to begin with. It's nothing original and not very special. So don't go in for the story at all. Just look at the effects.<br /><br />As has been mentioned, it got a little flashy at the end, diluting the purity of great FX treatment of an invisible (and at times half invisible) man. However if you ignore the ""standard"" pyrotechnics, it's a sight to behold (or not to behold).<br /><br />All in all, it's a decent FX film worth seeing for that purpose and that alone.",negative
"This movie is written by Charlie Higson, who has before this done the ""legendary"" Fast Show and his own show based on one of Fast Show's characters (Tony the car sales man). He's also written James Bond books for kids.<br /><br />Actually I've seen before this only Gordon's movies that are based on Lovecraft's stories, and every one of those is marvelous. Here Gordon tries to do something different. The style is totally ""contemporary"", which means shaky camera, fast and strange cutting, cool chillout music in the background. It works quite well here, I guess, but it's still pointless and cheap. It makes me often think of the cameraman who's shaking his dv-camera in front of the actors/actresses and try to make stylish moves in the pictures (hoping that something tolerable would come out of it). The casting is good, and there is a whole atmosphere, which is the result of good directing. I think the main character, the ""zero"" young guy, is quite interesting in his ""zeroness"". The fat guy is also good. And the guy who looks like Alec Baldwin, but is not him. But pretty soon after the beginning the movie turns out to be something not-so-interesting: In this case I mean an endless line of scenes of sadism and sickness. There is not much humanity in this film/story: It's totally pessimistic, and every person in this movie is disgusting and hopeless, or soon dead. Needless to say that there is no humor either. It's a 1'40 long vomit without no relief in any moment. Anyway, Gordon remains to me one of the most interesting movie makers that are active today, and I think of this movie as an experiment, and as a failure in that. Everyone has to experience getting lost sometimes, just to learn and to find their way again. This might be Gordon's most uninteresting and empty work.",negative
"This movie is yet another in the long line of no budget, no effort, no talent movies shot on video and given a slick cover to dupe unsuspecting renters at the video store.<br /><br />If you want to know what watching this movie is like, grab a video camera and some red food dye and film yourself and your friends wandering around the neighborhood at night growling and ""attacking"" people. Congratulations, you've just made ""Hood of the Living Dead""! Now see if a distribution company will buy it from you.<br /><br />I have seen some low budget, shot on video films that displayed talent from the filmmakers and actors or at the very least effort, but this has neither. Avoid unless you are a true masochist or are amused by poorly made horror movies.",negative
"This movie i totally not funny, and I would imagine to be pretty offensive to Jewish people. (and I am not Jewish) Why? First, the whole movie portray the protagonist Zucker as a lier/cheat running shady business and deals, while his son is gay, his daughter is lesbian, and his niece is a slut. Then there is the incestuous relationship that happens in the family, first his daughter with his Joshua and Jana, and then his son with his niece. Two incestuous relationship running in family. I am surprised they didn't add the plot of having a mentally disabled in the family...Now, that would really complete the Nazi ideal sub-human! (gay, lesbian, Jew...)<br /><br />Totally disgusting film. I am surprised this film gets no response from any Jewish community.",negative
"this movie, i won't call it a ""film,"" was basically about nothing and functioned mostly for the popular acts of the time. yeah the war was on full swing (pun intended), and this movie gave the troops and our audiences a treat.<br /><br />but let's have something with a bit more substance.<br /><br />loved seeing a young Buddy Rich on the drums. the music was good throughout.<br /><br />but one cameo after another gets old fast.<br /><br />i didn't even recognize Zero Mostel! so if you're one from the ""greatest generation,"" as they say, you'll definitely enjoy this...<br /><br />movie.",negative
"This movie ""Joshua"" is extremely disturbing, and downright pointless. It actually makes me shudder to think there are people who would enjoy watching it. Without giving away the story it is about a young boy's reaction to his newborn sister, and that is just the tip of the iceberg. During the entirety of this movie the viewer is subjected to some of the most unsettling child behavior imaginable. Adding insult to injury, by the end of this movie there is absolutely no real outcome except the fruition of pure evil at the hands of a child no less, who outsmarted a whole group of dumb adults. There is no redemption, no justice served, and a whole group of adults who are not smart enough to see what is going on around them. Frankly, I did not enjoy watching this movie. It was extremely unsettling. Even for those who might enjoy horror movies, this movie could be too much. Despite the fact this movie was well acted, the story itself is so disturbing that watching it was equivalent to a 90 minute wait in a dentist's waiting room in anticipation of some painful dental procedure.",negative
"This movie just arrived to Mexico and since I read very good reviews here about it I decided to go watch it with my friends and girlfriend, but i was greatly disappointed, I don't understand how people can rate it 10/10 I mean screenplay and directing were beautiful, but a great overall movie need a good story which this flick lacked altogether.<br /><br />I've enjoyed several dramatic Asian and European films but they had a good story, watch this movie at your own risk unless you are eastern European or orthodox i don't think you will like it.<br /><br />Half the people on the theater left including my 4 friends who waited outside since they were really bored so was I but I always wait till the end of the movie.<br /><br />Regarding the movie, it was extremely slow paced, with a lot of time wasting scenes, the full length of the story could have been shown in no more than 40 minutes, but they made it longer by having scenes of the monk getting coal that is like 15 minutes of the whole movie plus panoramic views and so on, until they made it a full length movie a really boring one.<br /><br />I recommend you listen to me if you still watch it come back and rate this comment as useful after wards to help people avoid this waste of money.",negative
"This movie just didn't do it for me. I like horror and splatter movies but this one has very little to do with horror. The effects are cheap and when they chop of one of her feet it looks so fake. The same goes for the other effects like the tongue torture and the gut sex. They could have spent of few extra bucks on the effects.<br /><br />With lots of sex (with pixelization as in all Japanese movies) this is just a sick fetish porn and there seems to be a market for sick stuff like this. While bloodier, for me it fits in with titles like Squirmfest / Purge and the Genki series. These movies feature girls eating and playing with every fluid that comes out of your body, eating bugs and fish in a gross way and having sex with all kinds of weird animals, like toads, eels and... One look at the covers will tell horror fans to look elsewhere. No horror here,just sick and degrading sex scenes.<br /><br />Horror fans should avoid this one and are better of checking out Guinea Pig2: Flowers of Flesh and Blood or even August Underground Mordum. While these are not great they at least offer a horror experience and Niku Daruma absolutely fails in that department.",negative
"This movie just happened to be on HBO yesterday so I watched it. This was a mistake. I guess I got sucked in and kept watching although it was a lot like a train wreck, terrible, horrible, but somehow you just can't look away. shaudenfraud I guess! ; ).<br /><br />This is the story of a photoshoot for models on some island in the Caribbean. One by one they are all murdered. One drinks cleaning fluid, one gets blown up on a waverunner, one goes over a cliff...so these are NOT accidents, but for some inane reason the police are never called and no one thinks that perhaps they should ""wrap"" the shoot and go home, not just in respect for the dead, but perhaps out of fear for their own lives. No. They just continue with their shoot because THAT is what's most important. Forget about the dead models, we have a magazine to produce!<br /><br />One of the subplots is the Evil magazine owner, played by Lee Majors, Rex is his name. He is the most obvious suspect and every time a model gets killed he twirls his mustache and says ""well, I can't say this won't be good for sales"", mooo hoo hoo hoo ha ha ha ha"". So absurd. Another subplot is when it's revealed that Rex is one of the models baby dady, only when he learned of the baby he tried to convince the girl to abort. She didn't, but always resented him for even suggesting this.<br /><br />They try to give you false clues and point toward some guy named Raule, seemingly because he's the only one with an accent and ""looks creepy"".<br /><br />At the very end (sorry to spoil, but this movie came out years ago so if you haven't seen it by now...) one of the women was found face down dead in the pool. THIS was the Last straw!!!! Vanessa Angel, forget her characters name comes at Rex with a gun, they struggle, the gun fires and now SHE'S dead too!!! While she's laying on the floor his business associate tells him that with all this bad press the magazine will be worthless and it's all his fault. He gets him to sign over the magazine to him. Once he does voila! All the dead models come back to life and you find the entire thing was an elaborate ruse to get back at Rex.<br /><br />Oy! What a ridiculous movie. As someone else said; if you want to see something like this April Fools Day is far better!",negative
"This movie just seemed to lack direction. The plot developed so many twists in such a short amount of time that it seemed to lose any semblance of what the true storyline was. There was a lot of wasted dialogue and just seemed like the writing was rushed and a little too wandering. The exorcism scenes and possession story began to take a back seat to the character's back stories (which were a little weak to begin with).<br /><br />All in all, I would say skip it unless you have rented out the rest of the horror section at your local video store and you have a jones for a movie you haven't seen before. You're much better off just watching The Exorcist or The Exorcism of Emily Rose.",negative
"This movie just stunk. I know that some people will say that anybody who thinks it is no good ""just doesn't get it."" I like Wenders in American Friend and Wings of Desire. But this is utter dreck. The main character is so annoying that I couldn't care less what he does. He is, as has been said in another review bouncing around like a little annoying monkey. I just couldn't stand him or force myself to care. This is the case with most of the characters who just seem to be trying to hard to be goofey or weird. I liked the Mel Gibson character and the Milla Jovovich characters and wish they would have focused more on them. Milla is of course beautiful, pitiful and you really feel for her and what she has been thru and why she is the way she is. I see Gibsons character as almost Frankenstien like. I just wish he would have save Milla and brunt the hotel down with all the worthless boring characters that lived in it. Milla Rating 10 Movie rating 0",negative
"This movie just was not very funny. There's not much else to say, other than that it was kind of embarrassing for Laurence Fishburne and David Hyde Pierce, both of whom deserve much better than this. Also, I don't understand why, after this movie completely and utterly bombed, WB insisted on making it into a TV show.",negative
This movie kinda let me down. It seemed a lot like the movie Jaws when the Hopper was telling the Mayor to close parks was like when Roy Shider was telling the Mayor to close the beaches. They both said no way its summer! But the box says Hopper has to get into the mind of a killer and think like one. But he really doesn't do anything too interesting or exciting. I'm not even a little convinced he and his partner have any experience doing police work when they are in the office wondering how they are gonna solve this case. They just say lets do police work and we'll solve it. And whats up with all the old men with pool cues. I didn't even begin to believe that they were mob bosses. And then the guy who was doubting the guy the mob picked to handle finding the killer. With his hundred dollar haircut and that he thinks his Di@k is the size of a schoolbus. Come on what cruddy lines. I thought he was gonna hit him with a baseball bat like in the other movies. I got this movie used and wouldn't buy it new. I suggest you skip this movie. Oh and it was funny seeing the microphone above the scene where hopper is going out to get coffee.,negative
"This movie kind of reminds me of A Mary-Kate and Ashley movie-only worse. Just the rich sisters kind of thing I think even though Alysons more the actress, in this movie Amanda michalka was okay sometimes but Alysons acting stunk. i think that after high-school musical they needed to come up with somethihng better and this definitely wasn't it. The story line wasn't that great and I think they should have gotten two other people to play Taylor and Courtney. I'm not a big Alyson Michalka fan and this movie didn't make me like her any better. i think they should definitely sick to singing and only watch this movie if you have nothing better to do (which sadly I didn't)",negative
"This movie lacked credibility for two reasons. One, no mayor of a major city, and New York is certainly as major as it gets. Would allow a borough in his city to degenerate into such a violent place to live; especially for voters who could have much to say about his or her future job security. All of the victims in the movie were mostly elderly, Jewish or defenseless. At 62-years of age, I have never seen a movie that depicted such utter lack of respect for authority as this movie did. Even ""Escape from New York,"" which was fictional, up front, i.e. they told you that this was science fiction, didn't resort to such deep-seated violence. In this movie, most of the elderly victims were victimized and yet had guns but were unwilling to use them. Also, in this movie and I have not seen the prior two, is more lawless than the ""Escape"" movie. Secondly, gangs as far as my research shows have never been as cooperative as this movie makes them out to be. On the one hand they catch a gang member from another gang working in their area and he's killed. Yet when the heroes start shooting at the local gang bangers, the next gang over is welcomed with open arms. Outside gang members are always viewed as outsiders and are stopped. We are supposed to believe that when automatic weapons are used against our gang, the other gangs want to be all into it. Why did the outside gangs come to help? I believe that more than one gang from outside came to help. What did they come for? Another question, why was the gang leader in jail and why do fellow jail inmates ask his permission to attack Bronson's character? This was not a great movie and I could go on, but I won't.",negative
"This movie lacked... everything: story, acting, surprise, ingenuity and a soul. Fifteen minutes in, I was staring at the screen saying, ""How could all of these guys get together and consider themselves friends (even without the girl)?"" Another fifteen minutes in, I was praying for as much Amanda Peet as possible. When a bad movie quietly rears it's ugly head, eye candy is a nice consolation. But there wasn't much of that! Cheated on all fronts!",negative
"This movie lacks in everything. Except Bobby deol, who in his own standards is mediocre, no one in this movie has come close to act in a single scene. Kangana is complete fake in her acting.<br /><br />The great Anupam Kher has a guest appearance and is better in those 2 minutes than bobby in the whole movie. The music does'nt compliment the movie<br /><br />that well. The contrast in Music between Bobby and Upen is not highlighted that well. Great concept gone completely wrong. The movie does'nt have a proper ending. Please don't waste your time as i did on this movie",negative
"this movie let me down decidedly hard. it was a great concept that was ruined with a horrible script. The story just didn't flow and was disjointed at best. There were so many elements to this story that were not explained, or were forced into place with out any real thought. elements like the love story could have been expanded on a bit more, and the cannons need to be written in better. the whole main character growing up thing needed more about the training he was receiving and less standing around. everyone likes a good ""little guy overcomes"" story and this showed promise but with the scripting failures wasn't to be. While it did have some pyrotechnics in the final battle sequence it was lackluster due to a lack of choreography. this made for a maddeningly boring watch<br /><br />it could have been so good :(",negative
"This movie, like so many others (Remember the Titans, Miracle), follows the basic sports-movie formula: There's a guy, he's a jerk. Jerk does bad. Jerk must play by someone else's rules. Someone else's rules change Jerk, Jerk becomes good. Insert tragedy (Death, drugs, riots, etc.). Tragedy effects Jerk, makes him totally change. Jerk must now play championship game. Lots of close-ups on the sweating players and the balls. Jerk wins. Quote from coach or news or something that explains title. Credits. Weren't you touched? These movies can now be used to sort out the morons of society. Anyone who pays to see this in theatres must be slapped.",negative
"This movie looked as if it might be good at the beginning, but never fleshed out to it's expectations. The director is talented and has some good camera angles and artistic ideas (typical of the Asian directors), but doesn't know how to create or tell a good story to go along with it. The story was fragmented and seemed to go off in all sorts of different directions throughout the film, never finding a solid, explainable, interesting angle. Basically, the movie never fit the explanation on the press releases. The acting was very good, however. All the actors gave good performances, and Jude Law was outstanding as he is always is. It is too bad he chose to do such a weak film.",negative
"This movie looked fun on the cover and I honestly thought 'how bad can this be?' Little did I know. Out of the gate the dialogue was UNBEARABLE. It was contrived, unrealistic and not even interesting. Dialogue on UPN syndicated television shows is more natural sounding. The story was implausible and had nearly zero play-off at the end. The end with the snake is almost confusing and seemed staged. The only remotely interesting character is Rose McGowen's, who is mute which prevents her from being ruined with cliche ridden garbage dialogue (well, at least until the end when even she has to speak). The only thing that even gives this a 3 over a 1 or 2 is Rose McGowen's nude scene. Truly awful. Save yourself the trouble and rent something more interesting like a Barney Video.",negative
"This movie looked good - good cast, evergreen topic and an explosive opening. It went downhill from there. Why was it filmed by hand held camera? It shakes, judders, part captures scenes and simply confuses the viewer. A poor choice indeed. As if this was not enough, the worst edit in memory assumes a drugged viewer - mandatory if you want to get any enjoyment from it at all. And then it commits the worst sin of all. After leading the viewer down all sorts of unlikely and implausible scenarios to the point of exhaustion, they roll credits without revealing the denouement - the ending - the payoff -like what the heck was the motive? How can you expect to succeed by making thrillers without an ending? Doh! This movie had great promise and ending up doing a face plant in the mud. What a waste of effort. Poor effort by writer and director.",negative
This movie looked like it was going to be really funny. I was very excited to see it but was very disappointed. It was very unrealistic. The plot was also pretty weak. I was expecting it to be really funny but the jokes weren't even that good. I was also really disappointed with the ending. I would not recommend this movie to anyone.,negative
"This movie looked like it was rushed to release for some reason. Definitely not a well made movie. So unbelievable. The scenes where the President (Holbrook) were downtown and walking among the people were a farce. There would not be a chance for the common folk to be within 30 yards of the President in that situation in real life. If it wasn't for the blood and profanity, this was shot like a TV movie. It could have been decent if it was done differently. Holbrook's (President) talents were never realized in this movie. Shatner's acting is okay. The production values in this movie leave a lot to be desired. Overall, I think most people would be better off not wasting time to watch this affair.",negative
"This movie looked like it was shot with a video phone, it had very little plot and unnecessary nudity. The movie never really came together or made much sense and for a movie like this, of course, there were some unnecessary boob shots. The director was obviously trying to make the movie subjective and different, but it just never gave enough information on what was even really going on, even in the end i was left with a mixture of anger and confusion. Confusion from the lack of plot, and anger because i wanted my two dollars back from blockbuster and an 1.5 hours of my life back. They should have a payment program for people who accidentally rent this movie.",negative
"This movie looked like the out-takes of the deleted scenes from a high school film class experiment. It made no sense! It was well acted, but I only felt sorry for the characters because they had to appear in this slop. The alien machines were created with Pentium I technology and no creativity, they were crabs! The under-lit and barely seen aliens were Frisbees with legs. WHERE WERE THE TRIPODS? The editing, done by director/writer/producer/make-up artist/gripper Latt, jumps all over the place, with some scenes repeated numerous times. Most of it seemed to have been filmed in the wake of hurricane Katrina. The next time Latt wants to make a movie, someone needs to slap him. In 2005 alone he produced 11 movies! That doesn't include the writing, editing, directing or visual effects credits on other movies. If the rest are like this snot-load, then he's just making fun of us. This was a slapped together rip-off of Spielberg's movie, nothing more. I'm looking forward to Latt's ""BackBroke Ridge', ""X-Man IIV"", ""The Hillocks have Eyes.""",negative
"This movie looks like it was made for TV . For years I waited for some movie to be made about Rubin Carter, because I loved to see him box at the old MSG, and to see this movie was very disappointing.I have alot of respect for Mr Washington, but he was awful and boring.There is really nothing good to say about this movie except I did like the song.",negative
"This movie lost me with the crossbow RPG (rocket-propelled grenade). It was like someone cut and pasted a scene from Robocop. I half expected Beowulf to say exclaim, ""I LIKE IT!""<br /><br />I watched this because I like Chris Bruno from ""The Dead Zone"" TV show and he did his part. He chose a strange accent, but at least he kept it consistent for the whole movie -- unlike any of his costars. They kept slipping into all kinds of speech from old English to modern English, sometimes in the same sentence.<br /><br />There are already many comments on how this movie is different from the source material. However, even on its own, this movie's plot is not good. It's just boring, which even the low budget doesn't excuse. Having a low budget means that you need to at least have a good story, dialog and decent acting. Those things don't cost much. Instead, they spent their money on half-assed CGI and some decent costumes and sets.<br /><br />Life is too short to watch this movie.",negative
"This movie made it into one of my top 10 most awful movies. Horrible. <br /><br />There wasn't a continuous minute where there wasn't a fight with one monster or another. There was no chance for any character development, they were too busy running from one sword fight to another. I had no emotional attachment (except to the big bad machine that wanted to destroy them) <br /><br />Scenes were blatantly stolen from other movies, LOTR, Star Wars and Matrix. <br /><br />Examples<br /><br />>The ghost scene at the end was stolen from the final scene of the old Star Wars with Yoda, Obee One and Vader. <br /><br />>The spider machine in the beginning was exactly like Frodo being attacked by the spider in Return of the Kings. (Elijah Wood is the victim in both films) and wait......it hypnotizes (stings) its victim and wraps them up.....uh hello????<br /><br />>And the whole machine vs. humans theme WAS the Matrix..or Terminator.....<br /><br />There are more examples but why waste the time? And will someone tell me what was with the Nazi's?!?! Nazi's???? <br /><br />There was a juvenile story line rushed to a juvenile conclusion. The movie could not decide if it was a children's movie or an adult movie and wasn't much of either. <br /><br />Just awful. A real disappointment to say the least. Save your money.",negative
"This movie made me feel as if I had missed some important scenes from the very beginning. There were continuity errors and plots that stopped as abruptly as they started. I was very disappointed because I love Whoopi Goldberg & Danny Glover, in addition to that have always trusted & respected Danny Glovers taste in his choice of roles, ""Grand Canyon"" for example. I just could not finish this movie, after what seemed an eternity, but was probably just a little over an hour; we had to turn it off. There was no comedy, there was nothing about the characters to make you empathize or sympathize with them, there was no evoking of emotion at all regarding this movie and the clips of their past were poorly edited, confusing, and unnecessary. What could have been a great idea for a movie, even as a drama & not a comedy (although I think a comedy in this situation would have been better, because I love to watch white people freak out & start acting like complete idiots, it makes me laugh) became a waste of my $1 credit at the video store.",negative
This movie made me laugh so much. It was a bloody joke to tell you the truth. So unbelievable and the worst plot ever. The acting as well was bad. I don't how come so many popular Bollywood actors and actresses took on to do this movie. The script must have been somewhat of a joke. The visual effects in this movie was excrutiatingly painful to watch. I believe that a kindergarten kid could have done a better job of the visual effect and a monkey could have done a better job of coming up with a plot.<br /><br />The plot has numerous attempts at copying major Hollywood movies like The Terminator but it fails miserably. I laughed my head off seeing this movie. A total disaster in Indian cinema history!,negative
"This movie made me really mad because the main characters or all the characters have a southern accent. I've lived in Iowa for 29 years and I know that people don't have a southern accent here. This movie is about a guy who does meth and I don't know the real plot or what the movie is suppose to be about. It has some pretty graphic drug use in it and it's really insulting so see these people use meth like it was sugar. I lost my brother to meth and this movie makes me sick to my stomach because it glamorizes the drug. The movie makes it look cool to use the drug but I was happy at the end when the guy almost made it across the state line. I also know that most women who experience a traumatic rape don't want to make love to their boyfriend or husband the next day. The movie is just wrong in all directions. I would suggest ""The Basketball Diaries"" if I was going to suggest a movie about drugs.",negative
"This movie made me so angry!! Here I am thinking that here's a new horror movie, one w/a sense of intelligence & then the movie starts. The scenery, the delivery of lines, the costumes, the fake gore, must I go on? There are porno movies out with better dialog than this. I understand the concept behind indie movies, but my goodness, this wasn't just indie this was a high school book report shot w/a camcorder & the cast are all friends & relatives. This is 1 movie that was doomed from its beginning. Maybe if it was 1982 instead of the new millennium this movie could fly. But it seems to me that someone hung a rock around this albatross's neck & it was sinking at a constant rate of speed.",negative
"This movie made me think....of how I could write something about it without personally dissing the director and all the actors, who, as an Australian, I am proud of for actually getting out there and making a film.<br /><br />But the movie itself? Let me tell you a story....<br /><br />Found this DVD in my local rental shop yesterday and had vague recollections of the reviews at the time of cinema release here, so I thought I would give it a go.<br /><br />For some reason, I decided to watch the 'special features' before I watched the actual movie, not something that I usually do. Turned the 'making of' off halfway through, as I'd had enough cringing at the 'aren't we so wonderful for putting together such a hard hitting film with such a raw script' attitude.<br /><br />The movie? Ugh. Full of clichés and pathetic character development. The actors? Well done guys, you are Aussies and I applaud you. And, just like a footy team is only as good as the coach that directs them, you unfortunately did NOT have a great script to work with.<br /><br />I felt that the movie actually trivialised so many of the subjects that it seemed to want to cover. I have seen many reviews here that refer to it as nothing more than a soap. Agreed.<br /><br />Finally (and forgive me if I don't phrase this correctly), I was extremely disappointed that there were no optimistic overtones at all. Yes, we all know that life is full of hard stuff, and yes we know that things such as incest DO occur, but I really find it hard to applaud a movie that has not one piece of joy in it. I believe that a director has a responsibility to put it in there SOMEWHERE. Otherwise, the movie is all about THEM and THEIR feelings, they have created it for themselves, not for an audience.<br /><br />Which I think is the basis of why this movie isn't so great. The special features mention that the director wrote the screenplay in a 36 hour sitting, the day after he himself tried to end his own life. Well, it may have been cathartic for him to do this, however the movie reeks of self-indulgence when you know the story behind why it was written. ""I feel horrid, I'm going to write a movie about feeling horrid"". (Note: I have read the interview with Andrew Urban, and understand WHY Thalluri needed to write something to help him through his own issues, but I believe there is a line in film that cannot be crossed - the line of making a movie purely for your own emotional needs, and I feel that this is what has unintentionally happened here)<br /><br />By his own admission, the director had no technical experience at all, and sadly, this makes the movie come off looking like nothing more than a year twelve media project.<br /><br />As for any recommendations that this movie should be studied at school, or that all teenagers should watch it - not sure there either. Because there is a VERY dangerous line at the end. I too have been in a place where I have thought that someone who no longer has to 'face life' is 'lucky', but as an adult, I do worry that this line could be influential on a young viewer that was in a vulnerable frame of mind. Might be in there to promote discussion, but again, it reflects no possibility of redemption or joy in this story as a whole. In fact, it almost indicates that there is more sadness to come.<br /><br />I haven't seen Elephant, but I just might go find it, given all the comparisons here.<br /><br />Nothing personal here guys, I do hope you can make another movie someday, and we all have to start out somewhere, so forgive me if I've been too harsh. I am glad that you are proud of what you created, which in the end is what life is all about. It's not a movie I would recommend though.<br /><br />Oh, I DID like the way the time-frames often collided, thought that was an interesting way to film. <br /><br />But the whole ""Its the quiet ones you have to watch"" - we already know that.",negative
"This movie made me very angry. I wanted desperately to throttle the ""scientists"" and unseen film-makers during the course of it. Very, very painful to sit through. Sophomoric and pretentious in the worst way. The little good information on brain function/chemistry and quantum theory is lost in a sea of new agey horse sh*t. The worst offenders were the crack-pot charlatans Ramtha and Joseph Dispenza. Mr. Dispenza informs us that most people lead lives of mediocrity and clearly implies that he, on the other hand, is living on a higher plane. Even the ideas and attitudes that I basically agree with are presented in such a heavy handed, clumsy, superior, pretentious, preachy manner that I felt the desire to disavow them. I think that's what made me so angry, the fact that they've taken what are indeed profound aspects of established scientific thought and marred them with their new age hokum. Much of it is based around the fallacy of applying concepts of quantum theory to the macro world. Fittingly, the dramatized portions with Marlee Matlin are amateurish and cliché ridden.<br /><br />I would refer people instead to Bill Bryson's excellent survey of science: ""A Brief History of Nearly Everything."" There's plenty of profound wonder about life and the universe in the actual, established science.",negative
"This movie made me want to bang my head against the wall. It is hard to compare such badness as this to anything, but some say that watching this movie is similar to bleeding from under your fingernails. And that comment comes from the writer's cousin. This movie was so flipping bad, it made ""Hulk"" (The second worst movie ever) look like ""The Departed"" (One of the greatest movies in cinematic history). If you like boring family movies with predictable plot lines, then you will absolutely love this movie. If you have a brain, then you definitely will not. When I rented this movie, I actually fell asleep while watching it. The next day, I finished it from where I left off, and it was the worst decision of my life.",negative
"this movie made me watch Paul W.S. Anderson's AvP1 and enjoy it! I am not even going to dream of comparing Requiem to any of the Alien or Predator series' movies,this is a HORRIBLE TEENAGE B-HORROR FOOTAGE SET IN AN American SMALL TOWN NO ONE CARES ABOUT.<br /><br />AvP1 at least had heaps of handcrafted art carved into the movie sets,it had bags of eye-candy not previously seen in any of the original movies - but was ruined by unconvincing characters/acting.<br /><br />Requiem takes bad acting to the lowest imaginable level,and it also lacks in every other department just as much...it's a sacrilege to include alien and predator suits in this kind of rubbish.",negative
"This movie made my face hurt. I don't understand it...things just happened, inexplicably, and they usually resulted in someone bursting into a song and dance number. I don't understand how people can laud this film with praise. There are B-movies, and then there are B-musicals, and then there is Rockula.<br /><br />The songs made me want to run headlong into a wall. The only saving grace is that one of the musical explosions turns out to be a musical video, which eases the pain, yet still fails to justify why it needed to exist. The most frightening section of the film is Toni Basil's creep-dance that accompanies her weird song. But on the bright side, she can manages to find the notes that she is looking for, unlike pop music sensations Rockula (aka Rapula) and Mona...wow, can we say tone deaf. So if you want to question life for about 90 minutes, see this film. If you hate your life, then buy it.",negative
"This movie makes a promising start and then gets very confused and muddled. Kamal Hasan has made a lot of effort in getting the period look right, pity he did not spend more time on the plot. Most of the small characters in the movie show up for no particular reason.<br /><br />Overall very disappointing, I would recommend avoiding this movie.",negative
"This movie makes Canadians and Brits out to be asinine, moronic idiots. The men get stoned/drunk, and then they yell/beat each other up in almost every scene. The women are superfluous to the story  I do not understand what they are there for  they spend every scene causing a ruckus, or worse, milling around like mesmerized cattle. Apparently, Canadian women are either quarrelsome vulgar tramps or hulking hippie chicks. It's the standard knocked-up girlfriend, her loser boyfriend and his wicked mother ludicrousness that we have seen in countless movies before.<br /><br />Every character here is a carping, infantile stereotype. Not to mention that they all looked like they need a shower! And the idea of any kind of scene implying sex with George Wendt  shudder  is enough to make anyone gag! I watched the movie because Samuel West was in it  but I cannot understand why he would have accepted a role like this. Maybe he needed the money. Ian Tracey is a superb actor - the only one with a vague redeeming moment, but his talent is wasted here.<br /><br />As for the rest of the plot  the three imbeciles trying to get their dope back  yawn - or Karl  who is dead, but who is actually a character very much alive in the minds of those left behind (almost like Rebecca in Alfred Hitchcock's masterpiece  although I am ashamed to even have thought to compare these two films), why even bother? Karl is so galling that you find the circumstances of his death gratifying.<br /><br />By the end of this wretched movie, I thought they would all have been better off going down with him on that boat!",negative
"This movie makes ""Glitter"" look like ""Schindler's List."" Tarantino and the Weinsteins really need to consider more carefully before putting their names on a product. Green-lighting a P.O.S. like this, regardless of the friendships involved, is just bad business. Larry Bishop needs to be kept away from a movie camera at all costs. Writer/director/producer/actor Bishop shows that his skills are inadequate for any of those jobs. A vanity project gone south, ""Hell Ride"" allows usually good actors to chew the scenery... at least when the camera isn't centered on Bishop's feeble attempts to steal every scene he's in. (Which is virtually EVERY SCENE!) My final three words on ""Hell Ride"" are STINK, STANK, STUNK.",negative
"This movie makes me think the others I've seen with Combs were an accident. The plot had more holes than I think I've ever seen in a movie purporting to be something more than a ""b"" movie. The acting was so laughable that not even the memories of Combs' past campy triumphs were enough to save it. Considering the script I have to imagine that there was not enough money in the budget for things like continuity and original ideas. I am thoroughly upset that I paid Blockbuster prices for this trash. The fact that it was made for television was something that would have helped me avoid this atrocity and frankly something that movies this poor should be required to warn you of. Avoid this movie no matter what.",negative
"This movie makes me want to throw up every time I see it. If you take the first movie, and reverse the plot (ariel wants to leave the sea, her daughter wants to go to the sea), take the same characters and give them new animals and new names, and then throw in crappy animation and the biggest suck factor, possible, you get the little mermaid 2. Its basically a copy of the first movie with a reversed plot. I'll take you through the horror of it step by step. These are the people from the 1st movie: First of all, Prince Eric is still prince eric, with about 3 lines in the whole movie. Ariel is uptight, annoying, and is not the carefree, headstrong spirit we saw in the 1st. In fact, she is the exact opposite. Sebastian is still sebastian only less cute, less convincing as being stressed out, and the jokes just aren't funny anymore. Flounder has about 2 lines. He now has kids and he talks with a dumb nasal voice. Scuttle is still dumb scuttle only not funny. King Triton's character is probably the best, he still retains the intimidation and love for his daughter, Melody. Ariel and Prince Eric appear not to give a hoot about their daughter. <br /><br />Like i said, all they did was use the characters from the first movie and copy them. This is what they did: Ursula- The new evil villain is Morgana, Ursula's sister who feels like she always lived in Ursula's shadow. I wouldn't be scared of her if she showed up at my doorway with a knife. She can't do anything right and she's a failure as a villain. She has the same voice ursula did. Sebastian & Flounder - Have been replaced by probably the most stupid sidekicks, Tip & Dash, a walrus and a penguin. They try to be hero's but always fail when trying. the plot is so predictable. They become heroes at the end. Yawn. Flatson& Jetsom- Now replaced by a shark who was turned about 10x smaller by triton. Hes really bad too. Morgana and the shark (sharkbait, I think was his name) have no chemistry, good or bad. Ariel-Ah, Ariel. Our lovely mermaid was replaced by her un-lovely daughter, melody. Melody cannot sing, her voice is about 2 octaves higher than it should be, and you want to punch her in the face because shes so fake sugary sweet. She wants to go to the sea, she is clumsy and the kids make fun of her, she has to go find herself. yawn.<br /><br />Not only is the movie boring and unoriginal its so simplistic when you watch this movie you will gasp at how bad it is. Certain parts of the movie make you want to call Disney up and demand why such a horrible movie was made as a sequel to such a wonderful original.<br /><br />Basically, comparing the little mermaid 2 to the little mermaid is like comparing and Ed Wood movie to Casablanca. Don't ever watch this, not even when your bored.",negative
"This movie makes no sense at all, there are plot holes big enough to drive enormous NYPD vehicles through. The characters do not act in any plausible way whatsoever. I will put my comments in the chat board, but save your time and money, this is stupid. I can't stand when Hollywood spends millions of dollars on flash bang equipment and uses fancy editing and cool music, and does not bother to have a plot that hangs together at even the most basic level. But it is nice to see Denzel W. prevail over the Man, who comes in 3 flavors, Jodi Foster, Mayor Bloomberg and Capt. Von Trapp. There is even a sweet little kid with a video game who is nice.",negative
"This movie makes Peter an elf in Robin Hood costume instead of a human boy in probably-not-Robin-Hood-costume and ignores all the persona features in him that really matter. This movie makes Wendy a babbling idiot. And poor Captain Hook a TOTAL clown. And of course as every Disney cartoon must have a character which has had too many hits in the head, they made one of the Lost Boys that one. The only character that has not been disgraced in this film is Tink. The only star is for her.<br /><br />The story itself then? The Darling parents don't even get the time to notice their kids are gone!!! Probably one of the most significant point in the original story and they ruined it! Also the famous nursery scene between Peter Pan and Wendy is a stunning piece of- There are no thimbles and no acorns - one of the little things that makes the original story such a unique one. It's a wonder he even had lost his shadow and she helped him stick it. (Even though to his shoes and it makes no sense to me.)<br /><br />Ruining a great story like this just to amuse children should be illegal. So know now if you haven't known it before - this Disney version does not have anything significant in common with the original story - which is not really a children's story but just a great, great story.<br /><br />This just annoys me to no end.",negative
"This movie makes several mistakes. a few American actors in Spain , and the Spanish actors speaking English. the 'spaniards' English is OK, but the way the acting is performed it makes it all quite annoying. the dialog through the whole script is very weak; it may have been a Spanish script but translated incorrectly, who knows and who cares. i can only assume that these are famous Spanish actors forced into the English language , they may be good, but not in this flop. you will figure out the movie within the first 5 minutes, thats how pathetic it is. then the rest is just bad . lots of waste of time, lots of UN-necessary plots. Oh did i mention one of the Baldwins' is in this.",negative
"This movie makes you wish imdb would let you vote a zero. One of the two movies I've ever walked out of. It's very hard to think of a worse movie with such big name actors. Well...Armageddon almost takes it, but not quite.",negative
"This movie masquerades as a social commentary, when in fact it is every bit as ridiculous as the very racism it condemns. The premise of this movie: African-American = Strong... any other race = weak. The worst part is when Rapaport pulls a gun on Omar Epps and a Jewish guy. The Jewish guy, in stereotypical fashion, crumbles in fear and starts pleading for his life... but the big, strong, defiant Omar Epps stands strong with no fear. We also have the condemnation of every fraternity member as being a arrogant preppie drunk or rapist. The raped white girl, of course, begins considering lesbianism since she's just a weak white girl after all. When the nerdy white guy is rejected by the fraternity members he of course must fall in with the skinheads, who are incredible cowards; especially the big muscular guy who is beaten down quickly by the strong black men. Wait... BUSTA RHYMES BEAT UP A GUY TWICE HIS SIZE??? Yeah, right.<br /><br />Of course the black men NEVER reject their own people and Omar Epps moves in with them easily. The scenes where Ice Cube threatens his white roommates and keeps them in line are just stupid -- of course he is the dominating one while his weak white roommates sit in fear of him and eventually move out. This movie was just terrible and the ending made me actually laugh out loud. The overly long slow-motion between Epps and Banks gets hilarious with the faces they make -- it's like watching my nephew and cousins making faces at each other (and they're all under 5). Do yourself a favor and skip this crapfest.",negative
"This movie may bear some historical importance, and it sure seems astonishing how well the facts are together, the setting, the rocket, the space suits, the surface of the moon, all scream ""a classic"" - but in the end, the result makes a pretty dull movie for todays eyes, and the 50ies tech scenes you might hope for in a movie like this are by far not enough to reward sitting through all the tacky dialog and predictable plot developments. The characters and plot may reward a scientific sociological analysis, but bear too little entertainment value many times.<br /><br />Much of this movie seems like a good movie for nine-year-olds. The mature themes, the human drama and the violence are kept to a level suitale for children as well.<br /><br />The images of the earth and the moon seen from space may actually be more accurate than the ones in ""2001"", but so what if their use is dramatically inefficient. Especially 2001 may seem like a stretched out meditation over themes of this movie, and, has Star Wars not somehow modelled it's space-scrolling opening titles on the opening titles of this Film? But then again - the inheritance is marginal.<br /><br />If its a real groundbreaking and mega-influential mature 1950ies Sci-Fi classic you are looking for however, check out ""Forbidden Planet"".",negative
"THis movie may be the worst movie I have ever seen. Basically it is right above Leprachaun 5, the only difference is that it missing Ice T. The scene where he does the chick with the carrott...priceless. Oh yeah they made a second one, genius",negative
"This movie may seem scary on commercials, but the actual movie was a reason to vomit. This is a below below average, (even lower than that) and has no plot. I mean every house can make you feel scared and sure, a dead Japanese woman would scare the poop out of you, but so what? Make a movie that would appeal to watchers and not just show images of scared people and some hair (dead Japanese woman). Can you say ""horrible rip-off of Samara (The Ring)""? Don't get me started with the ""dead child"". Not even that scary! So what? He has a cat and he can imitate it, big freaking deal! Just bury the poor zombies and save some lives that have the potential of being harmed by the Grudge! 1/10! Yuck! >.<",negative
"This movie might be o.k. if not for all the language in it. I think that the storyline itself isn't bad, but I would be too embarrassed to let my wife or kids see the movie. I know that kids will learn all the swear words along the way eventually, that's true, but parents should not assist them in the process by letting them see and hear the stuff in the guise of entertainment.<br /><br />I used to quite like Robert Loggia; he has a distinctive gritty quality with that rough voice of his, but in the last few years all I have seen him do are roles with a lot of language in them. If we had an award for over-use of the F word, he would have to be a contender. Unfortunately, I think he's now lost me as a fan. When I see his name on movies in future, I will be thinking twice about picking up that title.<br /><br />Look, I'm no prude. I use language sometimes too, in extreme circumstances, but when we're watching a movie it is for the sake of E N T E R T A I N M E N T, something which we hope will bring us some joy and escapism. I do not want to be reminded of what's happening out on the streets in any big city these days, and it's a hassle to have to wonder whether or not a movie is alright for my family to watch.<br /><br />I like Matt Modine too, but it's a pity that he has associated himself with a picture which has let his image down like this. He probably did an o.k. job in the movie, but I turned off about 1/4 of the way through after having had my ears assaulted once too often by others in the cast. Why can't these actors just say no when these scripts ask them to carry on with this gutter language? Once enough actors, (especially the big names), kick up a fuss about it, the writers will stop putting it in the movies!<br /><br />I'm sorry, but I cannot recommend this picture. It's a pity too, because I think it would probably have been alright, if it had been made well enough for decent families to watch! Thank God I only wasted $2.00 on it!",negative
"This movie moved much too slowly for my taste.The concept of the story is refreshingly different in that it explores the family dynamics of living with a mentally-retarded family member in a way that I have not previously seen on-screen.However,the execution of the concept was flawed.Each character was developed fully within the scene of her first appearance,then one had to endure the feeling that each character was treading water the rest of the way.That is,each character flailed about awkwardly in her interpersonal relationships with others in the movie,which I found to be a form of emotional and social retardation.I suppose this has artistic merit,given the irony that the story centers around an intellectually retarded individual surrounded by way above-average intelligence friends and family.The acting,however,was well-done without exception.I agree with other reviewers that the cinematography was beautiful.In summary,I think the film has strong artistic merit because of the fine acting and cinematography,but fails on an emotional level due to the shortcomings described.",negative
"This movie must be in line for the most boring movie in years. Not even woody Harrison can save this movie from sinking to the bottom.<br /><br />The murder in this movie are supposed to be the point of interest in this movie but is not, nothing is of any interest. The cast are not to bad but the script are just plain awful , I just sat in utter amazement during this movie, thinking how on earth can anyone find this movie entertaining <br /><br />The producers of this movie were very clever. They made a boring movie but hid it well with the names of good actors and actresses on their cast. People will go to the blockbuster and probably see this movie and think, Woody Harrison ,Kristin Scott Thomas and Willem Dafoe this must be good and rent this movie.(boy are they in for a horrible time)<br /><br />If you like getting ripped off go and rent this movie, some people actually did enjoyed this movie but I like to watch a movie with meaning",negative
"This movie must have been the absolute worst movie i have ever seen. My sister and her boyfriend went to rent Zodiac (2007) and got this one by accident. thought it was a joke before the actual movie. this was terrible i was waiting for it to get scary and it never did. this movie had not actual facts about the real Zodiac killer. The filmmakers clearly didn't even bother to research anything on the killings... they only liked the name... so they decided to write a script about nothing true to its name. I am upset i didn't realize it wasn't the movie sooner. I try to like something out of every movie, i don't hate movies... ever... except this one. If you could have given it no stars, i definitely would have. 1 out of 10.",negative
"This movie must have looked when it was being pitched at development stage and getting a Redgrave and a Jacobi on board must have excited the money men. All I can say is that they clearly did not have anything on that week. Jacobi camps it up in the way that only Jacobi can do and I thought that he seemed to more of the actor that he parodied in his cameo role in Frasier a few years back. Vinnie Jones is not exactly bad, he is just clearly out of his depth as a leading man. He is really quite amiable throughout and if this was a pilot for a TV series, it may have just got picked up. However, the scipt and the camera work were appalling. Quite why this ""jounalist"" and a press officer from the Met would ever work together is never explained. It certainly cannot have been because of the sexual chemistry, of which there is none. There is nothing wrong with a ridiculous and far fetched plot that you can pass off as original, but the whole thing is just so contrived that the two stories just do not make sense at all. It was like two stories confusingly edited in to one just to make up two hours. Go watch some paint dry for a couple of hours. You life will be more fulfilled than watching this rubbish",negative
"This movie narrate the story of John Belushi,based of his biography `Wired' , wrote by Bob Woodward.All of movie is narrate on flashback without a chronological order , where after the death of John Belushi we see one angel accompany Belushi during few points of his life.Michael Chicklis in the character of John Belushi is enough credible , but entirely devoid of the devastate force of Belushi ,and his play stay only a pale animation.The director,on more,not succeed to give continuate on the story , that for who not knows the book is very confused. But the worse is that they have featured Bob Woodward that spoke with Belushi before he died. For this negative points the movie is only a would-be attempt to narrate the controversial story of John Belushi. My rate is 4.",negative
"This movie never made it to theaters in our area, so when it became available on DVD I was one of the first to rent it. For once, I should listened to the critics and passed on this one.<br /><br />Despite the excellent line up of actors the movie was very disappointing. I can see now why it went straight to video. <br /><br />I had thought that with Bloom, Ledger, and Rush it could have some value. All have done wonderful work in the past. <br /><br />The movie was slow moving and never pulled me in. I failed to develop much empathy for the characters and had to fight the urge to fast-forward just to get to the end. <br /><br />I do not recommend this film even if you are thinking of renting it for only for 'eye candy' purposes. It won't satisfy even that.",negative
"This movie, no correction, this THING, this abysmal abomination from the burning pits of hell should have been killed before it even left the writer's head. I could not possibly come up with enough adjectives to describe this movie. But let's try anyway. Horrible, bad, nauseating, tasteless, crap, vomit inducing, gut wrenchingly bad, hideous, nasty, putrid, there just aren't enough words in the English language! The ""plot"" involves a serial killer who becomes a snow man. Don't ask how, not important. The killer snowman runs about killing people. How, you may ask, can a snowman kill someone? In tasteless ways that make you want to remove your eyes if only so you don't have to endure that Styrofoam snowman anymore. In ways that make you want to fill your ears with hot wax so you do not have to endure his snow puns anymore. Don't watch this movie! Destroy it on sight! For the sake of your very soul don't watch it!",negative
"This movie obviously had good intentions. At the end there is a dedication to someone named Kellie who, as a viewer, I can only assume found herself in a situation similar to the one the movie depicts. Perhaps she made the ""wrong"" choice. That dedication is the ONLY redeeming quality of Love & Suicide.<br /><br />The movie becomes unbearable from the opening sequence. Once the viewer is already that irritated only about five minutes into the film, it's pretty much going to be downhill after that...which it was. I know the film was low budget and the camera shots were actually pretty good...unfortunately, everything else was horrid. The acting, the plot, the sound quality, the picture quality...the acting. I'm sorry but the acting is horrible. Beyond horrible. It's as if the actors are trying to act like people acting. That's the only way I can think to describe it. As I watched, I actually pictured the script with the stage direction in my mind. None of the movements were natural and none of the characters' reactions to one another fit. In short: the timing is WAY off. The timing of the entire film is way off. I'm no director so I know the limits of my knowledge but I really feel there had to be SOME way to convey the passing of time...until they explained about graduation not being too far away I was under the impression that the first portion of the movie had taken place over the span of a week...a month at most.<br /><br />All that being said, it's really a shame. This movie truly could have been powerful with a little tweaking. All the moments in the film in which we are supposed to feel something are obvious but only because the set-up is obvious (which is a bad thing). The moving scenes totally fell flat. For instance, when Kaye's brother takes his hat of his head and puts it on hers, we should feel the understanding he has for her, the innocence and protectiveness of the love of her brother...somehow it just doesn't come off that way. There are so many more scenes like this (for example: ALL of the fight scenes) and all they do is take away from the movie. All these things put together, Love & Suicide comes off as one long, cheesy, low-budget commercial.",negative
"this movie offers nothing but the dumbest conversations possible. as a matter of fact i most probably could not have imagined how meaningless a film, how synthetic the dialogs could be until an hour ago, but then again i saw this video. in a movie that does not depend on a powerful script, one expects to see at least good acting and tasty conversations and even some humor maybe, yet this movie lacks them all. you heard me it lacks them all. there is not a single point i like about this movie, none. i hate it. i'm sure anyone will do so too. the name is intended to give the target audience some thoughts of nudity and stuff, yet it fails even at the nudity. i don't know how but i beared to watch this thing for an hour or so, and i definitely recommend you don't do so. worst movie i've seen in my entire life. if someone offers you to watch it, ruuun awaaaaay saaaaaave your liiiiiiiiife",negative
"This movie offers NOTHING to anyone. It doesn't succeed on ANY level. The acting is horrible, dull long-winded dribble. They obviously by the length of the end sex scene were trying to be shocking but just ended up being pretty much a parody of what the film was aiming for. Complete garbage, I can't believe what a laughable movie this was. <br /><br />And I'm very sure Rosario Dawson ended up in this film cause she though this would be her jarring break away indi hit, a wowing NC-17 movie. The problem is no adult is going to stick with this film as the film plays out like a uninteresting episode of the OC or something aimed at teens. Pathetic.",negative
"this movie only gets a second star because i work downtown and liked seeing it destroyed. the effects were pretty good- i hear it was the most expensive Korean film ever made. being the most expensive and still absolutely horrid makes it a massive waste of money. i rented it so i won't complain too much about what i paid, but it was a couple hours that i'll never get back. plot holes abound. terrible acting all across the board. i do not recommend giving up the time to watch this movie, life is too short. if your friends want to watch this, run away. i can't stress enough how bad this film was. <br /><br />where the hell did the second dragon come from? why didn't he show up sooner? how did they have rocket launchers on dinosaurs just 500 years ago?",negative
This movie only got a 1 because you can't give a zero! if you have a weak tummy AT ALL don't watch. animal rights people you don't want to watch either. it makes people vegetarians i swear i witnessed it happen! the only cool parts are the case and the fact that its a true story. its really really super creepy that this guy worked at ADT while he killed people! still feel safe when you punch in that little code? i don't! He had access to every code in Kansas!!!!!! I hated the movie it was not scary it was mentally scaring! Do your self a favor and don;t rent/buy this movie i think it cost about $20 to make that INCLUDES their OVER paid actors!!!!,negative
This movie over does it on the cgi i mean sci-fi really they over did it the original '' BATS'' is better it does not use cgi like the sequel. in this movie its the simple people running from mutated killer bats. and really bats in Afghanistan?! the plot involves u.s army soldiers finding a terrorist and being attack by bats and dying<_< but the reason i gave this movie 3 stars is because the way the camera zooms in on the soldiers. the acting is bad and this doesn't even look like a horror movie. in all this movie is a fairly good TV movie for sci-fi channel. but if like sci-fi's movies you'll like this movie because you just like channel 43 oh and if you fall asleep during the movie don't be surprised. oh sorry i think i give it 2 stars instead.,negative
"This movie plays out like an English version of an ABC after school special, with nudity. It makes you wonder who the target audience was supposed to be. It's not as though the writers were too preoccupied with selling a plausible plot either. While it does possess a certain watchability, Virtual Sexuality is fluffier than dandelion meringue. It's a good movie to watch if you're snowed in, the cable's out, and it's the only tape you've got.",negative
"This movie portrays Ruth as a womanizing, hard drinking, gambling, overeating sports figure with a little baseball thrown in. Babe Ruths early life was quite interesting and this was for all intents and purposes was omitted in this film. Also, Lou Gehrig was barely covered and this was a well know relationship, good bad or indifferent, it should have been covered better than it was. His life was more than all bad. He was an American hero, an icon that a lot of baseball greats patterned their lives after. I feel that I am being fair to the memory of a great baseball player that this film completely ignored. Shame on the makers of this film for capitalizing on his faults and not his greatness.",negative
"This movie pretty much sucked. I'm in the Army and the soldiers depicted in this movie are horrible. If your in the Military and you see this movie you'll laugh and be upset the entire movie because of the way they acted as a squad. It was ridiculous. They acted like a bunch of normal people with Army uniforms on not knowing what to do. It was a pretty gory movie I'd have to say the least. There was a couple scenes where they try to make you jump. I'd recommend seeing it if you are bored and want to see a violent, gory movie. It will be a better movie also if your not in the Military. I also would have to say I liked the first one better than this one.",negative
"This movie probably began with a good idea but that's as far as it went. When I read the cover at Blockbuster I thought it had promise but that was based on the overall idea for the movie. The movie began with a professor talking about how in the future we will be able to see creatures from other dimensions. There was no explanation of how that would happen but that's okay I thought it would be developed that in the movie. It wasn't. In the next scene we see two young men lying on tables with tubes taped to their heads. Beside each one are two attractive women. The men begin asking ""Do you hear that"" or ""Do you see them"". We conclude they think they are seeing ghosts or some other creature that seem invisible or they are hallucinating. The women do not see these creatures. This was fine for the first five minutes BUT THIS SCENE GOES ON FOR A FULL HOUR. It is briefly punctuated by flashbacks that have no correlation to the so called ""plot"" of the film. We are also introduced to a man in a lab coat and what appear to be Middle Eastern terrorists. What is this about? We never find out. The flash backs lead us to believe that the terrorists are forcing the man in the lab coat to perform diabolical experiments on these young people but we never understand why. At the end of the movie the terrorists finally do what terrorists do  they blow up the lab, but why? What is the point? We have no idea. This film contains so many disconnected thoughts and ideas that there are too many to enumerate but one more notable one is that fact that the man in the lab coats and the terrorist pop in and out of the room throughout the movie and not once do the young men attempt to escape or even leave the tables on which they are laying even though they are not strapped down! The makers of the movie also bring in cameo appearances by cockroaches on several occasions but again we never learn what that has to do with the storyline. Sorry but this movie was a waste of $4 and the time I spent driving to the rental store and then watching it. Take my advice. Don't rent it.",negative
"This movie probably had some potential for something; my bewilderment is how these utterly prosaic unfunny themes keep making it to theaters, it's as if ideas are being recycled just because generations are. Truly the decerebrate oafs behind most films are like dogs, they return to ingest their own vomit. Well, they're 19 bucks richer now because of me. This was not at all imaginative, there was no redeeming moment, anything remotely funny was shown in the trailer (and nothing amusing was in the trailer), performances were strained (especially Molly's, totally unconvincing). What was theoretically supposed to be some comic relief was the homoerotic friend with a penchant for Disney films; none of his analogies hit home, his little moral speeches were flat, I was literally waiting for them to go on to say something meaningful, only to find out he was done. The so-called ""hard 10"" is the most insipid plastic creature there is (apart from having a horse-like face with a weird smile); I honestly found her friend Patty (referred to as the Hamburglar) to be much better looking than her. But then again, gentlemen prefer brunettes ;) Well, anyway, the whole premise is that society is superficial and if love is true it transcends all social facades; the way they showed this, with a dude shaving another's scrotum and the million-times-mutilated-and-beaten-to-death-horse premature ejaculation routine (with obvious allusions to American Pie and Happiness - the latter in the disgusting scene denouement involving the family dog). I feel as if the movie was like adjoining ridiculous jokes into an unformed wretched ball of raw sewage. Goes to show marketing can push anything out there, shine whatever fetid mass and call it gold, people will come (worked for me). Done with tirade.",negative
"This movie probably seemed like a great idea in pre-production. ""Let's make a movie about one of the greatest and most controversial athletic coaches of the modern era! And let's cast Brian Dennehey as Coach Bobby Knight!"" That's where this movie went terribly wrong. Why cast an actor who bears no semblance of the man he's portraying? And then, why let this actor turn his character into not Coach Knight, but Brian Dennehey in a red sweater? As I sat watching this movie on ESPN, I didn't find myself believing this man was actually Coach Knight. He didn't look like him, talk like him, act like him, or even walk like him. I could not get past this fact, and thusly, I could not enjoy the movie. When Paul Newman and Robert Redford were cast as the outlaws Butch Cassidy and the Sundance Kid, we didn't care if they were accurate historical models of their true characters because most of us had never even heard of these men until we saw the movie. But, with someone as visible in today's media as Coach Knight, you have to do better. When Anthony Hopkins was cast as Nixon, it was the same situation. But, Anthony Hopkins made us believe he in fact was Nixon. Dennehey didn't even try. What might have been a great movie was turned sour by this. Besides the fact that this movie tried to do for the four-letter word what ""Saving Private Ryan"" did for dismemberment, it stunk. Too little of the real Coach Knight and too much profanity for the sake of shock value turned this movie into a ""season to turn off half-way through the broadcast."" The only good thing about this is that it was television movie. I didn't have to waste my hard-earned money on this piece of trash.",negative
"This movie promised bat people. It didn't deliver. There was a guy who got bit by a bat, but what was with the seizures? And the stupid transformation? Where was the plot? Where was the acting? Who came up with the idea to make this? Why was it allowed to be made? Why? Why? I guess we'll never know.",negative
"This movie proves that good acting comes from good direction and this does not happen in Ask the Dust. Colin Farrell is usually a fine actor but in this he is juvenile. Donald Sutherland comes across as an amateur. Why? Because the script is awful, the adaptation is awful and the actors seem bored and half hearted. The atmosphere of the movie is bad - I could only think when it would finish and I turned it off half way. The director has done a very poor job and even though I have not read the novel it is certainly a missed chance. The atmosphere this film is trying to evoke and the message and storyline never reaches the audience. In one word, it is a TERRIBLE film.",negative
"This movie proves that you can't judge a movie by the awesome artwork on the DVD cover. It also goes to show that you should learn more about a movie before you buy it (or get it for someone at Christmas). The beginning of this movie actually looks somewhat promising. Well, until you meet the characters. Pumpkin Jack (the old guy from down the street) brings the college co-eds a book full of witch's spells that he leaves at their annual haunted house (where the movie takes place). After that there is some drinking, fighting, and soft core porn. Then the action of the movie finally takes place after over an hour.<br /><br />Overall, Hallow's End was predictable, unsuspensful, and reminiscent of a soft-core porn. This movie is probably best viewed with a group of friends who have nothing better to do, as it is a good movie to make fun of. And for first-time viewers, it is really fun making predictions of the order of people who die.",negative
"This movie provided NOTHING new or worthwhile. After seeing it, my wife and I both agreed that the studio simply churned this out and could have cared less if it was entertaining. This is a good example of a ""concept only"" film--they have a concept about a film and the other details are unimportant because execs KNOW it will make $$ just based on the initial concept.<br /><br />The movie starts with Cruella getting out of prison and going on parole. She no longer hates puppies but has been programmed to adore them--she simply couldn't hurt a flea. This doesn't last too long after her release and she's back to her old ways. Period.<br /><br />The most annoying aspects of the movie were the supporting characters. Eric Idle as the voice of Waddlesworth the bird made me HATE him--and that is TOUGH considering I am a die-hard Python fan. It was obvious he did this because they gave him lots of money (there can't be any other reason). Cruella's low self-esteem servant, Tim McInnerny, was funny in the Black Adder shows but here he is totally wasted and unfunny. And it must have cost a few bucks to get Gérard Depardieu but he was utterly wasted as well. There were some other supporting actors as well but given how poorly written the characters were, I am trying to block them out of my mind.<br /><br />Overall, you'd be better just to let your kids watch television than bother letting them see this drivel.",negative
"This movie purports to be a character study of perversion. Some reviewers have been gulled into assuming that because perversion is depicted, the film is psychologically deep; actually, considering the salacious material, it is surprisingly tedious and shallow, with no motivational substance. Why is the main character the way she is? You won't find out from the script. For a better treatment of the same theme (and a more entertaining movie), try Bunuel's Belle de Jour.",negative
"This movie purports to show a middle class family's attempt to figure out what is ""going down"" in the America of the late 1960's. Their trip to a rock festival is as far as their refurbished old bus gets. Without exception, the characters are superficial stereotypes.<br /><br />If you want to know which well-established Hollywood actors were desperate for a paycheck in those days,.. just look at the credits. Sal Mineo, I had forgotten just how badly his career had hit the skids! Thank God, his career rebounded before his untimely death.<br /><br />The writers on this television turkey were clueless. Outside of doing weed, their insights into the ""hippie movement"" were laughable.",negative
"This movie, quite literally, does not have one redeeming feature. The characters are one-dimensional, cliched, incredibly misogynistic and stupid. The script looks as if it was cobbled together from 100 other movies, the acting is horrible, and some of the 'gross-out' humour made me feel nauseous.<br /><br />Shame on you, Gregory Poirier, for thinking ANY of this would be funny or interesting!<br /><br />The worst movie I've seen in several years.",negative
"This movie raises a number of pressing questions in my mind. Firstly, how has Jennifer Tilly managed to sustain a film acting career for all these years based on that ridiculous squeaky voice and the very limited range of hammy facial expressions she employs? Secondly... what on earth were the people responsible for making this offensive and deeply repulsive film thinking of? And thirdly... given that there were people perverted enough to decide to make dreck like this, shouldn't there have been someone in the system - the studio, the distributors, or somewhere - sane enough to prevent it actually getting completed and released. You really would have to search a very, very long way to turn up another movie as profoundly nasty as this... and it isn't even billed as a horror movie - which, inasmuch as it can be seen as belonging to any legitimate film genre, it certainly is. The movie wallows from beginning to end in the sickest kind of madness, violence and abuse, and has essentially no redeeming features at all. I'm not actually advocating censorship (which I don't believe in)... but I really can't see how anybody could conceivably draw anything positive from watching a film like this.",negative
"This movie really deserves the MST3K treatment. A pseudo-ancient fantasy hack-n-slash tale featuring twin barbarian brothers with a collective IQ of hot water, character names that seem to have been derived from a Mad Libs book, and such classic lines as ""Hold her down and uncover her belly!"", The Barbarians crosses over into the ""so bad, it's good"" territory.",negative
"This movie really has no beginning or end. And it's really VERY unbelievable. Mary-K and Ashley are supposed to be interns working in a mailing room for an Italian fashion company. But, for some reason, they're put up in a 5-star hotel (conveniently located across the street from the Coliseum), and all of the other interns they work with are just as abnormally model-looking as they are. One thing that I found obvious in this movie is the way that one of the twins DOESN'T end up with the guy. I guess they tried to twist their usual plot a bit. Nice try.",negative
"This movie really, i mean REALLY, sucks. Its got plot holes so big, and 30 foot dragon can fit through them. Not to mention the dragon itself, which is inevitably the worst computer generated image ever to be put on the film real. I mean, when you see something like this, you gotta be thinking ""Wow, someone actually made this movie. Then released it. That takes guts"". Whoever they are, i'm sure they don't work in the film business anymore.<br /><br />When i hired this movie, it wasn't in on DVD, so i (reluctantly) took it out on video. The first thing to appear, was a Lord of the Rings trailer, for the Two Towers. This was a very clever move, putting this trailer on the video. It justifies me (reluctantly) giving the film 1 star, otherwise i would have given it zero stars. Maybe the producers though the star attraction of Dean Cain (I think thats how you spell it) would draw in the crowds (uh, to the video store that is).<br /><br />Next they employed split screen technique (like in Hulk) to (i assume) compensate for what an atrocity this piece of crap film is. On the box cover, we see a picture of our hero, and the dragon. Does the dragon look exactly like the one in Dragonheart, or is it just me? Either way, the dragon in the film looks like a reject from Gremlins 2, and has the CGI of a Nintendo video game villain from the early 90's (perhaps worse). Also, not the Dragons movement as it pursues its victims- its the same F##cking monotonous movement- right leg, left leg, right leg left leg- dom, dom, dom, dom DOM, DOM F#$king DOOOOOM! This just pisses me off. Maybe the filmmakers thought this was thrilling and would have the same effect of Jaws. Why not then have a Dragon POV shot. Either way, that was just funny, much like watching a Weebl toon.<br /><br />Dean Cain gives many puzzled looks during the film (maybe his coming to terms with the fact that this film could end his career). Don't expect Superman here. The first time i saw the trailer for this film, i thought it was an add for a PS2 game.<br /><br />As for the story, its so so bad, my 5 year old brother can come up with better ones when he's unconvincingly trying to lie about why he was messing around in my room while i wasn't there. Oh, and did i mention that I F@#KING HATE THE PEOPLE WHO MADE THIS INCREDIBLY STUPID STUPID CRAP ATROCIOUS FILM?!!!",negative
"This movie really is that bad, and I'm normally a sucker for bad movies, but this was too much. Seeing this is like OD'ing on pure SUCK. Now, you may think you've seen the bottom of the barrel. You may have waded through every title from Full Moon and Troma, all the movies of Edward D. Wood Jr, Uwe Boll, Albert Pyun and direct to DVD-flicks from faded men-of-action. You may even have seen Death Tunnel, Ghost Lake and a vast array of the movies that MST3K covered, but in their original form. But you do not know truly awful film-making until you have seen Darkhunters. And if you haven't, you shouldn't. Don't bother. Not only is this movie amazingly poorly written, directed, shot, edited, acted and splattered in crude, cheap aftereffects. First of all, it's a pretentious mess. But not good, Greenaway or Lynch-style pretentious or hilariously messy in an Ittenbach or early Waters sort of fashion. It's the kind of pretentiousness that comes when someone incredibly stupid thinks they've come up with something incredibly smart. Sort of like M. Night Shaymalan (sp?), only that man seems like a freakin' messiah when compared to this trainwreck (and this coming from a rampant Shaymalan hater). It's also boring. Not heavy going-type boring, which is okay, if the movie awards your patience. Darkhunters does no such thing. It's boring in a ""Oh my fu(king God, if I see another shot of a cat set to an obnoxious audio cue I am going to fu(king kill myself!""-kind of way.<br /><br />Btw. anyone who claims to like this film is a boldfaced liar and anyone who claims this film is complex or deep knows what their mother is like in bed.",negative
"This movie really left me thinking ... but not about the plot, the direction, the characters, an underlying message, or a clever script. Far from it. I was left wondering what in Sam Hill went wrong behind the scenes. Clearly, something was badly amiss from the beginning.<br /><br />I'm amazed at the positive comments for the movie and for Jodie Foster's performance. From the get-go it was clear that Foster had phoned this one in. One earlier comment even made a favorable mention of her facial expressions. I must have been watching a different movie since Ms Foster (usually a personal favorite) seemed to be totally disinterested.<br /><br />In one of his first scenes with Foster, Fred Ward looks as though he, also, is distracted by her lack of energy and he struggles to deliver his own lines with any enthusiasm. By the time he's called upon to take part in a supposedly desperate search for runaway Foster, Ward also seems to have become embarrassingly half-hearted about the project.<br /><br />In my opinion, Dennis Hopper has always been a uni-dimensional performer, so I wasn't expecting much from him ... and he delivered.<br /><br />Yes, this one left me thinking long after it ended. The fact that Joe Pesci and Charlie Sheen refused to have their names attached to the project suggests that this was a real stinker for everyone involved. But to then learn that the Director preferred to hide behind a pseudonym speaks volumes.<br /><br />But why listen to me? I always think Foster looks ridiculous in a dress, yet she's sensational in lacy underwear.",negative
"This movie really shows its age. The print I saw was terrible due to age, but it is possible that there are better prints out there. However, this was not the major problem with the movie. The problem was that although the film was made in 1933, it was essentially a silent film with only the barest of dialog scattered (only a few sentences) in the film in the most amateur fashion. Sometimes the characters' backs were turned or they were talking with their hands over their faces--all in a pathetic attempt to obscure their lips and ""cleaverly"" (?) hide the fact that the film was dubbed. Well, its true that this Czech film would need to be dubbed into many languages but to do it this way was really stupid and obvious. It just looked cheap.<br /><br />Overall, the film looked low budget and silly. It's really a shame though, because there was a grain of a good story--a young woman who marries an older man who is either gay and/or has no interest in women. But in the 21st century, few people would really be willing to sit through this archaic mess. EVEN with a few glimpses of the naked (and somewhat chunky) Hedy Lamarr, it isn't worth all the fuss that accompanied the film when it debuted. Even by 1933 standards, this film was a poorly made dud. About the only interesting thing about the film is to see how different Lamarr looked in 1933 compared with the glamorous image Hollywood created when she came to America--she looks like 2 completely different people.<br /><br />It's such an incomplete looking and technically inferior film, I don't see how it has gotten such rave reviews. For technical problems alone, the movie can't rate a 10 or anything near it.",negative